review,sentiment
"""Most of us at least inhabit two worlds , the real world where we are at the mercy of circumstances and the world within ,the unconscious ,a safe place where we can escape ..."" With those words ,Mr .Gone introduces inside the world of ""The Maxx"" a fascinating world where the fantasy and the reality are combined . Inspired in the comic books of Sam Kieth, ""The Maxx "" is very faithful to the material in what it was inspired , not only in the story but also in the graphic style ,that look like the pages of the comic ,giving this show a surreal and unique appearance . But also ,the story it's interesting and entertaining .At moments it could turn too weird ,but when you got inside it ,it's hard to get out of it . The story and the characters are wonderfully developed . The music goes perfectly with the style of the show and give it the proper atmosphere . Unfortunately , like many good animated shows ,this one was short -lived . ""The Maxx"" is a must see . It 's one of my all -time favorites .",positive
"At the time, ""My Left Foot"" was the little movie that could. It was hugely popular, and everyone applauded the fact that such a small, independent film could make it all the way to the Oscars.<br /><br />Since then, movies like ""My Left Foot"" are a dime a dozen, so it might be hard in retrospect to understand what all the fuss was about. It's certainly a well made and competent film, but it's clear that the bulk of its success rests on the shoulders of Daniel Day-Lewis, who immerses himself in the role of Cristy Brown, a man living with cerebral palsy. Day-Lewis pulls off the same bit of stunt acting that had won Dustin Hoffman an Oscar the year before for playing a man with autism in ""Rain Man,"" and the Academy followed suit by giving Day-Lewis the same honor.<br /><br />The only thing really separating this film from a big budget Hollywood production is just that -- its budget. In every other way it's just as formulaic as any standard product. That's not to say it isn't a good movie, but it's not a masterpiece.<br /><br />Grade: A-",positive
"Guy Richie's third proper film (not counting the God-awful ""Swept Away"" is a complex action thriller concerned with gambling, gangsters and chess. Fans of Richie's previous efforts will probably hate Revolver as much as I did, with its twists and turns. Richie stalwart Jason Statham plays Jake, a newly-released ex-con, out to wreak revenge on the ridiculously named Dorothy Macha (a superbly OTT Ray Liotta) but instead gets embroiled with a couple of other cons, (one of which is Andre 3000 from rap outfit Outkast) who throw him and us the audience, a number of red herrings throughout the film, all of which becomes extremely tedious. The high point of this mess of a movie is the bit in the restaurant, where the dialogue gets turned down in favour of a superbly shot, slow-mo shootout set to Beethoven's Moonlight Sonata. All in all, Revolver is a flawed work, not truly awful but far from Richie's best. That would still be Lock, Stock. If this film was a school homework assignment it would be graded 'must try harder!'",negative
"I am a chess player and I wanted to like this film. Trouble is, the content could have been fitted in a 30-minute documentary.<br /><br />There were lots of shots of corridors being walked down and Kasparov gazing out in the hall where he won the World Championship. There were other shots of Kasparov being walked round the site of the 1997 match and being told where he sat and where Deep Blue was located. This just looked like filler.<br /><br />Also, I didn't find it interesting to see in detail where Deep Blue was now and seeing an IBM techie trying, unsuccessfully to 'open' it. What would we have seen of interest inside anyway - a little grandmaster?<br /><br />Also, the recent match against Karpov. I no longer follow professional chess enough to know when and where this was. It would have been nice to have been told: was this a one-off 'just for the money'? Was it part of the world championship cycle? What was the final score? The nub of the film was the play in game two. Could/would IBM let Kasparov see 'inside' the machine? That's where the focus should have been.",negative
"I'm sure this is a show no one is that familiar of and might not think good of it; after all it is almost close to Baywatch Hawaii. With the cast, the location, style of the directing and its publicity  shows women walking around on the beach and all that. No wonder people have misconception and decide not to watch it.<br /><br />It was wrong of them to do that. Cause after I decide to watch the show, there are actually more thing going on, real juicy story and conflict, turn out to be really exciting to watch and pretty much  addictive.<br /><br />The story of the hotel clerks, the manager, the owner and their complicated love life. Also enter the troublesome hotel's visitor and powerful man trying to steal the hotel. It actually more exciting than it sounds here.<br /><br />I won't deny that the acting suck but it ain't that bad that you'll look away. The story is not so consistence but good enough. The soundtrack is fitting pretty well with the scenario and the action is all the time. I took me couple of episode before there is actually anything happen solidly so be patience.<br /><br />Recommendation: I Really Do Enjoy Watching This. Zillion Times Better Than Expected.<br /><br />Rating: 7.5/10 (Grade: B)<br /><br />Please Rate My Review After Reading It, Thanks.",positive
"There wasn't a 0 in the voting option so i was compelled to use the next available figure.<br /><br />It is a sad day for bollywood when such type of movies which have star-cast actors is nothing more are than a bunch of juvenile acting, and an awful script.<br /><br />This movie is nowhere near to be called a clone of Hitch. Salman khan with his usual take-off-you-shirt theme and Govinda with his in-humorous laughs. If somebody had told 2 decades ago that I would be writing a comment on Salman (after his success with Maine Pyar Kiya), I would have written him/her off.",negative
"Tyra Banks needs to teach these girls that it's not all about being beautiful on the outside. The inside counts for something too. A lot of the past winners have looked semi decent but are horribly cruel and starting trouble for the other girls. I see Tyra less involved with the girls in every season. About the only thing worth watching Top Model for is Mr. Jay Manuel. Recently, Tyra had a contestant who was a pre-op transsexual. I felt that she should have done more to encourage her. It was obvious that she had insecurities about her original anatomy showing through her feminine look. Tyra should have given her tips or perhaps she could have sent resident Trannie Ms. Jay to help the girl out. Instead, the contestant was met with harsh criticism and not enough positive criticism. It's a shame because I truly enjoyed the first 3 seasons. There's a reason why Project Runway has all 4 seasons out on DVD and Top Model only has 1 season on DVD. It's called taste. Top Model seriously needs a lot of revamping an some more humanity.",negative
"I sat through this on TV hoping because of the names in it that it would be worth the time...but dear Gussie, whoever thought this script was worth producing? The basic idea is excellent but the execution is appallingly bad, with a constantly illogical sequence of scenes, an ending that is almost laughably melodramatic and poor Rock Hudson wanders through this with an understandably confused look on his slightly sagging face. Looks like a bad B movie from the 40's...",negative
"The Shining, you know what's weird about this movie? This is the movie that everyone, for people who claim to not like horror films, will always say that The Shining is a terrific film. This is Stanley Kubrick's classic vision of Stephen King's horror tale of madness and blood. This is just an incredible film and wither you have seen it or not, you have heard of it, know a few lines from it, and know some of the classic images. Who could forget Jack's ""Here's Johnny!""? Who could forget ""All Work and No Play Make Jack a Dull Boy""? Who could forget that chilling ending? This is the film that is unforgettable and honestly in my opinion is Kubrick's best work. I know there is a lot of argument in that department, a lot of people say it's 2001: A Space Odyssey or Clockwork Orange or even Dr. Strangelove, but if those film pioneered film making, then The Shining perfected it. This is the tale of isolation, madness, terrifying images, and the ultimate ghost story that will crawl underneath your skin. <br /><br />Jack Torrance, Jack's son Danny, and Jack's wife, Wendy arrive at the Overlook Hotel on closing day. The elderly African-American chef, Dick Hallorann, surprises Danny by speaking to him telepathically and offering him some ice cream. He explains to Danny that he and his grandmother shared the gift; they called the communication ""shining."" Danny asks if there is anything to be afraid of in the hotel, particularly Room 237. Dick tells Danny that the hotel has a certain ""shine"" to it and many memories, not all of them good, and advises him to stay out of room 237 under all circumstances. Danny's curiosity about Room 237 finally gets the better of him when he sees the room has been opened. Danny shows up injured and visibly traumatized after Jack tells Wendy that he loves his family. Seeing this, Wendy thinks Jack has been abusing Danny. Jack wanders into the hotel's Gold Room where he meets a ghostly bartender named Lloyd. Danny starts calling out the word ""redrum"" frantically, and scribbling it on walls. He goes into a trance, and withdraws; he now says that he is Tony, his own ""imaginary friend."" Jack sabotages the hotel radio, cutting off communication from the outside world, but Hallorann has received Danny's telepathic cry for help and is on his way. Wendy discovers that Jack has been typing endless pages of manuscript repeating ""All work and no play makes Jack a dull boy"" formatted in various ways. Horrified, Jack threatens her and she knocks him unconscious with a baseball bat, locking him in a storage locker in the kitchen. Jack converses with Grady through the door of the locker, which then unlocks releasing him. Danny has written ""REDRUM"" in lipstick on the door of Wendy's bedroom. When she looks in the mirror, she sees that it is ""Murder"" spelled backwards. Jack picks up an axe and begins to chop through the door leading to his family's living quarters. ""Here's Johnny!"", and Jack's legendary image is born.<br /><br />The Shining is one of those films that you seriously have to make time to see, this is an incredible film and still gives me nightmares. Jack Nicholson's performance is timeless and unforgettable. But one I also feel is extremely overlooked is Shelley Duvall, her scene of finding Jack's rant All Work is incredible, that's a look of horror and you can see that fear in her face after realizing her husband is mad. Also another incredible scene is when Jack sees a ghost woman in the bathtub, it's honestly one of the most terrifying scenes in horror cinema. The reason this film is so well known is because it's a film of perfection, it's been on The Simpsons, it's been shown in other films and it's a film that will forever stay with you when you see it, trust me.<br /><br />10/10",positive
"It's a poor film, but I must give it to the lead actress in this one....Francine Forbes. She appeared to be acting the least and I personally thought she was kind of cute. Too bad she only appears in one other film in the database. Besides that, the film is filled with laughable gore and fakey death scenes. People get stabbed and they GUSH like 2 gallons of blood! But, if you like to watch poor horror films, I recommend this one highly.",negative
"The Monkees, surprisingly, are a big favorite of mine. Yes, they might have been the original manufactured rock band; a gimmick that certainly has reached overkill in the 21st century. However, their music holds up as some of the best the 1960's had to offer. Last Train To Clarksville, Daydream Believer, I'm A Believer, (I'm Not) Your Stepping Stone, Valleri and Pleasant Valley Sunday are great songs, written by good songwriters such as Boyce/Hart, Neil Diamond, Goffen/King and John Stewart. While they weren't great musicians or songwriters, they had a likable screen presence and plenty of appeal and some of their own stuff was actually decent. Their T.V. show is dated stuff in 2007 but I still watch the show on occasion as a time capsule to life in 1966-1968; that magical and dangerous time in U.S. history.<br /><br />However, as we all know, as a portent of things to come for the likes of Kelly Clarkson, The Monkees didn't want to be considered manufactured and just puppets for their recording company. Despite their average talents, they wanted to write their own songs, produce their own albums and call the shots when it came to tours. Sadly, this turned out to be a disaster; especially when Peter Tork's choice of Jimi Hendrix as an opening act was nixed due to his stealing of the show and heavy sexual suggestions in his music compared to The Monkees G-Rated content.<br /><br />However, the final nail in the coffin for the Monkees (until 1986) was the infamous motion picture Head. Head was written by Bob Rafelson and Jack Nicholson while they were allegedly high on the Mary-Jane. The film received poor reviews and only made $16,000 in the box office. Today, the film is a cult classic, ahead of its time and delivers a message of what was on the minds of the youth in 1968, the Summer Of Anger.<br /><br />Head really has no plot. Basically, one to four of The Monkees lurch from scene to scene without any rhyme or reason. They go from eating in a diner, to seeing Davy Jones getting bashed by Sonny Liston, to a Western, to being sucked into a vacuum, to performing at a concert and so forth. The film basically offers up oblique opinions of what was wrong with American society. The Monkees bash commercialism, the war in Vietnam, American policy, censorship, the Establishment and greed. You have to read between the lines to see what the targets of derision were.<br /><br />The Monkees spend a lot of time boxed up at certain junctions of the film, symbolizing how they felt their record company saw them; as nothing but toys for them to play with when it was time to record another hit album. A scene where they are outnumbered 16-4 in the Western scene could be a symbol of them against the session musicians, songwriters, record producers and whatnot who controlled their careers and the cannon they fire at them is their way of saying ""Begone!"".<br /><br />The film is truly a psychedelic trip to behold. The flashy tie-dye colors, the hypnotic concert and belly dancing scenes and the druggy imagery is everywhere. The acting is actually very good but that's being biased as I like The Monkees T.V. show. A small soundtrack features ""The Porpoise Song"" and three songs written by The Monkees themselves.<br /><br />The film actually has some hilarious scenes on occasion; although maybe they weren't supposed to be. Mickey Dolenz beating up a Coke Machine that didn't give him a soda or his violent punch-ups in the boxing scene (I mean, he was a wiry guy who probably weighed no more than 135) had me laughing it up.<br /><br />All in all, this movie is an absolute must-see for any Monkees fan. I think a lot of people will feel this movie is indeed ""over their Head"" but for those obsessed with the 60's and society at the time will find it a great time capsule.",positive
"First, before reading further, you must understand that I'm not neo-nazi, I'm just trying to understand correctly Hitler to be sure nobody like him take power again.<br /><br />I've seen this series and found it awful. I mean, OK, it's interesting to look, but is it real? I searched for answers and found one: absolutely not. First, Hitler wasn't angry all his life, the series shows an angry Hitler, even when he is a child. Second, Hitler never wanted to abuse his daughter, in fact, it is highly probable that Hitler, in reality, was gay and fought all his life to choke this secret. Third, people will hate me but it's true: Hitler was charming. How do you think he managed to get to power if he was so hateful and ugly? Because he was charming. That's a common point I found in the interviews of people who live near or far of him (of course, not Jews).<br /><br />This series was awful because if you think that Hitler was just an angry bastard, ugly, and of course, not charming at all, you're wrong. If you think that, you will let people like him take power in countries and you don't want that. If you really understand how Hitler managed to get into power, and stop thinking he was just awful, you'll be able to find dangerous politicians like him (of course, remember he was elected) and stop theme before it's too late.<br /><br />Life is important to protect, this series is just awful to show us the truth, if we continue to see Hitler like that, another one will take place exactly as the first did.",negative
"The first time I had the window of opportunity to see this all but forgotten classic was back in the early 1980's,at one of our art houses as a revival. As I watched this fever dream of an exercise in 1930's sexuality, I thought YOWZA! They got away with murder in Europe back in the day. Unfortunately, this film was heavily cut in it's original U.S. release by the blue nosed Hayes Office (the staunch government censorship board,started by the ""holier than thou"" Bible thumper, Will Hayes...a former Post Office official,if you can believe that),due to it's overall theme of human sexuality (Heaven's forbid humans actually had sex in the 1930's). The plot of Ecstasy concerns a young woman (played by Hedy Lamarr)who marries a much older man,and later regrets it. She (Lamarr)meets a handsome younger man & has an affair with him, resulting in a divorce from previous husband (another no no in Hollywood movies back then---Divorce!). Despite the fact that the film was produced in 1933, it was probably the director's first time working in the sound format (i.e. the film seems to possess techniques that were used mostly in silent films---i.e. 1920's expressionism's). It's still worth searching out for a window into early European talking pictures,along with Luis Bunuels L'Age Dor (1930),and Karl Gustav Dryer's 'Vampyre' (1931). Not rated,but contains that infamous nude swimming scene & some thinly veiled sexual references, which would fare little more than a PG-13 by today's standards (but would have easily landed the dreaded 'X',back in the 30's,if it existed then)",positive
"For a low budget project, the Film was a success. The story is interesting, and the actors were convincing. Eva Longoria, who now stars on the TV Show ""Dragnet,"" is sexier than ever. The locations were ideal for the ganster plot, and the director shows his talent by taking on many roles for his project. Of course this low budget film could use better editing transitions and more special effects for the gun scenes, but the music keeps this script moving. Although this film has it's share of problems, such as continuity, I must say that I would rent the director's next movie. If your a film student, you could learn a few things from the director's commentary.",positive
"""Caligula"" shares many of the same attributes as the 1970 ""Fellini Satyricon"" with bizarre sights, freakishness, and depictions of sexual excesses all set in the ""glory"" of ancient Rome. But Fellini it ain't... First of all it is not as entertaining. Far too much screen time is devoted to bug-eyed, rubber-faced McDowell in the titular role. His performance is far too fey and campy to be convincing. The portrayals by Jay Robinson in ""The Robe"" (1953) and David Cain-Haughton in ""Emperor Caligula"" (1983) are far more persuasive and believable, with the latter being the most nuanced. Relief could have been judiciously provided by developing the surrounding characters more fully. As it is, they are little more than cyphers. One example is the role of Macro, played by Guido Mannari who has tremendous screen presence in an important role, but is mostly left in the background. The only positive features to credit are the adroit use of some Prokofiev and Stravinsky themes in the music score and the inclusion of some of the distasteful but nevertheless accurate actions of the despot. These two factors are far less than what is needed to relieve the prevailing tedium, however.",negative
"Who were they kidding with this? There was just too much in this film that was hard to digest. Right from when Arjun (Ajay Devgan) unknowingly wishes death on his father to when he arrives in London with his uncle(played by Om Puri) only to abandon him minutes later. The only problem with that theory is that anybody who has ever passed through London Heathrow knows that such a fête would be impossible to pull off and especially not by an Indian. But the film problems do not end there, there's the issue of the two main leads (Salman Khan and Ajay Devgan) passing as rock-stars on the verge of achieving their dreams. I mean yeah we saw success come to Susan Boyle (a woman in the UK achieving her dreams after age 50) but that was a rare case. It was really hard for me to suspend my disbelief because I felt that the casting of Salman and Ajay was just ill-conceived. They would never cast Madhuri Dixit and Sridevi to play the same roles so why should we be forced to watch Ajay Devgan and Salman Khan (men well into their 40s) prance around desperately trying to hang on to their 20s? Let's not even talk about the most self-conscious actress on screen today, Asin. This is her second film (that I have seen) and she is just hopeless as an actress, so conscious of her looks that she only concerns herself with looking good and voguing for the camera rather than giving in a good acting performance. It's just hard to believe that she turned down all those other movie roles to star in this fluff and then be so fluffy as an actress, nothing to write home about at all. And to top all of that, the film just boringly dragged on. There's nothing special about it at all, trust me you will predict every clichéd thing that is going to happen in it.",negative
"Italy produced a lot of really great and original horror films in the 1960's - and this is certainly one of them! The first thing you will notice about Danse Macabre is the style of the film. Shot in beautiful black and white, and due to director Antonio Margheriti's use of lighting; the film almost looks like it could be a German expressionistic horror film. This, coupled with the horror-filled plot line ensures that Danse Macabre is a film that truly captures the essence of horror. Of course, the fact that the beautiful Barbara Steele appears in the film doesn't harm matters - and the good news continues as, in this film, she gets to flex her acting muscles more than she did in the films that made her famous. The plot is very aware of the time in which this was released, and so incorporates the great Edgar Allen Poe. We follow Alan Foster, a writer who accepts a bet from Poe himself and Lord Blackwood that he can't spend an entire night in the latter's creepy old castle. Everyone that has spent the night there previously has died...and our hero is about to meet the previous wager-takers! <br /><br />Nowadays, horror films don't tend to focus so much on each shot and the result is that there isn't much beauty left in the genre. It is refreshing, therefore, to see this film. Many of the shots here are incredibly beautiful - from the female side of the couple wearing just a see-through skirt, to my personal favourite - a shot of smoke creeping in from under a door. This my first Antonio Margheriti film, and even after seeing just this one; it's obvious that he was one of Italy's premier directors. Also interesting is the fact that screenplay was co-written by another of the Italian greats; Django creator Sergio Corbucci. The plot can meander a little too much at times, but there's always enough atmosphere on hand to make sure that the film never becomes boring - and the fact that it is always intriguing, even when the plot slows down, ensures the same thing. The way that Danse Macabre utilises the 'haunted house' theme is both well done and original, and helps to keep the story as eerie as possible. On the whole, fans of Italian and/or cult cinema will not want to miss this little gem!",positive
"I don't see why all the people are giving this film negative reviews?!?! I loved this movie! Bled is a form of abstract art, and if you don't appreciate art, I can see why you would not like this film. It was a great twist from the average, played out vampire movie. If you are looking for a fresh, new and ingenious new vampire movie, then this is for you. But if you want one of those turn into bats, wolves and melt in the sunlight movies, then go watch your old played out Dracula flicks. Sure, it is a bit on the low budget side, but they did a great job with the budget they had. I'm very happy that I found this movie, because I was about to give up on the vampire genre fro good. I thought this film was brilliant! I give 2 thumbs up to the writer, director and everyone involved in the film.",positive
"(Caution: several spoilers)<br /><br />Someday, somewhere, there's going to be a post-apocalyptic movie made that doesn't stink. Unfortunately, THE POSTMAN is not that movie, though I have to give it credit for trying.<br /><br />Kevin Costner plays somebody credited only as ""the Postman."" He's not actually a postman, just a wanderer with a mule in the wasteland of a western America devastated by some unspecified catastrophe. He trades with isolated villages by performing Shakespeare. Suddenly a pack of bandits called the Holnists, the self-declared warlords of the West, descend upon a village that Costner's visiting, and their evil leader Gen. Bethlehem (Will Patton) drafts Costner. After much misery and numerous efforts to break Costner's spirit, he escapes, thus ending a lengthy section of the movie that could have been told better in a three-minute flashback.<br /><br />We now finally get to the major premise: the escaped Costner finds an abandoned mail truck and delivers the letters to the nearest town, hoping to get some food under pretense of being a postman. A number of the village people led by young Ford (Larenz Tate) want to get in on this postman act, which does not sit well with Bethlehem and his bandits, and Costner finds himself the unwitting and unwilling leader of a band of postmen at war with the Holnists.<br /><br />The idea of The Postmen versus The Bad Guys is not as ridiculous as it sounds. The Holnists depend for their livelihood on the fact that the villages they prey on are isolated from one another; the Holnists can destroy any one village, but could not stand against all their victims united. To unite, the villages must communicate with one another, and a working mail system would thus be a big step toward putting the Holnists out of business. So it really makes a lot of sense that Bethlehem would get medieval on our heroic mail carriers. Unfortunately, Bethlehem's eventual defeat is not the result of the villages uniting against him, but instead your old standby cliche, the one-on-one brawl between him and Costner. Nor is there even any real attempt by the communities to use the mail to work together to solve their problems; all the mail seems to be the standard ""Hi, Aunt Debbie"" stuff played for maximum sentimental value.<br /><br />THE POSTMAN is one of the most predictable movies, shot for shot, that I have ever seen. Now, I don't purposely try to ruin movies for myself by straining to figure out what's going to happen next. But here we're talking about the kind of predictability that requires no effort; I just knew what was going to happen next whether or not I wanted to know. After a lion is prominently showcased eating people, a Holnist bandit seeking the escaped Costner ventures into the bushes after a noise, and we are then ""shocked"" when the lion eats him. A bunch of unoffending villagers are rounded up and shot by a firing squad, and one of the villagers sings out some Famous Last Words right before being shot, to my immense lack of surprise. A covered statue is unveiled to show exactly what everyone knew was going to be there: Costner bending to pick up a letter from a cutesy kid we saw earlier in the movie. A man tells Bethlehem that no sir, you can't just take my wife; Bethlehem runs the unsuspecting sod through, though he is the only person in the theater who is unsuspecting.<br /><br />But it is rank, cloying sentimentality that really undoes THE POSTMAN. Olivia Williams, playing Costner's lover Abby, is worst served. She pours her heart into the material and gives her very best effort to make it sound natural and sincere. She tries so hard, it's heart-breaking. But nobody could ever have made the lines ""I have a gift for you, Postman . . . You give out hope like it's candy in your pocket"" sound like anything but the syrupy pap that they are. Another example is the scene where a mounted Costner thunders past a little boy, ignoring his proffered letter, only to turn around, stare at him for what seems like five minutes, and then thunder back to pick up the letter. Why didn't Costner just pick it up the first time? No real reason; it's just an artifice that tries and fails to give us a feeling of elation by dashing the kid's hopes and then restoring them.<br /><br />Schmaltz and predictability unite at the end as the statue of the Postman is revealed. I sat thinking, ""Please don't tell me they're going to show the statue and then cut back to the scene with the cutesy kid. Surely that is too saccharine, too obvious for even this movie."" Then, alas, the music swelled and we did indeed cut back to the dreaded little boy smiling as his letter to his maiden aunt is whisked away, and I held my head in my hands and thought, ""Somebody shoot me."" It felt like having thirty pounds of apple pie rammed down my throat.<br /><br />Gen. Bethlehem is a more humanized villain than normal. Your standard-issue post-apocalyptic villain is the meanest, toughest S.O.B. in the valley. Bethlehem is shown to be a little nothing of a man inside, who tries to make himself feel important by beating up on others. Although some menace is thereby sacrificed, Bethlehem is credible in a way most villains aren't. Unfortunately, Will Patton overacts. And although we are told early on that Bethlehem utterly destroyed his last challenger in five seconds of hand-to-hand combat, Bethlehem's actual fighting skills shown at the end of the movie are absolutely ludicrous.<br /><br />The acting is otherwise pretty good. Costner has done better, but his Razzie was an overreaction. As mentioned, Olivia Williams is very impressive. Larenz Tate as Ford does a sincere and credible job. James Newton Howard's score is competent, though short of the epic standards the movie was going for. But it's not enough to save this film.<br /><br />Rating: *1/2 out of ****.",negative
"I rarely make these comments but I felt compelled to spare others the pain I endured in watching this movie. It's so stupid and implausible both in the overall story and in the details that you simply can't suspend disbelief. The problem starts early, when you see a government researcher tooling around in a new Porsche and dining with his team in a restaraunt that looks like a castle, overlooking the Capitol Building in Washington, D.C. That kind of life on a government salary? Hah! It only gets worse. Toward the end, when the bad guy starts killing off the good guys, the latter group act so stupidly that you want them to die, in order to cleanse the gene pool. The special effects are pretty good - any producer's money can buy that - and the lead actors have been great in other films, but the screenplay and direction here are moronic. Many people have wondered whether there was some deliberate intelligence behind Paul Verhoeven's previous, facially stupid movies (Showgirls, Starship Troopers), but this movie should stop the wondering. He's just plain bad.",negative
"Moonwalker is probably not the film to watch if you're not a Michael Jackson fan. I'm a big fan and enjoyed the majority of the film, the ending wasn't fantastic but the first 50 or so minutes were - if you're a fan.<br /><br />I personally believe the first 50 minutes are re-watchable many times over. The dancing in each video is breathtaking, the music fantastic to listen to and the dialogue entertaining.<br /><br />It includes many of his finest videos from Bad and snippets from his earlier videos. It also includes some live concert footage.<br /><br />If you're a big fan of Michael Jackson this is a must, if you're not a fan/don't like Michael Jackson, steer well clear.<br /><br />9/10",positive
"Co-directed by and starring Rutger Hauer, this film short was based on a short story by Dutch writer Harry Murlisch.<br /><br />In the 10 minutes of the film's length you will get to see a life-time as 'Harry' unravels his long-time fascination with a room he passes constantly in his youth. Returning to the city many years later he finds he has rented the same room.<br /><br />Using black and white film the textures are accentuated in this delicate telling of a tale. The voice of 'Harry' drawing you into his world.<br /><br />A subtle, tight performance from Rutger Hauer and 2 non-speaking characters. Wonderful soundtrack by Dutch musician Dyzack.<br /><br />At the moment difficult to see this movie as it is only available on DVD region 2 ""L'infidele"" (Liv Ullman) as a bonus track. But is due to be on the re-released DVD of ""The Hitcher"" - another tight, but very different performance from Hauer!<br /><br />See this film if you can!",positive
The old man mouse in this cartoon would have you believe that all men are created equally EVIL............so if we have to kill men in order to stop Hitler..........we are just as bad as Hitler was killing the Jews........ Well.....I don't buy it Mr. Mouse............but I guess it paints a pretty picture and makes a cute cartoon.......but it wasn't the reality then and it ain't reality now.,negative
"I just got done watching The Edge of Love (by the way, this is one of the worst titles so far this year) and it felt like a chore. Watching Keira Knightly's unlikable, skeleton-looking character made me cringe even more throughout the coarse of the film.<br /><br />It took me four nights to watch this it was so boring. The only good thing about it was Cillian Murphy. He's always good/believable and is severely under looked in many films. This, however, was just not good enough for him.<br /><br />Apart from the unlikable characters, boring storyline, the plot was also emotionally unsatisfying. I felt like I spent my time watching this for nothing (which I did). I should have done the smart thing and turned it off, but I kept it on out of respect for Cillian Murphy and the great cinematography.",negative
"From what I've read a lot of people were disappointed by this film, compared to Part 1. Initially I could understand this but after a bit of thought I think they are wrong to be. Soderbergh continues his fact based telling of Che's life that he started in Part 1. Part 1 told a story of a revolution moving from unpromising beginnings to an ultimately successful conclusion. Part 2 tells a story of a revolution that moves from unpromising beginnings to a completely unsuccessful conclusion. It is not Soderbergh's fault that these 2 parts of Che's life had completely different outcomes. He bravely chooses to tell both in a fairly straightforward way. The viewer may feel a lot better coming out of the cinema after Part 1 than Part 2 but that is the reality of Che's life and not in my opinion any fault of the director. The film is far from perfect. It is probably too long. At least in Part 1 we saw different aspects of the war as the guerrillas had successes. In Part 2 they can't catch a break and we see their numbers constantly being reduced by death and capture. Che's capture and death are dealt with well. The film is greatly enhanced by the dialogue being in Spanish. Benicio Del Toro is again excellent as the charismatic Argentinian. So if you've seen Part 1 you will see a very similar telling of a very different story in Part 2.",positive
"No more corned beef and cabbage for her!<br /><br />This little romantic comedy clips along from scene to scene with a few exotic twists (some imaginary scenes and a costume party). All of this is centered around the wife of the husband(s) who is looking to break out of the doldrums, played by Gloria Swanson (she is twenty here!). Both the leading men have a natural air that is convincing and of course Swanson is perfect in all kinds of moods, from frivolous to worried to hopeful. <br /><br />Behind all the games and apparent lightheartedness is that old serious problem of staying in love and not straying in love. There's a little corniness, but director DeMille is on top of keeping it snappy and believable in all. As with many films from this period, the subtitles do not just tell what they are saying (or thinking) but often give a kind of philosophical insight, as if to justify the tragedy (or raciness). And there is that higher purpose here, probably better without the instructional text, but it's part of the narrative style, and it's kind of quaint. <br /><br />If you are looking for visual or formal amazement, you won't find it here. But as a story, well acted, and filmed with precision and economy, it's really a great example. The events might not come as a total surprise, but it's such a modern love story, set almost a hundred years ago, it's a gas. And did I saw Swanson was perfect?",positive
"Yes, it might be not historically accurate(actually only 6 soldiers of 9th rota were killed there), and yes, it has some mistakes and exaggeration(bended machine gun? come on! or the that ""history lesson"" about how Afghanistan was never conquered by anyone - educated Russian officer would know history much better than that - take for example British campaign in Afghanistan). And yes, it does not have multi-million dollars Hollywood-style special effects, but it's strongest point in showing soldier's life there, their relationships and their feelings when the best friends are being killed in front of their eyes. In my opinion 9ya rota really does a good job showing all those things.<br /><br />Again, movie has it weaknesses, but, in my opinion, it appears to be one of the strongest Russian movie for the past few years.<br /><br />8/10",negative
"We're a long way from LAURA. Once again Otto Preminger directs, Dana Andrews stars as a police detective named Mark, and Gene Tierney is the beautiful woman who haunts him, but nothing else about WHERE THE SIDEWALK ENDS resembles everyone's favorite sophisticated murder mystery. Instead of deliciously quotable dialogue we get gritty, harrowing realism. While the earlier film took place in the ritzy upper echelons of New York society, here we're in the low-rent district of dark streets, hoodlums, cheap restaurants and crummy flats. Tierney, gorgeous as ever, now works as a department-store mannequin and lives in Washington Heights (the neighborhood of the ""doll"" who once got a fox fur out of LAURA's Mark McPherson). This time Andrews is Mark Dixon, an older, sadder, more troubled version of the cool cop in a trench coat. <br /><br />WHERE THE SIDEWALK ENDS belongs to a sub-genre of noir, movies about police brutality focusing on cops who can't control their violent impulses. Like Kirk Douglas's character in DETECTIVE STORY, Dixon owes his seething contempt for crooks to his father's criminal past. Where Douglas is self-righteous and blind to his own faults, Andrews is burdened by repressed guilt and self-loathing. He accidentally kills a suspect and covers up his actions with an attempt to throw suspicion on a slimy gangster (Gary Merrill) whom he has been vainly pursuing for years. Instead, a kindly cab driver is suspected because he's the father of the dead man's estranged and mistreated wife Morgan (Gene Tierney). Dixon, falling in love with the wife of the man he killed, tries desperately to save her father without giving himself away. <br /><br />Among noir protagonists, Dana Andrews had this distinction: he was incapable of appearing unintelligent. Even when playing an average Joe, as he usually did, he always comes across as unusually sensitive and perceptive; more than that, his air of being too thoughtful for his own comfort gives him that haunted--and haunting--quality that was his essence as an actor. He played ordinary guys, cops and soldiers, but always with a tragic undercurrent of seeing and knowing too much. His conscientious heroes are marked by exhaustion, guilt, the inability ever to ""lighten up."" No other actor could have expressed so well the bottled-up anger, the slow-burning pain, the agonized intelligence of Mark Dixon. He also has a muted tenderness, a muffled warmth and even wry humor that make him heartbreaking. This comes out when he takes Morgan to a restaurant where he's a regular, and for the first time we see this cold, brutal man trading mock insults with the waitress, whose sarcasm can't hide her affection and concern for him. When Dixon asks his partner for money to get a lawyer for Morgan's father, he supplies it even though they recently argued and Dixon threw a punch at him. There are no words about loyalty or knowing he's a good guy deep down, but we see it all in the man's anguished silence and his wife's resignation as she hands over some jewelry to pawn. Dixon's goodness comes across through other people's reactions to him as much as through Andrews's deeply moving performance. <br /><br />Though Dana Andrews was a minor star, he may be the quintessential forties man. He goes through some movies hardly ever taking off his overcoat; with that boxy, mid-century silhouette, further fortified by the fedora, the glass of bourbon, the cigarette he doesn't take out of his mouth when he talks, he looks imprisoned in the masculine ideal of toughness and impassivity. While many noirs romanticize the two-fisted tough guy, WHERE THE SIDEWALK ENDS offers an unflinching portrait of the reality behind the façade, a gripping and melancholy exploration of the roots and consequences of violence.<br /><br />Andrews was sadly underrated in his own time (he was the only one of the three protagonists in THE BEST YEARS OF OUR LIVES not nominated for an Academy Award, though his low-key performance is far more compelling than Frederic March's hammy, Oscar-winning drunk). Fortunately, Andrews appeared in some films that ensured his immortality, and now at last this little-known film, which contains his best performance, can be seen as part of the marvelous Fox Film Noir set. This series, including a number of never before released titles (such as NIGHTMARE ALLEY and THIEVES' HIGHWAY), suggests that Twentieth-Century-Fox may have had the finest record of all the major studios when it came to film noir.",positive
"I have this movie on a collection of inexpensive B-movies. It's not restored, in fact, the audio was difficult to discern for the first few minutes.<br /><br />At first, it seemed like a typical haunted house film, and feels very much like the forerunner of Clue, Murder by Death, House on Haunted Hill, etc.<br /><br />About a half hour into the film, the storyline takes a really interesting twist--and it goes from being a cliché melodrama to something entirely different, and far more entertaining than I had initially thought.<br /><br />Check it out, it's a great deal of fun, even if the long clips and wider shots (and near lack of music score) make it feel a bit creaky by today's standards.",positive
"With all this stuff going down at the moment with MJ i've started listening to his music, watching the odd documentary here and there, watched The Wiz and watched Moonwalker again. Maybe i just want to get a certain insight into this guy who i thought was really cool in the eighties just to maybe make up my mind whether he is guilty or innocent. Moonwalker is part biography, part feature film which i remember going to see at the cinema when it was originally released. Some of it has subtle messages about MJ's feeling towards the press and also the obvious message of drugs are bad m'kay.<br /><br />Visually impressive but of course this is all about Michael Jackson so unless you remotely like MJ in anyway then you are going to hate this and find it boring. Some may call MJ an egotist for consenting to the making of this movie BUT MJ and most of his fans would say that he made it for the fans which if true is really nice of him.<br /><br />The actual feature film bit when it finally starts is only on for 20 minutes or so excluding the Smooth Criminal sequence and Joe Pesci is convincing as a psychopathic all powerful drug lord. Why he wants MJ dead so bad is beyond me. Because MJ overheard his plans? Nah, Joe Pesci's character ranted that he wanted people to know it is he who is supplying drugs etc so i dunno, maybe he just hates MJ's music.<br /><br />Lots of cool things in this like MJ turning into a car and a robot and the whole Speed Demon sequence. Also, the director must have had the patience of a saint when it came to filming the kiddy Bad sequence as usually directors hate working with one kid let alone a whole bunch of them performing a complex dance scene.<br /><br />Bottom line, this movie is for people who like MJ on one level or another (which i think is most people). If not, then stay away. It does try and give off a wholesome message and ironically MJ's bestest buddy in this movie is a girl! Michael Jackson is truly one of the most talented people ever to grace this planet but is he guilty? Well, with all the attention i've gave this subject....hmmm well i don't know because people can be different behind closed doors, i know this for a fact. He is either an extremely nice but stupid guy or one of the most sickest liars. I hope he is not the latter.",positive
"When Jean seduces the young gardener for the sole purpose of annoying her husband little does she realise the explosive drama that is to follow.<br /><br />The short scenario does not waste a word or a frame in this brief interlude in the day of a dysfunctional family. The lives of the father, mother and son are all linked in some way with the gardener. It's this fact that makes the script so intriguing.<br /><br />For such a short film the production is every bit as professional as any major work and the casting is ideal.<br /><br />A wonderful little film that can guarantee a few laughs from beginning to end.",positive
"***Might not consider this having a spoiler, but I'd rather be cautious than careless*** I never saw this movie when I was little. I fell in love with it the first time I saw it with my three year old daughter. I can watch it over and over again.<br /><br />For the little acting Ilene Woods did in her lifetime, she was a wonderful voice for Cinderella; very appealing; very believable. The music really fit the movie perfectly. The acting was great; loved the mice!! You really ""hated"" Lady Tremain and the step-sisters; they were just awful. The cartoonists depicted the spoiled behavior very well.<br /><br />This is a wonderful movie, especially if you are into love stories. My daughter has seen the movie about 25 times and still gets excited at the end.",positive
"When I was a kid, I remember watching this while visiting a friend of our ""Uncle"" Phil. We're Back! A Dinosaur's Story is a silly cartoon about a dinosaur called Rex (voiced by the wonderful John Goodman). He tells a little boy dinosaur the story about how the dinosaurs came back to Earth to live. He explains that he was part of the thing that brought them back, along with some friends. The Doctor/Professor villain of this film I think might have been responsible for them being them back, but I don't care about him. The kids might like this, but personally it is just too cheesy. John Goodman was probably the only decent thing. Poor!",negative
"This movie is full of pseudo deep thoughtfulness and it's cloying in its writerly-ness, that includes a canned ham voice-over and some unbelievable dialogue. Dialogue that is tinny and tone deaf the way Spike sometimes (not always) is when writing ""certain"" characters. For those that like nonsense films like Pieces of April and One Hour Photo, this is another one for you.<br /><br />That said, this comment is nothing against Ryan Gosling who has shown his awesome chops in The Believer. A film that proves that movies are a director's medium, and when a movie is rotten it's fair to say the fault lies there and not in the actors.",negative
"Some teen agers go to an old deserted farm house left to one of them by their dead grandfather, unaware that there had been several murders there decades earlier because their grandfather had made a pact with the devil for a good harvest- couldn't the guy have thought of something better to sell his soul for? The man's grandson and his friends are set up to be the next sacrifice, for reasons which are never explained. The stereotypical teenage son and his girlfriend, the black guy with a white girlfriend, and the two lesbians have to do battle with three killer scarecrows- but, don't be tricked like I was, this isn't nearly as fun as it sounds. It's mostly just a lot of chit chat about ball kicking, dope smoking, and the lead actor complaining about never knowing his parents. The camera work is atrocious and shaky, maybe done on a hand held camcorder in some scenes, which maybe a good thing since the scarecrows look like they just came from some kid's birthday party, and apparently they could only hire two people to play the three scarecrows! Some of the best movies I've seen have been these low budget, independent horror movies, but this one is just pathetic. The cast and crew seems to have just been made up of a bunch of people who knew each other, had never acted before and had no intention of acting again, and had a few thousand dollars (I can't believe this movie cost $130.000 to make) and a weekend of free time on their hands- even the lesbian skinny dipping scene is lame.<br /><br />I think it's amusing also, that as of this writing, there is a sequel to this film which no one has even bothered adding to IMDb.<br /><br />* out of ****, and I only rate it that highly only because of the skinny dipping scene, no matter how lame it may be.",negative
"This happens to be one of my favorite horror films. It's a rich, classy production boasting an excellent cast of ensemble actors, beautiful on-location cinematography, a haunting musical score, an intelligent and novel plot theme, and an atmosphere of dread and menace. It's reminiscent of such classic films as ROSEMARY'S BABY and THE SHINING, wherein young, vulnerable women find themselves victimized by supernatural forces in old, creepy buildings with a macabre past. Here, CRISTINA RAINES plays a top New York City fashion model named Alison Parker. Her happy, outgoing exterior masks a deeply conflicted and troubled soul. This is evidenced by the revelation that in her past, she attempted suicide twice- once as a teenage girl after walking in on her degenerate father cavorting in bed with two women and having him rip a silver crucifix from her neck and toss it on the floor, and the second time, after her married lawyer-boyfriend's wife supposedly committed suicide over learning of their affair. Telling her beau(played by a suitably slimy CHRIS SARANDON) that she needs to live on her own for a year or so, she answers a newspaper ad for a fully-furnished, spacious one-bedroom apartment in an old Brooklyn Heights brownstone. This building actually exists and is located at 10 Montague Terrace right by the Brooklyn Heights Promenade off Remsen Street. The producers actually filmed inside the building and its apartments, paying the residents for their inconvenience, of course. The real estate agent, a Miss Logan(AVA GARDNER), seems to be very interested in having Alison take the apartment- an interest that cannot be solely explained by the 6% commission she would earn. Especially when she quickly drops the rental price from $500.00 a month to $400.00. Alison agrees and upon leaving the building with Miss Logan, notices an elderly man sitting and apparently staring at her from the top-floor window. Miss Logan identifies the man to her as Father Halliran and tells Alison that he's blind. Alison's response is very logical- ""Blind? Then what does he look at?"" After moving in, Alison meets some of the other residents in the building, including a lesbian couple played by SYLVIA MILES and BEVERLY D'ANGELO, who provide Alison with an uncomfortable welcome to the building. Alison's mental health and physical well-being soon start to deteriorate and she is plagued by splitting headaches and fainting spells. When she relays her concerns to Miss Logan about her sleep being disturbed on a nightly basis by clanging metal and loud footsteps coming from the apartment directly over her, she is dumbstruck to learn that apart from the blind priest and now herself, no one has lived in that building for the last three years. Summoning the courage one night to confront her nocturnal tormentor, she arms herself with a butcher knife and a flashlight and enters the apartment upstairs. She is confronted by the cancer-riddled specter of her dead father and uses the knife on him in self-defense when he comes after her. The police investigate and find no sign of violence in that apartment- no corpse, no blood, nothing. Yet Alison fled the building and collapsed in the street, covered in blood- her own, as it turns out. But there's nary a mark on her. What Alison doesn't realize until the film's denouement is that her being in that brownstone has a purpose. She was put there for a reason- a reason whose origin dates back to the Biblical story of the Garden of Eden and of the angel Uriel who was posted at its entrance to guard it from the Devil. She is being unknowingly primed and prepped by the Catholic Church to assume a most important role- one that will guarantee that her soul, which is damned for her two suicide attempts, can be saved. At the same time, the ""invisible"" neighbors, who turn out to be more than just quirky oddballs, have a different agenda in mind for her. This is a competent and intelligently done film and one that surprisingly portrays the Church and its representatives in a mostly sympathetic light.",positive
"This is the best Emma in existence in my opinion. Having seen the other version (1996) which is also good, and read the book, I think I can safely say with confidence that this is the true interpretation and is the most faithful to Jane Austen's masterpiece. The 1996 movie with G. Paltrow is good too, it's just that it's almost like a different story altogether. It's very light and fluffy, you don't see the darker edges of the characters and if you just want a pleasant movie, that one would do fine but the intricacies of some of the plot points, such as the Churchill/Fairfax entanglement is so much glossed over as to be virtually non-existent. But if you want the characters fleshed out a bit, more real and multidimensional, the 1996 TV version is the superior. Emma is a remarkable person, but she is flawed. Kate Beckinsale is masterful at showing the little quirks of the character. You see her look casually disgusted at some of the more simple conversation of Harriet Smith, yet she shows no remorse for having ruined Harriet's proposal until that action has the effect of ruining her own marital happiness at the ending. You see her narcissism and it mirrors Frank Churchill's in that they would do harm to others to achieve their own aims. For Emma, it was playing matchmaker and having a new friend to while away the time with after having suffered the loss of her governess to marriage. For Frank Churchill, it is securing the promise of the woman he loves while treating her and others abominably to keep the secret. In the book, she realizes all of this in a crushing awakening to all the blunders she has made. Both Kate Beckinsale and Gyneth Paltrow are convincing in their remorse but Paltrow's is more childlike and stagnant while Beckinsale's awakening is rather real and serious and you see the transition from child-like, selfish behavior to kind and thoughtful adult. Both versions are very good but I prefer this one.",positive
"OK, Chuck Norris has shown up in many an entertaining movie over the years. This is not one of them. I won't even bother trying to get into the plot about a Bible shipment gone wrong. The ""acting"" of the main characters is so wood like, Pinocchio would have done a better job! The synthesizer based soundtrack is even worse than the one in Deathstalker. Whereas traditionally low budget spooky movies are often trying to catch their audience by adding plenty of graphic violence, this one is trying to catch an audience by throwing religious mambo jumbo at the spectator. The plot boils down to different versions of the Bible.",negative
"I got subjected to this pile one Wednesday afternoon when my mother-in-law was watching it. I can't get over someone basically doing a remake of a crappy high budget Hollywood flop (""the CORE"" with washed up actors like Luke Perry). If the HIGH budget one flopped, what makes people think doing the SAME movie 2 years later with NO budget would go anywhere? I was laughing through most of the movie because of how insanely similar it was (in fact I am shocked it's not held up in Legal rather than airing on TV), and how it was basically the script of the CORE just redone badly, which if you have seen ""the Core"", you know why doing it worse is funny, since the CORE was ALREADY so bad it was funny.<br /><br />If you enjoy getting a laugh out of REALLY bad movies, this one will be right up your alley. The only thing I can say, is that I wish Luke Perry was able to have a career, because he isn't a horrible actor.. he just lands horrible roles. Crappy made for TV movies that will only run on daytime television is pretty much one step closer to the end for him, if it wasn't for 90210 he would have a career.",negative
"Although there are some snippets in this 4-part documentary hinting at the necessity for recreational drug law reform, these are not very well-developed, in contrast to the many snippets from those who feel that the drugs that happen to currently be illegal are a scourge for which the only imaginable solution is incarceration of even those who are guilty even of mere possession of such drugs.<br /><br />Although this program, as a whole, leaves the viewer with the impression that the drug war is largely a futile exercise and a waste of money, and for that it deserves some praise, almost nothing in this documentary addresses the very real problems that total war against those who merely possess illegal drugs obviously causes and contributes to--very real problems that most drug warriors themselves would tell you, if asked, they think the drug war is designed to solve. For example, while many minutes are spent on the surge in violence associated with the rising popularity of crack cocaine in the 80's, at no point does this program even hint that the very laws designed to suppress crack cocaine make it impossible for drug sellers to enforce their contracts and business arrangements in courts of law, forcing them to resort to violence to stay in business. But instead of seeing the laws as an important cause of the violence, the drugs themselves seem to take the brunt of the blame. Inexplicably, alcohol prohibition, the violence that ensued, and the subsequent reversal of prohibition, is totally ignored by this program.<br /><br />This program will help to perpetuate ridiculous stereotypes of drug users, and it is these that are the primary force in driving the very expensive and very problematic drug war. The possibility of incorporating drugs other than alcohol into a happy and successful life is not really touched on. Use of any drug in excess is probably going to cause personal problems, but not all users do their drugs in excess, just like not all alcohol users are alcoholics.<br /><br />If you want a point of view from someone who believes that adults have a moral right not to be incarcerated and have their lives ruined by the criminal justice system just for using drugs that the government, for mostly very arbitrary political reasons rather than reasons based on sound social policy and legitimate science, has decided to totally prohibit, whose users it has decided to not-so-metaphorically wage war against, just forget about it. None of that is in here.<br /><br />On the other hand, this is hardly in the category of anti-drug propaganda. It is mostly an interesting neutrally-presented history of drugs in 20th century United States like marijuana, LSD, heroin, cocaine, MDMA, and Oxycontin. But there is a significant element of various people's points of view with regard to drug laws, and most (but not all) of that is not very thoughtful or well-informed and slanted in favor of the drug warrior mentality, especially with respect to drugs other than marijuana. <br /><br />The criminal justice system, along with its often harsh life-ruining penalties, is obviously not the only answer or the most appropriate answer to every single social problem, but unfortunately there's an epidemic in this nation of an as-yet unnamed disease whose primary symptoms are a lack of imagination with respect to social policy when it comes to certain drugs, a lack of compassion for fellow humans, a prejudice against people who use the drugs that are not governmentally-approved, perhaps a vested interest in the growth of the prison/policing industry, and a horrid apathy with regard to human dignity. It's morally wrong to kidnap or incarcerate people unless you have a very damn good reason for doing so, and the mere possession of an arbitrarily selected group of drugs is clearly not such a reason. This is really the primary issue when it comes to drugs, yet this program ignores it.<br /><br />So, in sum, the parts of this program that neutrally present history without feeding stereotypes of drug users that are at the heart of the drug war mentality are pretty good and interesting and entertaining. But when it comes to presenting a rational non-radical point of view with regard to drug policy, and giving the viewer examples not only of people with drug problems but also the many people who successfully incorporate drugs into happy and successful lives, it's pretty disappointing.",negative
"I normally do not take the time to make comments that few people will read, about movies few will see. However, in this case, I feel I must warn all those who might consider wasting time on it. I just finished watching it only five minutes ago. This is, quite simply, one of the worst movies that I have ever seen in my life. The acting is horrible, a plot is nonexistent, and production values are poverty level at best. I know that even a low budget movie can be great, but not this one. There is only thing that could have saved this movie for any horror fan's purposes--more on-screen gore and slashing! The grand total of three times that this occurs is off-screen. While it is effective and reasonably disturbing when it happens--especially the end scene--there is simply not enough of it. The movie is just too long for it's minimal content, too dialogue heavy, and consequently almost impossible to watch. What happens? To put it all in a nutshell with room to spare, three teenage girls irresponsibly and knowingly go out driving through an isolated area where over 20 girls have previously been abducted and murdered. Their car, of course, breaks down, and they are taken to an old boring house inhabited by three crazy people--one of whom is the psychotic killer. All three are eventually murdered, one by one, off-screen, after what seems like an eternity of boring, slow-paced nonsense. As I said, the only things worth watching even once are the murders. Please don't buy it or rent it just for that, and don't be fooled like I was by the misleading box art and movie description. Save your money and your time.",negative
"An Insomniac's Nightmare is the story of a man's plunge into insanity. Having chronic Insomnia, Jack is plagued by hallucinations; causing him to try and determine what is real and what isn't.<br /><br />We find out interesting things about Jack near the end, and think that by the time the movie is over we will have a ""happily ever after"" Hollywood ending. Wrong. This is New York City, the place where nobody sleeps.<br /><br />Tess Nanavati (Writer and Director) has herself a good film in 'An Insomniac's Nightmare'. A talented filmmaker and writer (she made this film right after her High School Graduation), she has real potential and will be one to watch in the upcoming future.<br /><br />As I watched this short film I was constantly uncomfortable; between the music, bleak scenery, and realistic portrayal of an insomniac by Dominic Monaghan (as Jack), I desperately wanted to turn this off at times just to escape from it.",positive
"Once I watched The Tenant and interpreted it as a horror movie. It uses many of the tropes of the genre: the sinister apartment, suspicious neighbors, apparitions, mysteries, hallucinations. The life of the hero, Trelkovsky, seemed surrounded by evil, secret forces trying to drive him mad.<br /><br />Last time I watched it I challenged this initial interpretation. If this movie is a horror movie, it's only horror in the sense that a Kafka novel is horror. In fact this movie can be understood on a literal level as a lonely man slowly becoming crazy without any external influence.<br /><br />Polanski made in his career three movies dealing with madness: Repulsion, which I don't particularly like because the development of madness in the heroine never convinced me; Rosemary's Baby, in which the heroine is driven mad by evil forces; and The Tenant, which might be the best study of paranoia ever made in cinema.<br /><br />Trelkovsky is a young man who rents an apartment in which a woman killed herself. He becomes obsessed with her and slowly starts becoming her: he wears her clothes, puts on makeup, talks like her. But is he being possessed by a spirit, or is he just letting his wild imagination get the best of him? It's this hesitation between what is real and imaginary, and which Polanski never resolves, that makes this such a fascinating movie. Many events in the movie can be attributed to the supernatural as easily as they can be to normal causes, and it's up to the viewer to decide what to believe in.<br /><br />Although this is not my favorite Polanski movie, it is nevertheless a good example of his ability to create suspense and portray madness in very convincing terms. And technically speaking, it's a marvel too. Suffice to say he collaborates with film composer Philippe Sarde and legendary director of photography Sven Nykvist (Bergman's DP) in the making of this movie. A slow pacing and sometimes uninteresting segments may make this movie difficult to enjoy, but it's an experience nevertheless.",positive
"this is film is probably one of the best i've seen so far. i would put it only second to All About Lily Chou-chou because it kind of gives me the same vibes....'9 souls' is about 9 prisoners who have just escaped prison to go and find some counterfeit money stored in a time capsule at Mount Fuji Primary School. they later find out that there wasn't much there and set off on their own ways. the first half of the movie is just a time for the characters to be introduced and for the main points to be stated. it is a comedic yet serious part of the journey. the second half, moved me to tears. as the movie progresses, each character goes and tries to fulfill their dreams, but unfortunately ending somewhat badly. in the end only 2 of the 9 escapees are left. the way that each character left the scene was very sad and you will probably feel tears in your eyes. a beautiful film directed fantastically. this is a movie for people who have enjoyed Toshiaki Toyoda's other films such as 'Blue Spring'.",positive
"Where to start? Some guy has some Indian pot that he's cleaning, and suddenly Skeletor attacks. He hits a woman in the neck with an axe, she falls down, but then gets up and is apparently uninjured. She runs into the woods, and it turns out there's the basement of a shopping center out there in the woods. She meets a utility worker and Skeletor attacks again. Luckily, like any good utility worker, he's got a gun and shoots at the guy. Doesn't work, everything starts on fire.<br /><br />Cut to some people walking through the woods. Even though they've been hiking together for some time, they sit down and introduce themselves to each other. Wouldn't they have probably done that when they first met? Anyhow, they're ""undercover"" Delta team members (undercover, I suppose, because that way they don't have to pay to dress them in uniforms). The cute girls are various things such as a sniper school instructor and, oh, I can't remember the rest. It doesn't matter. Eventually they all take their guns out and immediately start aiming them at various things. ? Anyhow, they meet an old Indian who is sitting out in the woods. He wants beans. You know, like pork and beans? He mumbles some stuff, I can only assume that it's the premise of the movie. I relied on having heard the premise from the commercials, because you can't really understand anything he says.<br /><br />So, they walk around the woods some more. All the dialogue is a load of quasi-military, macho BS. I mean all of it, as in every single word. Like ""This reminds me of when we were in Kabul"" or ""This reminds me of when we were in Laos"". Skeletor attacks again. Let me give you a rundown of a basic attack. One of the female characters is crouched behind a tree and she aims her gun at the approaching guy on the horse. For some reason, she doesn't fire but yells several times for someone else. Then as Skeletor approaches, she jumps out from behind the tree so that Skeletor can stick her with his spear. Then everybody starts shooting. The bullets cause sparks to fly from the trees. Apparently the folks who made this movie never shot a tree with a bullet. They don't make sparks.<br /><br />Then Casper Van Diem is all of a sudden driving a semi-truck, trying to run over Skeletor. He misses, and the truck slides to a stop. Van Diem is injured, apparently he slid across the seat and bumped his hip on the window crank or something, so he crawls out of the truck and it explodes. Later he's in the woods dying and everybody says a bunch of quasi-military, macho BS. They meet a couple guys in the woods and blow their ""undercover"" status by immediately identifying themselves as being from the Army. They beat on the guys for some reason, then they go away.<br /><br />Some other stuff happens, people mumble, the camera shakes, etc.<br /><br />I think it comes to an end eventually.<br /><br />My theory is that the Sci-Fi Channel is getting a little annoyed with everyone bashing their movies, so they put this out to remind us all how bad movies can really be. Like, you think our movies are bad? Well, you haven't seen bad. HERE'S BAD!!! Okay, now that we've got that out of the way, the rest of our movies are pretty good in comparison, right?<br /><br />Well, it's just a theory.",negative
Definitely one of the most witty and twisted who-dunnit I ever seen. Christopher Reeve and Micheal Caine were brilliant and kept me going through the whole affair. <br /><br />Very classy set pieces and the props really lend a sense of atmosphere to the proceedings. The minimalist feel works for the whole picture.<br /><br />My only complain isn't with the film itself but the lack of a decent widescreen edition of the movie on DVD. I own the fullscreen version (which proves I love the film enough to endure fullscreen presentation) but a awesome Deluxe or 'special' edition would most surely get my cash.,positive
"I hired the DVD yesterday and first of all it started bad, it's 4:3 aspect ratio film, and it just keeps getting worse, the acting is so bad and the movie itself is way to predictable, I was like watching the movie and said to myself: this going to happen next and guess what happened? right...<br /><br />if you want to see a good action boxing movie, don't watch this one you'll end disappointed on this low-budget movie like I did. go and see Ali its way better!",negative
"This movie is horrible, but you have to see it because of that. I'm not here to discuss the entire film, just the greatest chase scene ever. When Eddie dumbs milk on Tim, he gets chased down the hallway. Eddie puts obstacles in the jocks way with hilarious consequences (like a cymbal nailing a trumpet player; buy the DVD and watch it slow). The best obstacle is a knocked over mop bucket which one jock jumps over but proceeds to slide on the ground out a door. But when he slides he picks up speed thus defying physics (mainly friction); yet what lies behind the door is supreme. The steepest stair case in any school ever, which this jock proceeds to CLEAR in the air. In reality he probably would die of a broken neck. Not only does he defy all concepts of reality, he makes the funniest noise ever made in that situation. Go and buy this one. Trust me this scene is worth your 6 bucks.",positive
"The movie is about two brothers that are supposed to be alike - but are not in any way expect for being smart - one is a surgeon and they other is able to write a computer code. Geniuses as they like to call themselves which sounds very exaggerated if you compare it to personal characteristics can you perceive from the material of the title.<br /><br />I honestly didn't like the style of the movie. I believe that anxiety, confusion and deep blues it brings are there for a purpose, but what I don't get is why there is so much of it. The movie is cheap on scenes and tells the story basically with no human aspect in it at all. It gives the comic book like experience. However it's visually numbing the viewer, it somehow brings him inside the blues with brief dialogs, monotonic scenes, dynamic cut, music and abrupt noises.<br /><br />The movie's storyline is very simple, most of what's going on is being dramatically pictured for long minutes, mostly in confusing delirium simulating effects of drug use and dynamic cuts.<br /><br />I will say openly that this movie didn't meet my expetations a tiny bit.",negative
"I'll make this brief. This was a joy to watch. It may or may not have been more effective if the characters had resembled their real life counterparts, but aside from this minor observation I found the fantasy animal characters to be most enjoyable. The visuals were most stunning except for the second-rate CG scenes, which could have been left out. I dislike computer generated animation anyways, it defeats the purpose of a biopic such as this one. Watch it, you will appreciate it too!",positive
"A lonely depressed French boy Mathieu (Jeremie Elkaim) on vacation in the summer, meets and falls in love with Cedric (the gorgeous Stephane Rideau). Quiet and slow this is a very frustrating movie. On one hand, I was absorbed by it and really felt for the two boys. On the other I was getting annoyed--the film constantly keeps flashing around from the past to the present with no rhyme or reason. It's very confusing and pointless. <br /><br />SPOILERS AHEAD!!!<br /><br />Also there are tons of plot holes--Mathieu, at one point, does something that ends him up in the hospital. What is it--we're never told! Then he breaks up with Cedric and tells everybody else he's living with him. Why? We're not told. Then he hooks up inexplicably with another guy at the end. Why? No explanation. It's clear Cedric loves Mathieu and Mathieu is living in the same town so... However it is a tribute to the film that you really care about the characters so much. If only things were explained!<br /><br />Elkaim as Mathieu is not good. He's tall, handsome and has a nice body--but he can't act. His idea of acting is sitting around with a blank look on his face--all the time. Rideau, on the other hand, is great. He's VERY handsome, has a very nice body and is one hell of an actor. Also he has an incredible sexual magnetism about him. There is full frontal male nudity, lots of kissing and a fairly explicit sex scene in the movie which is great--most movies shy away from showing male-male love scenes. This one doesn't and it helps to see how the characters care and feel for each other.<br /><br />So, a frustrating film but somewhat worth seeing--especially for Rideau's nude scenes--that is, if you like good-looking nude young men!<br /><br />",positive
"Lovingly crafted and terribly interesting to watch Garfield's gritty, breakthrough performance (introducing a new kind of rebellious acting style that would carry over to the Brandos and Clifts and so on after the war) but all that sisterly affection is a bit suffocating. Priscilla Lane is a bright, engaging performer but the other sisters don't really register (though they're all allowed to be tart and witty) and I just had a hard time buying any of the other male characters besides Garfield. Jeffrey Lynn is a pleasant enough actor, but he lacks the movie star weight to match up with Garfield's hard luck Mickey Borden and that throws the film a bit out of whack. (Imagine a Jimmy Stewart or someone in the part.) Also, I was not convinced that Garfield would make the pivotal (to say the least) final decision that he made. The film needed another half hour of running time to better explain that action; it feels awfully rushed and under-motivated.<br /><br />Still, it's not hard to understand how anybody who grew up with this picture would remember it fondly. It falls short of being a classic, but it does contain a few classic moments. The two gate swinging scenes are pure movie magic.",positive
"I think One True Thing is one of Meryl Streeps finest movies to date. Her depiction of a dying woman is perfect. I have recently lived this movie, and it touched me on more levels than I could have imagined. Meryl is truely the greatest actress to have ever walked the earth!!!!!",positive
"Jonathan Demme's directorial debut for Roger Corman's legendary exploitation outfit New World Pictures rates highly as one of the finest chicks-in-chains 70's grindhouse classics to ever grace celluloid. Beauteous Russ Meyer starlet Eric (""Vixen,"" ""Beyond the Valley of the Dolls"") Gavin gives a robust, winning performance as a brassy, resilient new fish who does her best to persevere in a grimy, hellish penitentiary. The always fabulous Barbara Steele offers a deliciously wicked portrayal as the mean, crippled, sexually frustrated warden (her erotic dream about doing a slow, steamy striptease in front of the lady inmates is a real dilly). Longtime favorite 70's B-movie actress Roberta (""The Arousers,"" ""Unholy Rollers"") Collins delivers a hilariously raunchy and endearing turn as a cheerfully forward, foul-mouthed kleptomaniac felon who tells a gut-busting dirty joke about Pinnochio. Lynda Gold (a.k.a. Crystin Sinclaire of Tobe Hooper's ""Eaten Alive"" and Curtis Harrington's ""Ruby"") makes her lively film debut as uninhibited wildcat Crazy Alice. And the ever-cuddly Cheryl ""Rainbeaux"" Smith does a lovely, touching reprise of her fragile frightened innocent role from ""Lemora: A Child's Tale of the Supernatural."" <br /><br />Although this picture does deliver the expected ample amount of coarse language, nudity, rape and violence, it's still by no means a typically crass and sexist piece of lurid mindless filth; the movie very effectively explores the many ways in which men cruelly exploit women and strongly asserts the pro-feminist notion that women can overcome any obstacles if they band together into a group so they can bravely face their misogynistic oppressors as one mighty fighting force. Demme's zesty, confidant direction comes through with a glorious abundance of astutely observed incidental details and delightful moments of engagingly quirky human behavior. Furthermore, both Tak Fujimoto's vibrant cinematography and John Cale's marvelously dolorous oddball blues score are 100% on the money excellent. Patrick Wright (Sheriff Mack in the uproariously awful cheap-rubber-monster-suit creature feature howler ""Track of the Moonbeast"") has a sidesplitting bit as a jerky cop who has his car stolen by a trio of prison escapees when he stops at a gas station to use the bathroom. Lively, rousing and immensely enjoyable, ""Caged Heat"" qualifies as absolutely essential viewing for 70's drive-in movie fans.",positive
"I had completely forgotten about ""Midnight Madness"" until just now when I found it while surfing the IMDB. Now, it's all coming back to me....<br /><br />It was one of Naughton's first movies (as well as Fox's) and sharp-eyed connoisseurs will also pick out Kaplan (Henry from TV's ""Alice""), Fiedler (he does the voice of Piglet in the ""Winnie the Pooh"" cartoons) and Blocker (son of Dan ""Hoss"" Blocker from TV's ""Bonanza"").<br /><br />But the two that stand out in my mind are Furst (from ""Animal House"") and the superdude himself - Eddie Deezen. Furst plays a baddie this time out and has one of the best scenes when he asks his dad, ""Why can't you just accept me for who I am?"" His dad looks over his obese, slovenly frame and gives a simple, one-word response - ""Yuck!""<br /><br />And Deezen... well, he's a show in himself. As a latter-day Jerry Lewis he stumbles around, wades through mini-golf ponds, puts melon halves on his ears and ends up having Maggie Roswell fall for him. My hero.<br /><br />As for the film, it's typical early-'80s stupidity with college kids staying up after curfew and going on a city-wide scavenger hunt to prove which division of students is the best on campus: the jocks, the nerds, the rich kids, the feminists or the group made up of a little of each. <br /><br />Who wins? Who cares, you'll have a lot of fun watching Disney Pictures' first foray into PG territory before creating Touchstone Pictures.<br /><br />Seven stars. Catch ""Midnight Madness"" any way you can!<br /><br />Long live Leon!",positive
"*** Spoiler in fifth paragraph *** This was an amazingly frank (uh-huh, uh-huh) picture for 1955. Otto Preminger and Carlyle Productions took a chance by making it, the Motion Picture Association of America balked at certifying a film that openly shows a junky jabbing a syringe full of heroin into his arm. Frank Sinatra took a chance both on playing an addicted musician and at falling flat on his face in a role that required at least twice as much acting as he'd ever done. All in all these gambles paid off, the movie is a classic, though it's not perfect.<br /><br />Nelson Algren's novel may be great, but it has far too much going on to fit comfortably into a two hour movie 'The Man with the Golden Arm' is 119 minutes and often feels much longer. However, in my opinion it's not just Frankie Machine (Sinatra) that makes the film but the other characters and their sub-plots, all involving Frankie. Ultimately it's not just Frankie who has the addiction, everyone and everything seems to be dependent on him and he feels it keenly. When the pressure gets to be too much the drums start pounding on the soundtrack and Frankie steps across the street with his well-dressed ""friend"" Louie.<br /><br />It's an exaggeration to say that Frank Sinatra's music career was ever really in the doldrums, but in the early 50's he was in limbo between his days touring with big bands and the Las Vegas era. 'From Here to Eternity' established him as a serious actor and his career as a singer rebounded as well, but 'The Man with the Golden Arm' was still a significant challenge, the whole show sinks or swims with his performance. He pulls it off with such skill that for several minutes at a time I forgot I was watching Frank Sinatra, he must have known junky musicians and exploited that knowledge to the utmost.<br /><br />Set side by side with Billy Wilder's masterpiece 'The Lost Weekend' there is more emphasis on the sociological causes of addiction in 'The Man with the Golden Arm.' Whereas Don Birnem (Ray Milland in 'The Lost Weekend') seems to struggle mostly against himself, Frankie Machine is beset by external forces and he takes refuge in the needle. Neither approach is wholly right or wrong, mostly because addiction is impossible to fully explain, but it seems like this film might have benefited from a little more insight into Frankie's internal struggle.<br /><br />*** Spoiler *** One of the problems I have with this film is the clichéd reliance on ""quitting cold turkey."" I realize that 'The Man with the Golden Arm' was probably setting the trend rather than following it but that doesn't make it any better. In the beginning of the movie Frankie has to all appearances kicked his habit with the help of a doctor and a treatment facility of some sort. Naturally the drama of the film requires that he backslide, but I found the All-American ideal that a man has to face his problems alone (or maybe with the help of a good woman) out of place here. Going cold turkey and riding off into the sunset with Kim Novak seemed too unrealistic. The end of 'The Lost Weekend' was similar but in my opinion was a little less rosy.",positive
"Excellent documentary that still manages to shock and enlighten. Unfortunately, times haven't changed much since this was made and it is thus an important piece for all freedom-conscious Americans to see.",positive
"I wasted 35 minutes of my life on this turkey before I gave up. The main character is completely clueless and astoundingly unsympathetic, but there is no humor in his blundering. As soon as he arrives in Germany, the screenwriter pulls the old ""there's only one room in the hotel, you'll have to share a room with a pretty girl"" stunt. Come on, at least you could let them develop their relationship a bit first. Watch ""It Happened One Night"" to see how to do it right--or any of a thousand movies since then.<br /><br />The acting is consistently third-rate, and the improvised dialogue should have been left on the cutting-room floor. It meanders with no plan at all, despite the fact that the film telegraphs the relationship's destination from the moment Greta is introduced.<br /><br />The first song, in the boardroom, is mildly funny but badly sung. The rest of the songs (well, to be fair, I only heard those in the first half-hour) are just pointless and awful. Most of the singers are painfully out of tune, but not in any intentionally humorous sort of way.",negative
"My God, what an incredible movie it is! Reminded me so much of the similar scene in Mel Gibson's movie ""We were Soldiers"" when ""the Company is not lost, they're just cut off"" And the other scene in Pearl Harbour when the British officer says to Ben Affleck ""If all Americans are like you, then God help the nation that goes to war with America!<br /><br />Put all 3 movies together and you would have enough BULLSHIT to fertilise the entire Sahara Desert.<br /><br />The story of the cut-off Battalion may be real enough but the movie could have done without all that American preachy jingoistic propaganda attached to it. There were audible groans in the cinema during the above-mentioned scene in Pearl Harbour (no kidding either) The Lost Battalion however is really in a class of its own .<br /><br />""Americans think they are unbeatableinspired bravery. "" I actually cringed and damn near puked at all the swill being spewed out throughout this diarrhoeic disaster (the movie that is) <br /><br />The fighting scenes were well made (3 stars for that) but if the script is manure, then wrapped even in brightly coloured ribbons, it is still manure. The writer, James Carabatsos, also wrote those other screamersHamburger Hill, No Mercy , Heartbreak Ridge. Someone, please shoot him before he writes any more such garbage.<br /><br />The Director, Russell Mulcahy is an Australian too. God, the shame!!!",negative
"Recap: A band of five young American men, all that is left of a platoon hit hard during the Ardenne offensive during the WWII get the assignment as a forward outpost and to look for enemy activity. They're in really bad condition, both physically and mentally, and think they have struck gold when their outpost is in an abandoned but once plush mansion full with food. But after a while there is some enemy activity, and it is very odd. Not hostile, but odd. It seems like there is a German squad out there, in equally bad condition, that want nothing more than to surrender.<br /><br />Comments: Based on a novel and my guess that the novel is much better but the story doesn't seem to translate very well to the big screen. Indeed it is a different war movie, much more about the mental pressure during wartimes than fighting and battles. But I can almost feel that scenes that must have been full of suspense, full of uncertainties and unknown elements, just fall flat in the movie. It is not suspenseful, just different and in many ways absurd. Many times people just act insane, and the reasons are unclear or at best hinted at.<br /><br />So when this mental pressure fails to come through, the main building piece of the entire story, I thought the story fell through. It wasn't good, it wasn't interesting, it didn't keep me on the edge and it didn't really send a message. Actually it did nothing.<br /><br />The cast is interesting, many young actors that then turned into stars in beginning of their careers. The acting is good, but not stellar, and a few characters also fell through into the absurd zone. Much of that too I feel is due to that this story, these characters need the time, space and pace given in a novel, that they can't be given here. And going halfway definitely isn't good enough.<br /><br />4/10",negative
"i love this movie. is it on air anymore? what can i do to get it on air again because i miss this movie when does this movie air again? i love this movie so much. does anyone know how long it has been since it was last on Disney?it has been a very very long time and i am so sick of waiting!i want to see Susie Q again. i swear, they take all the good movies off air and play new stupid gay ones that are fake and retarded. i miss this movie, wish upon a star, Kazaam with Shaquille O'neil, and a bunch more. where did all the good movies go? i want them back.i miss all the good movies and they don't have them anymore. if anybody finds out if Susie Q or any good old Disney movie comes out will you please let me know, my email is girlygirl148@aol.com girlygirl(no blank space)148. thank you and i hope you want this movie back too. have a great day",positive
"I enjoyed this show, it was on in the uk, but not at peak time, and they seemed to move it all over the schedules so I wasn't able to watch them all. I was surprised when it didn't return and had no i idea why, still don't know, but i guess that's not important.<br /><br />Great performances from the two leads, they were very believable as friends. The two supporting actresses also added well to the mix. I guess it was part of a whole load of shows that were lifestyle centred, Friends being the obvious main one, but sex in the city came along a few years later.<br /><br />The characters, get take out coffee, they drink at nice bars , that sort of thing, a little woody allenish in a way.",positive
"Well. Where to begin. Let's just say this; avoid this movie at all<br /><br />costs. It's based on a cartoon series. The movie makes the cartoon look<br /><br />like Hamlet. Filled with emasculated actors who seem embarrassed to be<br /><br />here, lousy camera work, terrible music, and enough product placement to<br /><br />make you want to never visit Yahoo! again, this movie is really the<br /><br />bottom of the barrel. To quote the New Yorker, Matthew Broderick and<br /><br />Rupert Everett mug their way through this picture with the gay abandon<br /><br />of men who have spotted a rare species of paycheck in the distance.""<br /><br />They should pay us some of the millions they earned for watching it.<br /><br />Awful.",negative
"Hugh (Ed Harris) is a hotshot, bachelor senator determined to run for president. One day, however, he happens upon an old high school classmate named Aggie. Aggie (Diane Keaton) is an accomplished and award-winning author with a lovely face and an independent spirit. Hugh is smitten. He convinces Aggie to become his fiancé. But, will Aggie have to sacrifice her principles of honesty in the world of politics, where things are not always what they seem to be? And, will she be able to withstand the rigors of a harsh media blitz? This is, mostly, a nice romance for those who adore tales of affection. Hugh and Aggie are absolutely in love and their banter and conversation are a good view. However, although the movie tries to show the political life in its reality, it doesn't completely succeed. Nevermind. The production values are high and the script is very elegantly written. With these advantages and the handsome personages of Keaton and Harris, those who sit down to the film will find it to be good entertainment.",positive
"Jamie Foxx was the epitome of Ray Charles. After a few moments you stop seeing a film and see a biography played by the great man himself. Ray Charles was truly a genius of music and the movie excellently depicted that. No one has ever or will ever write, play, or record music like this musical giant. When he passed the flesh, the world lost one of it's greatest American heroes. As far as the movie, the fact that Jamie Foxx received a classical music scholarship to college and could play like Ray was an asset to the director. What could be better than that? You don't have to have a ""double"" play piano and then try to split the screen from someone else's hands to Jamie's face. It worked beautifully. I loved the fact that it also picked up how difficult Ray was. He wasn't always a nice man. You didn't also root for him. He was a drug addict, a womanizer, and sometimes just plain hard-headed. But I guess that's what made him genius so I can't fault him for that. I pick Jamie for Best Actor!",positive
"I used to LOVE this movie as a kid but, seeing it again 20+ years later, it actually sucks. Up The Academy might have been ahead of it's time back in 1980, but it has almost nothing to offer today! Movies like Caddyshack and Stripes hold-up much better today than this steaming dogpile. No T&A. No great jokes except for the one-liners we've all heard a million times by now.<br /><br />I recently bought the DVD in hopes that it would be the gem I remembered it being. Well, I was WAY off! The soundtrack had only 2-3 widely-recognizable hits (not the smash compilation others had mentioned) and the frequent voice-overs were terrible. The only thing that was interesting, to me, was predicting what the character's lines were before they said them. Yep, I watched this movie that much back then! <br /><br />The only reason I am writing this review is to give my two cents on why this movie should be forgotten, sorry to say. :(",negative
"I thought this movie was pretty good. Some parts were corny but that's understandable since it was made more than 55 years ago. I thought the best performance in the movie was given by Michele Morgan who played Millie convincingly. Jack Haley is also really good as Mike O'Brien. Even though I'm not a big Frank Sinatra fan, I think he was very good in this movie. If your have a craving for a silly, over the top musical comedy, Higher and Higher is the movie for you.<br /><br />",positive
"Robert Downey Jr. in a 17th century wig and dress was enough to make me shudder, but I couldn't believe a great actor like Sam Neill actually took a part in this movie. The whole thing was unbelievable. I especially like Merivel's ""cure"" for the crazies. They dance...and hey presto! everyone's happy and they're all better! I guess I just didn't like the character Merivel too much. Therefore, watching a whole movie about his supposed transition from a whoring buffoon into a great physician was grueling. <br /><br />Also, I'm not entirely sure, but I didn't think the plague as well as the famous fire of London took place simultaneously.",negative
"I claim no matter how hard I seek I'll never find a better movie version of ""Othello"". If you love Kenneth Branagh's magnificent masterpieces ""Much ado about nothing"" (1993) and ""Hamlet"" (1996) as much as I do I'm dead certain you'll also find Oliver Parker's ""Othello"" irresistible. Laurence Fishburne has been in a various splendid roles during his career. He was quite terrific in ""Boys n the hood"" (1991) - I've always considered his amusing role of Furious Styles as his very greatest achievement. That was, of course, way before I saw this.<br /><br />He plays the part of Othello and he is probably in the most challenging role of his whole career but he does a brilliant, fantastic job. Irène Jacob is absolutely charming Desdemona and Kenneth Branagh is just simply phenomenal in a most fascinating role of the story's crooked, manipulate villain Iago. Marvelous ""Othello"" is part of the absolute elite among Shakespeare's ingenious works. It deals with his favorite topics: crookedness, envy, deceitfulness and jealousy. This movie adaptation is certainly one of the finest films I've seen that's based on William Shakespeare's plays.",positive
"I only voted excellent because this film took two snapshots of Americana: one in 1970, and one for every year afterward. <br /><br />Nothing's really changed.<br /><br />Joe is actually a jerk, a big stupid slob who's mad at everybody else in the world for his own idiocy. This ain't really a spoiler, but the key to the film is the big, corporate ""never does wrong"" guy making friends with this semi-troglodyte Joe, and he gets some kind of...validation from his bigotry and stupidity and sense of being wronged. <br /><br />Yet, few would argue, that the dealer boyfriend did deserve to die. And those kids shouldn't have ripped Joe and Compton off. And Joe and Compton were actually getting into the hash and the young skin until they got ripped off. A simple film in many ways, except that in 1970 New York City was par to a battle zone thanks to Nixon's care, and all of the money going to the war in Vietnam. As I write this (2/25/2007) there is a ""very long wait"" on Netflix for this film - which makes me happy because I think there are people out there who want to learn. This was a pretty good snapshot - not exact, a bit caricaturist - but actually pretty close to how it was back then. And the scary thing is - things haven't changed that much. Sure, there's no more welfare, but that just means the wage-slavery has won out. <br /><br />Amazing how millionaires will complain about not making enough money, then complain that $5.15 an hour is too much to pay their people.",positive
"Largely dense road movie with some comic relief provided by the excellent John Cleese (although he is really sending up his performance in Fawlty Towers). Seems to flip from over the top slapstick to slushy sentimentality at the drop of a hat, and the worst part of the film is that Martin and Hawn have to ""find themselves"", who they are, etc. See it at your peril.",negative
"Any time a movie is so myopic in its desire to present a particular ending or viewpoint that it simply doesn't bother with an actual story, it's annoying. Those are the types of movies where the ending or viewpoint is conceived first, and the story simply tacked on. For this reason we often talk of the story ""jumping through hoops"" as it twists about, trying in vain to progress to the preordained ending in a logical fashion.<br /><br />The story in ""Comet Over Broadway"" doesn't just jump through hoops, it's a three ring circus. It's so ludicrous, so ill-conceived, so disingenuous that, if you are prone to speaking aloud to the screen, you will be carrying on quite a rant before it's through.<br /><br />The central theme of this screenplay cesspool is that of a woman choosing between family and profession. Since it's all so horribly muddled it will end up offensive to people of either opinion. So, in the end there's no point to the story, the theme becomes irrelevant and, as is often the case with poor screenplays, the acting doesn't save a thing.",negative
"Uzak (2002), a Turkish film shown in the U.S. as ""Distant,""<br /><br />was directed, produced, written, and filmed by Nuri Bilge<br /><br />Ceylan.<br /><br />This movie is a gritty and somber version of the clash between a ""city mouse,"" Mahmut, played by Muzaffer Özdemir, and a ""country mouse,"" Yusuf, played by Emin Toprak. <br /><br />Both men are superb actors, and the plot allows them to demonstrate their acting skill. (Tragically, Emin Toprak died in an automobile accident shortly after the movie was completed.)<br /><br />In most country cousin/city cousin tales, the contrast between rural and urban life styles is portrayed in a humorous fashion. In this film, there's little humor or even warmth. Both men<br /><br />have lost touch with human society. Mahmut 's work as a<br /><br />commercial photographer for a tile company gives him no satisfaction. He has divorced a woman he clearly<br /><br />still loves, and has no satisfying human relationships.<br /><br />Mahmut has lost his job because of a factory closing in his small town, and doesn't have the skills or the energy to find work in the city. His human interactions are primarily confined to silent observations of the other people who cross his path. He's clearly a warm and caring person, but can't express these qualities in an urban environment.<br /><br />The cousins don't relate well to the world, and they don't relate well to each other. Neither makes an effort to act in a way that would provide an opportunity for bonding or closeness. <br /><br />In a sense, this film portrays an opportunity wasted. <br /><br />Conceivably, each cousin could have provided at least part of what was lacking in the other's life. Instead, they steer parallel unhappy courses. The two men are distant throughout, which is a situation suggested by the film's title.<br /><br />One of my friends mentioned the masterful way in which Ceylan builds detail upon detail. These details ultimately tell us more about the characters than we might have learned by simple exposition.<br /><br />Uzak was shown as part of the Rochester Labor Film series. It's not a ""labor film"" in the traditional sense of that genre. It is a labor film because it demonstrates the harmful effects of unsatisfying work (Mahmut) and unemployment (Yusuf).<br /><br />This is a quiet, absorbing, dark film. Although it doesn't make for happy viewing, I walked out of the<br /><br />theater realizing that I had seen a truly creative and<br /><br />important movie. This film is worth finding and seeing!",positive
"I first heard of this film when Patton Oswalt talked about it on his ""Werewolves and Lollipops"" CD. He said it was a lost classic that is completely ridiculous. Being a lover of terrible cinema, I knew I was in for a treat.<br /><br />This film is, hands down, one of the weirdest I've ever seen. Certainly one of the weirdest shlock films. Basically, a demon took human form years ago for a woman, the woman died or something, the demon cried blood, the blood fell on the bed, the bed is now possessed and it now eats. Along with fruit, flowers and chicken, it also has a taste for people. The people can range between horny teens, mayors, gangsters, servants or professional orgy throwers. There's also a sick guy who the bed ate but put his soul behind a picture in the room.<br /><br />Most movies let you figure out the plot through exciting action. Death Bed takes another path: it basically tells you through narration exactly what's happening while slow, dull murder scenes take place. Also, I must say everyone who's eaten by the bed are surprisingly quiet. I would think if a bed is eating you through the ways of a 5th grade science fair experiment, it would sting a little. I guess nerve endings weren't invented until 1981 or so.<br /><br />The story is wacky, the direction is slow and pretty awful, the sets are sparse, the acting it fairly painful and the brother is one of the unintentionally ugliest actors I've ever seen. Probably would make a great party film if alcohol and smart-asses are involved. Certainly one you shouldn't miss.",negative
"This second film is just as interesting as the previous one except that there is no suspense. We know what he is going to do and what is going to happen before it is even hinted at on the screen. Then the pleasure comes only from the way the various tricks happen and the succession of them. We know there will be dynamite in the car, that he will lose a wheel, that the car will have a crash, just to speak of the car. And that is what happens. Now the details and the particulars are for you to discover them in the film. That he may be baited by some dumb woman is obvious and has to come but we know that he has already seen through her and that he knows he is being dragged into a trap. Now, how is he going to get out of it? That's what you must discover by yourself. And don't worry he will get the main trafficker but how is another story. A speed boat is no match to our busy beaver on the river. We also know when he is going to be wounded. They did not know what bullet-proof jackets were in those days. It's true recently it was discovered that some GIs did not have that kind of equipment in Iraq. But what is the meaning of such a film? This insistence on hunting the traffickers and this blindness that does not see that it is the prohibition that creates the problem. But the film is a constant and perfect illustration that there is no value what so ever that can stand in the way of this moralistic crusade against the forces of evil. Why not simply legalize these goods so that they can be properly observed and under surveillance? When something is not illegal or pushed out of the way it is all the less fun to use them, to do them. It is the forbidden or the restricted that is attractive.<br /><br />Dr Jacques COULARDEAU, University Paris Dauphine, University Paris 1 Pantheon Sorbonne & University Versailles Saint Quentin en Yvelines",positive
"The script for ""Scary Movie 2"" just wasn't ready to go. This is a problem with the film that is blatantly evident, to the actors and the audience alike. Director Keenan Ivory Wayans, and many of the actors are funny people; and so the movie isn't completely humorless. To their credit, the film has several funny moments. But as a whole, ""Scary Movie 2"" is not even close to being as clever and amusing as the original.<br /><br />The first ""Scary Movie"" was a laugh a minute film. It turned the smallest subtleties of the slasher film genre into comedic gold. The humor in ""Scary Movie 2"" is as heavy handed as it is un-original. They even miss obvious opportunities for parody. Two of the movies stars are former cast members of ""Beverly Hills 90210,"" and this was a show that was begging to be parodied! In the final analysis, ""Scary Movie 2"" is like a fine bottle of wine that was opened far too soon. The script needed a lot more time to age. 2 stars out of 5.",negative
"If this movie was written directed and produced with the intention of creating a bad movie cult classic, it might (i say might) have been a hit. Have you ever sat and watched a movie that was so absolutely awful that it becomes fascinating in terms of its faults? Well this is it. Every one of the acting cast should be nominated for worst acting performance awards. It would be hard to find another film, with this kind of production budget, that contains so little of any value whatsoever. The whole thing, from the opening scenes defies logic. Dialogue is completely unbelievable and illogical. Ditto for the behaviour and general storyline of the film itself. What is really mind boggling, is that some buffoons in a boardroom actually made decisions to spend money on this piece of trash. Wow.",negative
"Awesome Movie! Great combination of talents! I'm a HUGE fan of David Duchovny and he is outstanding in this movie! I would love to see him in more movies of this nature. His talents are definitely under-used and has SO much more to offer besides ""Agent Mulder"" (although I'm a huge fan of that series too), Anyway, I want to see more of him. He is easily the Cary Grant of our generation. If you haven't seen this movie, you MUST! Great love story that shows love never dies... it's with you forever. Minnie Driver is great and how can you go wrong with a cast containing Mr. O'Connor and Mr. Loggia and Mr. Belushi? This movie didn't get any type of awards nod, but deserved one. Great job Bonnie Hunt! ** By the way... the soundtrack is great too! **",positive
"The 1960's were a time of change and awakening for most people. Social upheaval and unrest were commonplace as people spoke-out about their views. Racial tensions, politics, the Vietnam War, sexual promiscuity, and drug use were all part of the daily fabric, and the daily news. This film attempted to encapsulate these historical aspects into an entertaining movie, and largely succeeded.<br /><br />In this film, two families are followed: one white, one black. During the first half of the film, the story follows each family on a equal basis through social and family struggles. Unfortunately, the second half of the movie is nearly dedicated to the white family. Admittedly, there are more characters in this family, and the story lines are intermingled, but equal consideration is not given to the racial aspects of this century.<br /><br />On the whole, the acting is well done and historical footage is mixed with color and black and white original footage to give a documentary feel to the movie. The movie is a work of fiction, but clips of well-known historical figures are used to set the time-line.<br /><br />I enjoyed the movie but the situations were predictable and the storyline was one-sided.",negative
"There really isn't much to say about this movie....it's crude, but fun.<br /><br />Plot outline (From IMDB)<br /><br />_____________________________________<br /><br />Two losers from Milwaukee, Coop & Remer (Parker & Stone), invent a new game playing basketball, using baseball rules. When the game becomes a huge success, they, along with a billionaire's help, form the Professional Baseketball League where everyone gets the same pay and no team can change cities. Coop & Remer's team, the Milwaukee Beers is the only team standing in the way of major rule changes that the owner of the Dallas Felons (Vaughn) wants to institute.<br /><br />_____________________________________<br /><br />The Acting is pretty good, since there arn't many big stars in this movie. Although I am not a big fan of 'Southpark', Parker and Stone do a pretty good job in their first real movie. <br /><br />There are so many funny moments in this movie I can't come close to naming them all. It never really lets up, and they don't try to put some cruddy drama in to make it more serious. <br /><br />And my favorite aspect of this movie: The Soundtrack. It's GREAT. I especially like ""Take me on"" and ""Beer"" by Reel Big Fish. Very underrated.<br /><br />Overall, a crude, but extremely funny, movie. 10/10<br /><br />James ""Black Wolf"" Johnston",positive
"What starts off fairly well (and quite disturbing) quickly sinks into an annoying mess.<br /><br />Dee Snider (of Twisted Sister infamy) apparently penned the screenplay from his own idea, and while the idea of a cyber-stalking pierce freak has potential, they really blow it here on uneven pacing, bad dialogue, and one of the greatest non-endings you'll ever see. Despite some lifeless performances, the director manages a genuinely creepy first reel. This really looks like it's going to be a good low-budget effort.<br /><br />No such luck. The plot goes all over the map, and Snider's character relentlessly spits out tiresome psychotic fortune cookie lines that are supposed to pass for meaningful dialogue. Worse, the supporting cast barely registers, and the only halfway believable dialogue comes from a young girl who helps a detective navigate the internet.<br /><br />What a waste of a great idea. Oh, and there is a new twisted Sister song, if you care.",negative
"How can anyone argue the fact that Urban Cowboy was, and still is, the best document of Texas life for the time period. Consider the following: men beat their wives, get drunk at bars nightly, get married to settle a fight, commit adultery, and compete on mechanical bulls. Try and name a movie that depicts real life so vividly. They dont make them anymore. It seems current films are always about people with lots of money, they live in huge homes, drive expensive cars and don't work. This movie has a celebration scene about getting a trailer for pete's sake !<br /><br />Anyway, I watch it at least once a week. No kidding. I have dissected this movie from end to end. feel free to email me to learn more about my reason for calling it a documentary. Consider the following scenes: Bud sees Sissy - they are split up - he amicably honks and waves, she flips him the bird - he returns half the peace sign honking his horn to add impact then tears off.<br /><br />Buds mom calls him approx. 18 hours after he gets into town, on a Sunday, to see if he has a job yet - all he has accomplished is getting drunk and laid(x2), with help from his uncle and aunt who cover for him.<br /><br />""You all live like pigs"" Think about why this scene is needed. Think about it. Was it necessary ? Could we not figure it out without showing the filthy sink ? God I love that !<br /><br />Sissy allows Wes to help her ride the bull. Only a few days (or possibly the next day) after Wes just kicked the crap out of her husband. Steve asks - Hey Sissy, remember Wes ? Oh yeah, didnt you beat my husband up the other night, so let's get this lesson goin', to make no mention of the fact that she seeks solace in him later during one Bud and Sissy's many fights, which by the way all take place in public - in Gilley's !<br /><br />The Wedding reception picture taking session (oh the humanity !) could they at least arrange or move the chairs out of the way. ""My legs are sweatin' momma""<br /><br />In conclusion, you don't put scenes like this in a movie to try and show insight into human psychology. It is a documentary of real life.<br /><br />I only wish there was a director's cut....",positive
"""Sir"" has played Lear over 200 times,but tonight he can't remember his opening lines.Sitting at the mirror,his eyes reflect the King's madness. His dresser prompts him gently,mouthing the words.There is an air of desperation about both these men.The great actor knowing his powers are slipping away,his valet cum major domo cum conscience cum surrogate wife - aware of his boss's decline into madness and knowing he is powerless to do more than ease his passing. ""The Dresser"" is really a love story between the two.Over the years they have become mutually dependent on one another to the extent that neither can conceive a future without the other. Set during the second world war,it concerns the fortunes of a frankly second - rate touring Shakespearean Company comprising an equal number of has - beens and wannabes led by ""Sir"", a theatrical knight of what might kindly be called ""The Old School"".Whatever part he is playing he grabs centre - stage and bellows out over the footlights,bullying his audience into applause.But,somewhere inside him,buried most of the time deep beneath the ham he regularly dishes out,there still remains an occasional glitter of his earlier greatness.It is to catch a glimpse of this that his audiences fervently hope for. Mr A.Finney very cleverly concentrates on the ham,often to the point of caricature,and,just when you are ready to dismiss his performance as mere hyperbole and bluster he will produce a moment of exquisite subtlety and vulnerability that makes you realise that a great actor is playing a great actor. The same goes for Mr T.Courtenay.It's easy to write off his portrayal<br /><br />of Norman as an exercise in stereotyping.Here we have a middle - aged effeminate rather than camp theatrical dresser sashaying his way through life,enjoying the company of ""The Girls"" and loving the wicked Insider gossip rife in ""The Theatre"".There were - and I strongly suspect still are - many men just like Norman in The Profession.Infinitely kind and patient,knowing more about the plays than many of the actors,they run backstage with wisdom and affection.I believe the vast majority of them would hoot with approving laughter at Mr Courtenay's portrait. I saw ""The Dresser"" on the London stage where,against the perceived wisdom,Mr Courtenay's ""Norman"" was rather more subdued than in the movie.""Sir"" was played by the great Mr Freddie Jones to huge acclaim from the audience.It was a memorable performance that overshadowed Mr Courtenay's,reducing him rather to an ""also - ran"" as opposed to an actor on level - billing.The idea that ""Sir"" and ""Norman"" might be almost incomplete without each other went right out of the window. ""Norman"" was reduced to being his puppet,which I'm not sure was what Ronald Harwood intended,but made for breathtaking theatre. Messrs Finney and Courtenay redress the balance in the movie,restoring equality to the relationship. Both men have come a long way since their early appearances in the British ""New Wave"" pictures when they became the darlings of the vaguely Leftish,""middle - class and ashamed of it"" movement.When the British cinema virtually committed Hari - kiri in the 1970s they quietly concentrated on the theatre apart from a few roles to keep the wolf from the door.With the renaissance of more substantial movies,they re - appeared,blinking in the unaccustomed bright light.<br /><br />""The Dresser"" marked their return,still fizzing with energy and talent, shouting to the world at large ""We're still here"".It's not a big movie but is assuredly a great one.",positive
"Secret Service agent Jay Killion (Charles Bronson) has been assigned to protect the President-elect's wife, the new First Lady (Jill Ireland). She is a very difficult woman and Killion has his hands full. She is the victim of numerous assassination attempts, all directed by the President's Chief of Staff, who wants the First Lady dead. This movie insults your intelligence with not only the story line, but also with the lack of realistic locations. For example, in the scene depicting the Inaugural Parade, the First Lady is in a Rolls Royce convertible with agent Killion and without the President. Also, we know what Washington, DC, is like weather wise in January, and not only is everybody ""top coat less"", you can even see some palm trees in the 70 degree and sunny weather! (Obviously filmed in Hollywood, not Washington, DC). This movie is a joke. It is not worth your time.",negative
"I really have problems rating this movie. It is directed brilliantly, there is obviously a lot of money in it. Gere and Danes are intense (although her screen personality could use a bit more defining and spicing up), editing and cinematography are excellent. On the other hand, it is one of those really really sick movies where one cannot help but wonder whether the director himself likes to stage specific scenes, and, yes, one cannot help but wonder how many copycats will such a movie inspire.<br /><br />In purely artistic terms, it is a 9, but I really have to ask myself who these people are giving their money to produce such a movie ....",negative
"No, no, no, no, no, no, NO! This is not a film, this is an excuse to show people dancing. This is just not good. Even the dancing is slow and not half as entertaining as the mediocre 'Dirty Dancing', let alone any other good dance movie.<br /><br />Is it a love story? Is it a musical? Is it a drama? Is it a comedy? It's not that this movie is a bit of all, it's that this movie fails at everything it attempts to be. The film turns out to be even more meaningless as the film progresses.<br /><br />Acting is terrible from all sides, the screenplay is definitely trying to tell us something about relationship but fails miserably.<br /><br />WATCH FOR THE MOMENT - When Patrick Stewart enters the scene and you think the film might get better as he brightens up the dull atmosphere. For a second.",negative
"This is an EXCELLENT example of early Bette Davis talent. The production is above average for 1936 timeframe. I cannot understand why the owners of the rights to this film have not put it on DVD. Owners, PLEASE PLEASE release it. I would buy it immediately. I have not seen it in more than thirty years, on television, but remember it well.",positive
"This 1974 Naschy outing is directed by Leon Klimovsky, and a cursory glance at the publicity photos and packaging might lead you to believe that this medieval romp lies somewhere between ""Inquisition"" and ""Sadomania"". Sadly not.<br /><br />This is a strictly PG affair with tame torture sequences, no nudity and little edge at all. Naschy (of whom I am a fan) struts his stuff as Gilles de Lancre, ""antiguo Mariscal de la nacion"". Sadly he is more pantomime villain than anything else. One gets the feeling with this film that we have seen him (and it) done all before. Strictly therefore for Naschy completest only.",negative
"This is what we can do to each other. This is the sort that everbody should see at least once.<br /><br />It does not glorify world. It shows that it is the everyday person who is killed, mained and debased by war. The person on the ""other side"" eats sleeps, laughs and cry just as we do.",positive
"This movie is... horrible and wonderful at the same time. I first saw it when I was about 13 or 14 years old, so it has a great deal of nostalgic value for me. In this movie, Cesar Romero actually plays the character of Octavio, the man who ""discovered"" Santana. There are also two other actors, Monte Markham (plays Sam, who is trying to save his daughter) and Peter Mark Richman (plays the priest), who have large filmographies, and these are the only performances that are okay. The rest of the acting and the movie itself have all of the B-film qualities that some of us cherish.<br /><br />I recently spent 2 years trying to acquire a copy of this movie, and it is almost nonexistent. I am assuming that it was discontinued very shortly after its release. But I did eventually find a copy and paid a pretty penny to acquire it. If you happen to come upon Judgement Day in a video store (unmistakeable with a cheesy green ""satan"" on the cover), count yourself among the blessed who live near one of the few video stores that still has a working copy. A must see for those of you who like to laugh at cheesy attempts at a scary movie.",negative
"As is nearly always the case, when Britain comes up with an entertaining and/or successful sit-com or quiz show, the Yanks will come along and poach the format and produce their own, grossly inferior, version. Man About The House is, of course, no exception to that rule. The Yanks' version ( Three's Company ) was unwatchable, braindead pap that seem to run forever. A prime example of quantity over ( non-existent ) quality. The original, on the other hand, is a fondly-remembered gem that had the savvy ( like Fawlty Towers ) to pull the plug at precisely the right time ( unlike the 637 episodes of 'hilarity' that Three's Company came up with ). Jo was cute, there was brilliant chemistry between the Ropers, Richard O'Sullivan made it all look so easy, the scripts, whilst not exactly Oscar Wilde-standard, were consistently funny and Chrissy was THE most drop-dead gorgeous woman who has walked the face of this planet since The Dead Sea was merely feeling unwell. 'Nuff said.",positive
"This should have been a movie about Sam and his wife, the glorious Peter Falk and equally glorious Olympia Dukakis. That would have been a movie worth seeing. Instead it's a Paul Reiser vehicle, with a little Falk thrown in. The wonderful Elizabeth Perkins is also in this movie, but you'd hardly know it. I presume Reiser is under the impression that he's a giant movie star who needs an appropriate vehicle. He's not. Even more galling is that Reiser took the trouble to hire some of the best women character actresses on the screen today and then shoved them all into his background. Dukakis does not show up until the last 15 minutes, but when she does, the screen glows. The story is about Falk and Dukakis really, but we're subjected to a pointless, silly, preposterous road trip in which Reiser gets to show how very cute, precious and oh-so-deep with psychological insight (wrong!) he can be. For instance, In a restaurant scene that I imagine Reiser had hoped was ""Cassavetes-like"" there's a laughably false confrontation between Reiser and Falk that is so patently ridiculous, I was embarrassed for Falk.",negative
"This movie is not schlock, despite the lo fi production and its link to Troma productions. A dark fable for adults. Exploitation is a theme of Sugar Cookies, and one wonders if the cast has not fallen prey to said theme. A weird movie with enticing visuals: shadows and contrast are prominent. Definitely worth a look, especially from fans of Warhol and stylish decadence. Through all the cruelty and wickedness, a moral, albeit twisted, can be gleamed.",positive
"George Barry's ""Death Bed: The Bed That Eats"" is, at root, a dark fairy tale told via a horror-movie framework. It is, in my opinion, one of the best films of the 1970s, and it's downright criminal that the picture was basically stolen and distributed without Barry's knowledge (those responsible for this theft should be fed to the bed, ASAP). If you're looking for overt gore or rabid action, ""Death Bed: The Bed That Eats"" isn't the flick for you. ""Death Bed"" is a gentler, weirder drive-in picture; it plays like an utterly strange dream, half-remembered. I'd recommend reading Stephen Thrower's summation of ""Death Bed"" in Thrower's FAB Press book, ""Nightmare USA"" (he describes the movie's vibe perfectly). Whether intentional or not, I've noticed shades of ""Death Bed"" in everything from the ""Phantasm"" films to Michele Soavi's ""Cemetery Man"" to the magic-realism/slipstream fiction of authors such as Kelly Link. Barry is an original and in a fair world I'm sure he would've followed ""Death Bed"" with a number of fantastically bizarre films.",positive
"Karen (Sarah Michelle Gellar), an exchange student in Japan who is just beginning to do some social work, is sent to aid an elderly semi-catatonic woman, Emma (Grace Zabriskie), after her previous caretaker, Yoko (Yoko Maki), disappears. Karen soon learns that something is not right in Emma's home, and she attempts to ""see how deep the rabbit hole goes"".<br /><br />Maybe it's a delayed influence from the success of M. Night Shyamalan's films, but slower-paced, understated horror films are a recent trend. In some cases, such as Hide and Seek (2005), the approach works remarkably well, and in others, such as White Noise (2005), the pacing tends to kill the film. I didn't like The Grudge quite as much as Hide and Seek, but this is still a very good film--it earns a 9 out of 10 from me.<br /><br />The Grudge has a couple significant differences from other recent examples of that trend, however. One, it is well known that this is a remake based on the Japanese film series that began with Ju-On (2000) (in particular, it's extremely close to the first half of Ju-On: The Grudge, aka Ju-On 3, from 2003). Two, as with many Japanese horror films, the slower pacing here isn't so much in the realm of realist drama as with surrealism. As is also the case with a large percentage of European horror, The Grudge should be looked at more as a filmed nightmare.<br /><br />Director Takashi Shimizu, also the director of the five Japanese entries in the Ju-On series to date (the fifth is currently in production), and writer Stephen Susco have largely dispensed with linearity and are not overly concerned with logic or plot holes when it comes to the horror behind the story. The idea instead is to present a dreamlike sequence of scenes, with dream logic, where the focus is atmosphere, creepiness, the uncanny, and for many viewers--scares. How well the film works for you will largely depend on how well you can adapt yourself to, or are used to, this different approach to film-making (although admittedly, some of the seeming gaps are filled in by previous entries in the Ju-On series). Traditionally, American audiences consider as flaws leaving plot threads hanging and abandoning ""rules"" for the ""monster"". A more poetic, metaphorical, surreal approach to film isn't yet accepted by the mainstream in the U.S.<br /><br />However, even if you're not used to it, it's worth trying to suspend your normal preconceptions about films and give The Grudge a shot. This is a well written, well directed, well acted film, filled with unusual properties, such as the story interweaving a large number of ""main characters"" (which is done better here than the more episodic Ju-On 3), good cinematography, subtle production design touches (check out Gellar's clothes, which match the color and texture of the exterior of Emma's house, when Gellar first approaches), and beautifully effective horror material.<br /><br />Even though it is more slowly paced that your average horror film of the past, the pacing usually enhances the eeriness, and there is no shortage of bizarre events to keep horror fans entertained. The supernatural premise of the film is absorbing, and based on interviews on the DVD with Shimizu, have prodded me to pay more attention to Japanese beliefs and folklore. Although the most interesting subtexts would probably arise with a more intimate knowledge of Japanese culture, it's interesting to ponder why so many Japanese horror films feature scary children and adults who look like scary children.<br /><br />I subtracted one point for the film slightly veering into clichéd mystery/thriller territory with a ""here's what really happened"" flashback, but even that was fairly well done, and otherwise, this would have been a 10 out of 10.<br /><br />Now that I've said all of the above, let me finish with a mini-rant: It's not that I'm anti-remake, but it is ridiculous that U.S. distributors and studios feel that we need remakes of foreign films to make them appropriate for consumption. The original versions of these films should just be playing in U.S. theaters in wide release. There is no need to present an almost identical film but just substituting white American actors for non-white or foreign actors. Yes, The Grudge is a fine film, but ultimately, I'd rather see something original using this talent, and be treated to the latest foreign horror films--not just Japanese, but also Indian, Spanish, Chinese, etc.--at my multiplex. In the hope that someone with some pull at the studios reads this, it is also more cost-effective to do this, as (1) you can completely avoid production costs, and simply make domestic distribution deals from which you receive profit, and (2) you can make money off of fans like myself who otherwise pick up the foreign film DVDs in foreign manufactured or even bootleg versions.",positive
"- A newlywed couple move into the home of the husband's dead former wife. It's not long before the new wife begins to have the feeling that someone doesn't want her in the house. She sees skulls all around the house. But when the husband investigates, he can't find anything. Is someone trying to drive her back to the asylum that she was recently discharged from? Or, is the ghost of the dead wife trying to get the new wife out of her house? <br /><br />- This is the first time that I've watched The Screaming Skull without the assistance of the MST3K crew. And, it will in all likelihood be the last time I watch it this way. Can you say dull? I'm not talking ordinary dull - I'm talking watching grass grow dull. There are great stretches of the movie where nothing happens. The screen could have gone blank and I would have gotten as much entertainment out of it. The characters drone on and on with the most monotonous conversations imaginable. The Screaming Skull could probably be marketed as a sleep aide.<br /><br />- The actors don't help matters much. Most of them deliver lines with the conviction normally reserved for a grade school play. I haven't looked it up, but I would be shocked to find that anyone associated with this movie ever appeared in anything of cinematic value. I won't even go into the script the actors are given to work with. Let's just say that the characters are given some of the most idiotic lines ever uttered on film.<br /><br />- You've been warned! Either avoid this one at all costs or, at least, seek out the MST3K version.",negative
"Doll Master is an example of a lousy horror film, fallen somewhere in the space with it's two not so well established genres, a horror film and an emotional drama film. Seems like The Doll Master tries very hard to be a very scary horror film, but it fails. The noise of the dolls while moving is like taken from the croak of Kayako in Ju-On, and the crawls are like sadako esquire. The killing dolls will remember you a cute version of ""Chucky"". But compared to Child's Play, this film is more superb. But the story seems a nothing, the brilliant camera shots and the brilliance of acting was taken away cause of the plot.<br /><br />Don' watch this if you are expecting great shocks.",negative
"I still can't believe that Wes Craven was responsible for this piece of crap.This movie is worse than ""Deadly Friend"".The plot is stupid,the acting is mediocre and the film is deadly dull.I don't know why Wes Craven hates his debut ""Last House on the Left""-an absolute masterpiece of the genre and likes(probably)this turkey.Don't get me wrong,I really like some of his movies,but it was a real torture sitting and watching this.",negative
"I enjoyed every moment of this beautiful film and was intrigued about this female painter I had never heard of before. So I set out exploring her life and work afterwards. As could be expected, I found out that the film was not exactly historically accurate. I was a little astounded however by the very negative comments on the film because of this inaccuracy. Come on, guys, a film isn't and shouldn't be a biography (nor a novel!). Any historical film distorts reality, because it should be a work of art in its own right. A film director is fully entitled to use elements from reality and history to create a world of his own. Artemisia is a wonderful film and I think it brought many people (including some that now give negative comments) to explore the life and work of this fascinating artist.",positive
"or: It's a bird ? It's a plane ? No, look... It's a disaster ! or: No need to look up in the sky.<br /><br />or: (... OK, that's enough.) If singer tried to make a romantic titanic like movie to crash the box office record, he failed. The SR structure can't do this, the dark and restricted color scheme (I would call it ""wishi-washi""), the boring usual dialogs, the clown with advanced alien technology, the missing fun and magic, etc. makes the movie completely disappointing.<br /><br />It simply doesn't work.<br /><br />The main thing at a character like superman is, that he is a superhero. That's the core, the most important thing.<br /><br />Love trouble and a sadly lost depressive Supersoftie can maximal only be a facet in a 2:40 long Superman movie, not the whole time.<br /><br />Because then it is not a superman or superhero movie anymore. It's like a (and in this case a very bad and boring) social study, where every 30 minutes a person flies around.<br /><br />That's a big difference.<br /><br />This movie is a joke. Holy skywalker, this is Superman, so give us Supervillains, Superaction and the most important thing, Superfun.<br /><br />We want ENTERTAINMENT ! Singer, if you want to make a 2:40 long soul love trouble drama about lost and sadly people ? Then take normal human characters and make a yentl remake.<br /><br />They say: Superman returns. And then, supersadlysoftie stands in the door.<br /><br />Maybe singer has tried to kill the legend without kryptonite, but one bad movie can't do this. Don't give up, they plan a sequel...<br /><br />Next time singer (and Warner Brothers), make a superhero movie, not a depressive superlame soap, or let it be. A superhero movie means a colorful fantasy with a lot of fun and magic.<br /><br />This movie is like a very cheap chocolate box with a super cover. Yes, technically there are all sorts in, yes, there is a lot of small talks, there are a few jokes, a view action scenes, etc, but the only one what all these worse pieces have in common is their poor quality.<br /><br />It's not more than a super boring patchwork and one of the worst movies I have ever seen in my live.<br /><br />The ridiculous cast strategy (Cast them young as possible, so we can make sequels in the next 25 years) gives the rest. Kate Bosworth plays a 22 year old star reporter, she's looking like 19. Superman was full five years away, so he slept with her 6 years ago, so she was 16, (looking like 13) and a daily planet reporter, wroting ""I spend a night with superman"". Warner Brothers, that's too much.<br /><br />Routh is not so bad, he is playing a little bit wooden, but the whole movie is wooden, so... ?! Temporary good were marsden and sometimes posey. The rest, forget it. Even spacey, this is not his terrain.<br /><br />Reeve/Hackman/Kidder were acting so easy, with fun. What a difference.<br /><br />The Jesus poses at the end are ridiculous too. What the hell should that be ? The problem here is, they mean this serious, not as a joke. Next time Spiderman or Batman or Ironman falls and rises like Jesus or angels ? Or they speak with god directly. Why not ? They are superheroes, saving human lives every day. So at least one talk with god every week should be possible... Oh my god.<br /><br />Maybe this was not the real announced movie, instead it is from a bizarre dull parallel universe.<br /><br />For the warner brothers this superlame depressive flick will be possibly the greatest disaster in history. Not only because of the money.<br /><br />I understand how difficult it (maybe) was to create and transport some messages or feelings, but showing lone, lost and sadly people isn't new and thousands of movies or TV-Shows did it better, in very old or new ones like magnolia. And the flying frogs there were more impressive than this flying superwoman, sorry, superman of course.<br /><br />Singer and WB, that's simply nothing. In fact it's even more than nothing, it's like a black hole that destroys the passion for (comic/superhero) movies and steals us three hours of our life.<br /><br />Mrs. Smilla's little brother. (Very angry and green like the hulk.)",negative
"About the baby: Why wasn't big brother assuming he'd be hungry for a bottle or some nourishment or a diaper change? He should have been screaming non-stop after that many hours without care. Definitely stupid to take the baby from a safe place when he didn't need to.<br /><br />And why was the road miraculously clear whenever anyone wanted to drive somewhere? Didn't any uprooted trees fall on the roads and block them?<br /><br />I can't imagine the cops at the roadblock not immediately following after any young person who would crash it, especially when they said it was dangerous to go there.<br /><br />That being said, it was nice to have a movie children could safely watch, for a change.",negative
"I don't go for that many ""heist"" comedies, and I might not care for this one if it weren't for the actors, when it was made, and when I FIRST SAW it (just a few years later). It's almost too similar to ""The Happening"" (even though it's obviously a much less serious comedy than that one) - Mafia figure takes over his own kidnapping, or rather, turns it in a different direction altogether. Of course, Raquel Welch didn't play the kind of sharp character Faye Dunaway did in The Happening, but that doesn't make it a sexist film either - she was practically playing a stock character, almost HER version of a ""moll""! But, I'm completely biased - it's among the first films I ever saw with her, and at the time I saw it, you couldn't turn around without seeing a poster of her (luckily). I think Robert Wagner was really just right as the neither thoroughly likable nor dis-likable leader of the group, as were Edward G. Robinson (naturally) and Vittoria De Sica. And Godfrey Cambridge, an actor who always managed to be funny.",positive
"I have never understood the appeal of this show. The acting is poor (Debra Jo Rupp being a notable exception), the plots of most episodes are trite and uninspiring, the dialogue is weak, the jokes unfunny and it is painful to try and sit through even half an episode. Furthermore the link between this show and the '70s' is extremely tenuous beyond the style of dress and the scenery and background used for the show -it seems to be nothing more than a modern sitcom with the same old unfunny, clichéd scripts that modern sitcoms have dressed up as depicting a show from twenty years ago in the hope that it will gain some nostalgic viewers or something like that. Both ""Happy Days"" and ""The Wonder Years"" employ the same technique much more effectively and are actually a pleasure to watch in contrast to this horrible, pathetic excuse for a show",negative
"Mmmm, a previous summary says ""if you like aliens and predator you will enjoy this film"" i could not disagree more, this film pays no respect to its weighty lineage and has reduced two of the best loved sci fi strands to little more than a teen horror slasher movie, it has none of the tension or foreboding present in previous alien or predator movies and there is no discernible lead character, i really did not care about any of the characters and i positively yearned to see the stereotypical cast die as soon as possible in the vain hope something better would replace them, it really takes super human incompetence to have two of the most fearsome creatures ever invented positively fail to make a gripping thrilling movie, only watch this if you want to see how NOT to do it.",negative
This movie is so bad that it actually gets funny. One of the worst movies I've ever seen in my entire life. The funny thing was that the trailer had scenes in it that wasn't in the movie. Just by watching the trailer I would have saved a lot of my time. It actually showed everything that happened in the movie except for the conclusion and that was also so obvious.<br /><br />It's honestly hard to think of a reason why this movie was made. This is just so bad. Horrible. <br /><br />I would give it 0 out of 10 if that would be possible. There is nothing else to say about this movie.,negative
"For me, North and South (Books I&II) is the ultimate TV series of the 80's. Just spotting all those cameo appearances was highly entertaining.Gene Kelly, James Stewart, Elisabeth Taylor, Olivia De Havilland, Robert Mitchum, even Johny Cash¡ No series has come close to this achievement.Have you ever seen anyone looking like Lincoln? Dick Smith's prosthetics made Hal Holbrock's powerful performance even more so. The crafted costumes, the jaw dropping locations, everything. It's clear that nowadays there are excellent and bright TV series (Desperate Housewives, Lost,24) but North & South was, and still is, one of its kind. Don't miss it. Only David Carradine's portrayal of the ultimate villain (you may call him just violent husband) worths the viewing. Maybe some characters and situations are too stereotyped, I admit it but the positive sides clearly cast a shadow over them. I'm so glad that finally is available on DVD in Spain.",positive
"what a relief to find out I am not imagining this programme! the summary from taxman is great. I too remember finding it haunting and not particularly family viewing, I must have been 10/11 at the time I watched it. I think for a girl that age part of attraction was lead's very blond hair, and his permanently sad state. The theme was played on a flute I recall - although I cannot remember how it went. I think the intro showed him playing it - or maybe he played a flute in the programme and especially when he was sad? Maybe I am destined never to know how it ended or to see clip or hear the tune, but at least I now know it is not just me.",positive
"In the opening scenes of this movie a man shot arrows through his hotel room into another man's bathroom and blew out all the lights. This must have been very hep for 1936, but rather way way out and had nothing to do with the film, Robin Hood did not make an appearance as far as I could see. However, Bette Davis(Daisey Appleby),""The Whales of August"",'87 was very young and attractive and performed one of her best roles in a long career in Hollywood. Daisey never stopped teasing or being very sexy with her nightgowns and so called swim suit on her yacht with George Brent(Johnny Jones),""The Spiral Staircase"",'46. Daisey even proposed marriage to Johnny in a Ferris Wheel upside down and even got a black eye. Davis and Brent made a great couple, one suppose to be very rich and the other a very poor reporter. Off stage, Davis and Brent were having a real torrid love affair, which is good reason why there was sparks when these two appeared in this film. If you liked Bette Davis and George Brent, this is the film for you!",positive
"I may be biased, I am the author of the novel The Hungry Bachelors Club, self-published in 1994. The screenplay was written by my good friend and hungry bachelor, Fred Dresch, who was the inspiration for the character Marlon in the film. I couldn't be more pleased with the trailer, I hope to see the film in its entirety and I will further comment. But Jorja Fox, who plays Delmar Youngblood, my character, is stellar. She carries the bulk of the emotional vehicles in fine form. I couldn't have done better myself! This looks like real people, hardly formula driven and thankfully drives my statement against racial prejudice home, gracefully and heartfelt.",positive
"The superb star quality of Gerard Philipe, who died way too young, leaps from the screen in this witty, funny, sly swashbuckling comedy with plenty of sword fencing and knockabout antics. Charmingly loopy in its' storytelling, impossible to resist. A sweet romantic comedy with a very young Gina Lollobrigida as the love interest. A movie one will remember with great affection.",positive
"Emma is a horribly flawed film based on Jane Austens classic novel. I have not read the book so I really didn't know that much about the plot, and yet I still predicted nearly the entire plot. There were also many scenes that frustrated me because of the bad writing or directing. The film is though for some reason very entertaining and I loved it. Of course there were all the scenes I disliked but the majority was well acted and funny. Gwyneth Paltrow gives one of her best performances as the heroine in Emma. The film also stars Toni Collette(Who has okay but has been much better) Ewan Mecgreger(Who has also been better but he is still very good here) Alan Cumming(Who I have never really been impressed with and is pretty much the same here) and Jeremy Northam(Who's performance is rather wooden at first look but actually fairly subtle, even if that was not what it needed) There have been much better adaptations of Jane Austen books but this one is still very entertaining and worth watching.",positive
"A widely unknown strange little western with mindblowing colours (probably the same material as it was used in ""Johnny Guitar"", I guess ""Trucolor"" or something, which makes blood drips look like shining rubies), nearly surrealistic scenes with twisted action and characters. Something different, far from being a masterpiece, but there should be paid more attention to this little gem in western encyclopedias.",positive
"A swedish splatter movie? Has the world gone insane?<br /><br />Probably not, but it's still not a common sight in these days with swedish gore-flicks, the b-movie business in Sweden seems to have troubles these days, long gone are the golden days of ""Rymdinvasion i lappland"". And this movie seems to have some troubles on its own: it's just too much talk in it, it still manages to be somewhat amusing mainly for the good FX, which are great for a b-movie. The script and most of the acting is still pretty bad though, but that actually don't matter that much, it's supposed to be a gore flick and nothing more, that's where it goes a bit wrong for some reason. There's is simply not enough blood to fill the void. <br /><br />Every person who know about Gert Fylking will have a good laugh over his role as a sgt. though. I nearly laughed my ass off. It's really that hilariously bad. <br /><br />Besides the good parts I've listed there's really nothing else to recommend here unless you're starved for swedish B-movies.<br /><br />4/10",negative
"I want very much to believe that the above quote (specifically, the English subtitle translation), which was actually written, not spoken, in a rejection letter a publisher sends to the protagonist, was meant to be self-referential in a tongue-in-cheek manner. But if so, director Leos Carax apparently neglected to inform the actors of the true nature of the film. They are all so dreadfully earnest in their portrayals that I have to conclude Carax actually takes himself seriously here, or else has so much disdain for everyone, especially the viewing audience, that he can't be bothered letting anyone in on the joke.<br /><br />Some auteurs are able to get away with making oblique, bizarre films because they do so with élan and unique personal style (e.g., David Lynch and Alejandro Jodorowsky). Others use a subtler approach while still weaving surreal elements into the fabric of the story (e.g., Krzysztof Kieslowski, and David Cronenberg's later, less bizarre works). In Pola X, Carax throws a disjointed mess at the viewer and then dares him to find fault with it. Well, here it is: the pacing is erratic and choppy, in particular continuity is often dispensed with; superfluous characters abound (e.g., the Gypsy mother and child); most of the performances are overwrought; the lighting is often poor, particularly in the oft-discussed sex scene; unconnected scenes are thrust into the film for no discernible reason; and the list goes on.<br /><br />Not to be completely negative, it should be noted that there were some uplifting exceptions. I liked the musical score, even the cacophonous industrial-techno music being played in the sprawling, abandoned complex to which the main characters retreat in the second half of the film (perhaps a reference to Andy Warhol's 'Factory' of the '60s?). Much of the photography of the countryside was beautiful, an obvious attempt at contrast with the grimy city settings. And, even well into middle-age, Cathering Deneuve shows that she still has 'it'. Her performance was also the only one among the major characters that didn't sink into bathos.<br /><br />There was an earlier time when I would regard such films as ""Pola X"" more charitably. Experimentation is admirable, even when the experiment doesn't work. But Carax tries nothing new here; the film is a pastiche of elements borrowed from countless earlier films, and after several decades of movie-viewing and literally thousands of films later, I simply no longer have the patience for this kind of unoriginal, poorly crafted tripe. At this early moment in the 21st century, one is left asking: With the exception of Jean-Pierre Jeunet, are there *any* directors in France who know how to make a watchable movie anymore? Rating: 3/10.",negative
"It is a tricky thing to play a queen. On the one hand, the actress has to be majestic and imperious, and on the other, she has to show vulnerability in a tough situation as well as the gathering of the courage and resolution to overcome the odds, since almost all movies about queens have that basic plot line. <br /><br />Emily Blunt is quite radiant as Victoria, but it's not as full a performance as I'd like, no blame to her. I can't help but feel like this is a Mills & Boon novel adaptation compared to a darker, more dramatic movie about another young queen, Elizabeth. Hence Blunt doesn't get to run the gamut of queenly emotions, at least not to the full extent, since she's, y'know, the young Victoria. To see the old Victoria, check out Mrs Brown.<br /><br />Jean-Marc Vallee is an interesting choice of director for the movie. He last did C.R.A.Z.Y., which was excellent and propelled him to fame. It was quite a different movie but I remember it looking gorgeous and that's probably the main similarity between the two movies. But while Vallee wrote C.R.A.Z.Y., this one was by Julian Fellowes, and though I really enjoyed his Gosford Park, the story for this movie was much less interesting. I soon got lost with all the governmental politics. Maybe it was less engaging because there was no potential beheading of the monarchy. I'm just saying.",positive
"CRYSTAL VOYAGER is a strange documentary about an eccentric surfer living in Australia. An American by birth George Greenough has surfed and photographed himself, friends and recently, dolphins, in Australia for 35 years, all using various re invented cameras which he either straps on his back, board or boat. In the mid 70s he teamed up with Surf Mag editor and budding film maker David Elfick to create this visually interesting tale about this life and photography. The 75 minute feature CRYSTAL VOYAGER is the result. Even in the 70s audiences were a bit puzzled by this film, neither surf-ing movie nor surf movie, because George swims about on a children's zippy board, not a real surfboard.... it offset the tedious droning of George (occasionally so dry or droll that it was actually funny.. like almost setting himself on fire or falling over something) with a spectacular 'you are there' power glide through a wave that ran for 23 minutes all set to Pink Floyd music. In 1974 when the Sydney Opera house opened, it also contained a cinema. Crystal Voyager was booked in there as an arty-sporty OZ pic and by default became a hit: as the 'opera house tickets' cost far more than a movie ticket, audiences flocked to see this film as an excuse to 'have been to the Sydney Opera House'...so the film did record business as a low budget attraction to locals and tourists who wanted to tell neighbors that they had seen a show 'there'. This created this myth that the film was a huge crowd puller and the reputation spread. As a result it was teamed with the fantasy cartoon FANTASTIC PLANET and had a trippy run through the UK and Europe as a double feature. I ran it at a coastal cinema in the 70s and the crowd was rather nonplussed about it all. Recently George has re emerged Lord Of The Flies style with another well photographed sea adventure called DOLPHIN GLIDE that offers viewers a dive and swim with the wild dolphins of Byron Bay. It is an eccentric 20 min short with an even more eccentric 20 min 'how George did it' short. Each were met with a collective yawn by both the media and the pubic in January 2005.... all of which makes CRYSTAL VOYAGER a 'you had to have been there' fluke all those years ago. However at a special Oz Surf night at an outdoor cinema last year 2000 people turned up....but then 2000 turn up every night to see anything there during this summer season of films.....so the damned thing fluked another box office binge. How many actually enjoyed it is very much open to debate. Again they were more than likely just plain puzzled by this mad film with an astonishing reputation. Elfick however, since 1975, has gone onto a stellar career as a major producer and director of many lauded Australian and international films. Look up NO WORRIES or STARSTRUCK or UNDERCOVER or RABBIT PROOF FENCE or LOVE IN LIMBO for clear and present applause at his achievements. George, however, is still floating around out there somewhere droning away and looking for something else to film, or drop a camera on.",negative
"As a South African, living in South Africa again after a 32 year stay in the UK, I am sorry to say that this movie is a huge disappointment. The three main problems I had with the movie was a) why Swank and Ejiofor - an American and a Nigerian - to play the leads. This country is bursting with talent and has no need of imports... b) Gillian Slovo has been trading off her Struggle credentials for years now. She's a very mediocre writer and even her novel doesn't stand up the flaccid direction of Mr Hooper... and c) Hilary Swank again, such a great actor, as proved in Million Dollar Baby (but that's Eastwood too), here dressed in the contemporary New York style whilst roaming freely around the poverty of the Karoo. Where was the consideration and sensitivity needed by the costumer and director? Yes, the film is ultimately moving - how could it not be? - but the overall mood at the conclusion is one of tremendous letdown. Heart's in the right place but needs a pace maker.",negative
"'The second beginning' as it's title explains, shows us the beginning of the end for the human race. Set long before the matrix existed, this short anime written by the Wachowski's shows us the world that could lay infront of us in the not to distant future, set at the turn of the 21st century, the second renaissance delves into issues common with human behaviour; greed, power, control, vanity etc.<br /><br />The use of robots or artificial intellegence as slaves or servents is common among science fiction/fantasy stories. The second renaissance is no exeption to this concept, however instead of a simple man vs. machine layout, this story explains the struggle that the machines put up with, the struggle for acceptance in a world ruled by humans. Where the matrix films show us the human perspective, these short animations tell both sides of the story.<br /><br />The second renaissance part 1 + 2, answer many questions brought up by the original Matrix film, such as how the war broke out, how the sky was blackend, what led to the use of humans as batteries and it also introduces us to the machine city called 01, which may have relevance to the upcoming Matrix Revolutions film.<br /><br />I won't give away too much of the story, as I do not want to ruin the experience for perspective viewers, however, I will recommend it to anybody interested in the world of the matrix or simply anybody interested in Japanese animation (anime).<br /><br />9/10.",positive
"I haven't actually finished the film. You may say that in this case I have no right to review it, especially so negatively. But I do, only because I stopped it on account of I couldn't watch anymore...I got over halfway, and I only got there by promising myself something good was just around the corner. This film is so tiresome, so lackluster that I was actually insulted. I haven't read many of the other reviews, so I'm not sure if there are other homosexual teens who have suffered through it, but I am homosexual, and I did go through ""similar"" revelations, day dreams, issues etc etc. There were maybe two moments where I actually felt this film could go somewhere, where I felt it may have some inkling of meaning, or relativity, but these hopes were dashed the moment the next set of cliché-ridden narration came on. I mean, just look at the quotes on the IMDb page. Unfortunately you're not able to hear the scratchy play back, nor the echo-ey fades if you're just read the quotes, because they are just too painful/ridiculous/stupid to miss. I did give the film three stars, and all three of those stars go to the films cinematographer who did a fantastic job attempting to transform Archer's tired ""concepts"" into something watchable. Mind you, I pray he wasn't the one who decided to include all the long shots of TV closeups...another unnecessary cliché already over done in films such as Korine's Gummo... I think it is extremely fitting that this film premiered at Sundance (only because Archer had connections in the festival via volunteer work he did, by the way...) because Sundance seems to be the one festival where cliché heavy drivel like this is still accepted as ""arthouse"". No, it's not art house, I'm afraid it's just plain s**t-house. Do not watch.",negative
"Blackwater Valley Exorcism is set on a small town ranch where teenager Isabelle (Kristin Erickson) is found wandering around covered in dog's blood. Her parents Ely (Randy Colton) & Blanche (Leslie Fleming-Mitchell) own the ranch & are deeply worried about their daughter, recently she has not been herself & is considered a danger to herself & other's. Ranch hand & ex-priest Miguel (Del Zamora) recognises Isabelle's symptoms as a possible case of possession & when she starts to speak ancient Latin in a strange voice he becomes convinced of it. Blanche calls priest Jacob (Cameron Daddo) who is her other daughter Claire's (Madison Taylor) ex husband to see Isabelle, he confirms Miguel's suspicions & accepts the job of performing the exorcism that will hopefully banish the demon inside Isabelle & an innocent girl free...<br /><br />Directed by Ethan Wiley I was sat there in my house in front of my telly watching Blackwater Valley Exorcism & I kept asking the same question over & over again, why do I do it. Why do I keep sitting through all these awful low budget horror films that look like they were shot on a camcorder? Right lets honest about this, Blackwater Valley Exorcism is a complete total & utter unashamed rip-off of The Exorcist (1973) & you literally tick off the major plot points that the two share. There's the possessed teenage girl who starts to get very horny & suggest inappropriate things, the demon that uses past misdemeanour's against other's, the worried parents, the way that the possessed girl is shunned by doctor's, the priest with a troubled past & the possessed girl is tied to her bed amongst other things. I suppose where Blackwater Valley Exorcism is different (other than it's total crap) is that it tries to give all the character's some screen time & tries to get across how the situation is affecting them but it's so badly written & acted it just ends up being boring. The film starts with Isabelle already possessed so we never knew what she was like as a normal person so we never really care about her or what is happening to her either, the rest of the character's are poorly written & fleshed out. At times I wondered whether Blackwater Valley exorcism was a spoof, there's a silly scene in which a vet tries to sedate the possessed Isabelle with horse tranquilisers & after he states that she needs a 'little prick' he enters her room with a huge needle hidden behind his back! There are a few scenes in which people are punched accompanied by a silly comedy sound effect. The film has an uneven tone as a result as it goes between silly spoof & serious horror drama, or it did in my opinion at least.<br /><br />According to some text before the opening credits Blackwater Valley Exorcism was based on 'Actual Events', yeah right actual events from 1973 that happened in a film called The Exorcist... This piece of text also states that the exorcism scenes were supervised by a real priest. There isn't even any decent gore or exploitation to liven things up, there's a scene of a cut arm, there's a dead dog, someone is stabbed with a crucifix & that's about it. There's surprisingly no bad language in it either despite the demon trying to be offencive. I would imagine the only reason Blackwater Valley Exorcism has an adult rating is because of one very brief scene in which a pair of breast's are seen. One pair of naked female breast's is not worth the time watching this or the money you might spend on it. There is zero scares, no atmosphere & a really amateurish feel to the whole film too.<br /><br />With a supposed budget of about $1,000,000 I must say that I am wondering where all the money went, the film looks ugly & cheap throughout. There are no special effects to speak of & the production values are rock bottom. The acting is very poor from all involved, genre favourite Jeffrey Combs gets near top billing during the opening credits but has nothing more than a cameo in what amounts to about five minutes of screen time. Even he must have feared how bad this was going to be has he hides behind a moustache & a terrible accent, he is better than this.<br /><br />Blackwater Valley Exorcism is a complete rip-off of The Exorcist without anything that made that film such a classic & the makers are thirty five years too late anyway. A total turkey from start to finish.",negative
"""Ambushed"" is no ordinary action flick. It's much to bad to be ordinary. One man walks toward another with a machine gun blazing. The other man fires one round and fells the man with the greater fire power without so much as a nick from the hail of lead raining down on him. Guess which one is the good guy. Duh. Such is ""Ambushed"" through and through. Not a good action flick, not a good drama, not a good movie, ""Ambushed"" fails on all levels with it's cast of B-movie veterans mechanically going through the motions almost as though they know they're making a real loser. Not recommended for anyone.<br /><br />",negative
"One more of those brilliant young men who went all out and dared to make a teen romance film( can i actually call it that?- it would invoke the devil out of its fans)on a micro budget but packed with such taste, sensitiveness and maturity. Peter Sollett- you deserve more admiration and respect.Thanks once again for demonstrating to the powers that be in the ""industry"" that stereotypes can be flushed down the toilet. One location,a handful of rich characters, low budget,good acting(and that too amateurs),decent lighting - worshippers of true indie cinema should watch more of this and STOP watching...well...you know what.",positive
"""In Love and War"" is a simple feel-good TV-film, and should be viewed as such.<br /><br />(Possible spoiler)<br /><br />It is the story of a WWII British soldier, Newby, captured with his commando by the Italians and imprisoned in a former orphanage. As the Italians surrender to the Allies, the commando is freed, and attempts to flee. However, the Germans arrive and the commando is captured again. Only Newby, injured, remains at large. The rest of the film recounts how he is hidden and protected by the Partisans, and his survival.<br /><br />(End of spoiler)<br /><br />Based on a true story, ""In Love and War"" is a refreshingly straightforward film. Half comedy, half romance, the story is simple and unambiguous. The 'atmosfera' is warm and sunny, and the various stereotypes (the desperately unorganized or romantic Italians, the serious stern-looking Germans and the phlegmatic and pragmatic British), although unoriginal, are still humorous. Nicola Piovani's musical score also adds to the Mediterranean flavour.<br /><br />Although it is far from being a ""Tea With Mussolini"" or a ""La Vita E Bella"", ""In Love and War"" is a sweet simple film that will put a smile, and maybe even a little tan, on your face.",positive
"Probably the most accurate Stephen King adaption yet. Not surprising, since King himself wrote the screenplay. The story follows the Creed family moving into a beautiful Maine house. One of the other residents is Jud, a pleasant old man who knows a few things about the area. One is the highway that runs right through their frontyard. The other is a path leading to the Pet Sematary, where children for decades have buried the animals killed by the highway. Soon enough, Ellie Creed's cat, Church, is found dead. Luckily, this happens while the family, with the exception of Louis(the father), is away for Thanksgiving. Jud takes Louis to another burial ground, beyond the Pet Sematary, where Church is to be buried. Later, Louis is greeted(not so politely) by Church. He's returned, appearing to have chewed his way out of the bag he had been buried in. Maybe he was buried alive. Maybe not. Nothing more I can say without ruining the story.<br /><br />Of all the King adaptions I've seen this would be the most terrifying. The characters are real and the situations are normal. Mary Lambert does a great job directing the proceedings. Suspense is kept fairly high throughout the film, due in part to the plot development. The scene where Gage is killed will stick in your mind forever. Then, of course, we have the conclusion. Easy to determine what's going to happen, but Lambert pulls off some genuinely scary, and sometimes disturbing, moments.<br /><br />Overall, this is a good film and an excellent adaption. If you enjoy being scared and don't mind being haunted by some occasionally disturbing images then ""Pet Sematary"" is just what you're looking for. Non Horror fans will want to avoid this.",positive
"Do you know that they want to escavate the Moon for real?And in Geneve there is the debated project that could lead to make possible time machine?All i can say about this movie that is based on facts about future(at the time of the movie)scientifical projects but real. Hope the moon will exist not happen as in the movie. Now about the movie itself, I saw the original movie too, and I also read the book. The book I didn't like though, but the movie yes.I totally agree with a previous comment that this movie was depressing,unlike the 60's one.That was very good with force, this one was only a paralled future of what is good movie.",negative
"I have done quite a few reviews on IMDb and this film is unique in that I never saw the entire movie. It was so terribly stupid and unfunny that I just couldn't sit through it--though I tried.<br /><br />The biggest problem with this and any Mel Brooks movie I call ""the Mel quotient"". In other words, the better his movie, the less of him you see in the film. Think about it--The Producers and Young Frankenstein were great films and he was barely in them at all. BUT, films like Life Stinks and Space Balls are chock full of Mel and are pretty dopey movies (yes, I DID NOT LIKE Space Balls--but this isn't the place to talk about that).<br /><br />Second, apart from cancer, rectal itch and mental retardation, I can't think of a less funny topic than homelessness. This is just a comedy breaker. Think about it, folks. The FUNNIEST(?) scene in the movie has Mel making whoopee with Leslie Ann Warren in a dumpster!! And this is funny in what way?",negative
"I was excited to discover this late sixties comedy staring some of my favorite people - Maggie Smith, a very young Bob Newhart and, of course, Peter Ustinov. My disappointment was thus compounded to discover the film doesn't work as either a comedy or a perfect heist film. Ustinov plays a small time crook just out of prison who sets his sites on a large American corporation based in London. Bluffing his way past dimwitted CEO Karl Malden and tech geek Newhart, Ustinov passes himself off as a computer expert and immediately plans the 'perfect heist' part of the film. To do this he needs to get passed a tamper proof security system that guards the corporation mainframe. And here is problem one. His perfect plan only works because everyone else in the film is remarkably trusting and stupid. His lame excuses are taken at face value and this must be the only computer center anywhere not to bother with video cameras. The second problem is the heist (fraud really) happens within the first 30 minutes of the film robbing the rest of the picture of much in way of dramatic tension. Maggie Smith is sadly miscast as Ustinov's ditsy next door neighbor/secretary who just can't keep a job. I love Maggie Smith but she just seems too together here, too composed, the part called for more of a wacky, physical comedian. Furthermore, Ustinov and Smith have no chemistry together, maybe it's the age difference, but the later romantic relationship, as devoid of actual romance as it is, still comes off a little creepy. Ustinov co-wrote the script, and it was thought well of at the time, but I found it unfunny, meandering and a sad waste of a great cast.",negative
"I was dragged to this movie about four years ago by a French actress friend of mine.<br /><br />For the first half hour I was sitting in my uncomfortable seat at the New Beverly theater in Hollywood, hating this film, hating myself and even hating the French actress. And then...<br /><br />I don't know what happened but I was pulled into the film in a way that I hadn't been in years. And this was despite the fact that one of the projectors broke and they had to do each changeover by hand. I was in the theater for close to four hours, but it was worth it. <br /><br />I believe that great movies pull you inside a world, make you a part of it and then drop you off to talk about with your friends over coffee or a drink. This film did that. It was one of the best filmgoing experiences I have ever had.<br /><br /> <br /><br />",positive
"I am a longtime fan of the original of this movie (Bella Martha/Mostly Martha), and everything that makes that movie great and enjoyable to watch is missing from this one. I miss the slow pace, the build-up of characters and their style in small gestures, the dominance of lights and moods and moves over dialog. I don't think that the story itself is enough. Martha/Kate is more secluded, and Mario/Nick is not a clown. In most of the cases the things that makes one scene great in the original, its is not working in its copy here. The small alterations take away the tension. My opinion is that you should go and see the original. It'll worth the inconvenience of subtitles.",negative
"The Haunting is a film that boasts a really creepy house, good effects work and sound work, a cast that seems to believe that everything around them is real and that house. There are scenes that make you jump, and the sinister aspects of what went on at Hill House in the past, I found interesting. There are genuinely creepy moments in the film and I liked the way the ghosts manifested themselves in sheets, curtains and the house itself. Jerry Goldsmith's score gave it the right atmosphere and the sound design had voices popping up around you. What I wish could've happened is for something a little more intense. Jan De Bont had a PG-13 rating to contend with and I think that he held back a little too much. Poltergeist scared me silly when I saw it many years ago, and it still holds up. The Haunting could've used a few more scenes of pure terror. The ending was for me, a little anticlimactic. Overall, I enjoyed it. The acting is good and there are moments that make you jump. I just wish it scared me more.",positive
"This movie is a shameful result of what happens when:<br /><br />A) It is written, directed and produced by an idiot. and/or B) It was rushed in production to satiate the poker/Stu Ungar craze. <br /><br />The story from beginning is uneven. Vidmer spends too much time on Ungar's childhood and not enough on some of the legendary tales -- such as counting cards, his blackjack escapades, the roll of money as id. He also leaves out mentions of other poker greats such as chip reese, brunson etc. The movie is a complete mess from beginning to end. <br /><br />If you want a more complete and accurate account, read the book One of a Kind. If you thought the movie was good, read the book and change your mind.",negative
"This movie was NOTHING like the book. I think the writer of the screenplay must have wanted the job of writing the sequel to Gone with the Wind and been turned down. This was his or her way of getting their ideas in anyway. The only similarity between this movie and the story it was portraying was the names of the principle characters and the location of the main action. None of the events that are shown in the movie happened that way in the book. For a Gone with the Wind fan (of both the book and the movie) this was deeply disappointing. If you loved the book Scarlett, don't watch this movie hoping to see it played out on the screen. They only share the title in common.",negative
"""Cat In The Brain"" is a series of extremely violent sequences knitted together by a plot that feels more like an overview, describing director Lucio Fulci's most notorious years of film-making. The movie could also be seen as a dark comedy of sorts, effectively spoofing the various claims that violent cinema causes violence in real life. Fulci goes further than that, he casts himself as the star, the central figure of the film thus showing the audience who is the man behind all the cinematic gore. ""Cat in The Brain"" is not about presenting a clear story and following it. Instead it pokes fun at some of the clichés that have been surrounding the horror genre for years.<br /><br />Lucio Fulci plays himself as a horror director struggling to keep his humanity intact. Years of violent film making have finally began to reach him. It starts slowly, steaks and meat in general begin to disgust him, his colleagues assure Fulci that all he needs is some rest. But that doesn't help and soon the grotesque ideas for his movies begin to overwhelm his daily thoughts. In an attempt to find a cure for his dangerously maddening mental state Lucio starts going to the local psychiatrist. Unfortunately that does more wrong than good and Fulci is thrown into an even bigger mess, as the psychiatrist turns out to be a psychopath, who mimics the murders from Fulci's films in real life.<br /><br />The film retains all the trademarks of Italian splatter cinema, good or bad they are all here. So any comments about the acting or the technical aspects and budget constrains are quite irrelevant as to the quality of the film. It is a visual experience, no doubts about it. Fulci throws in an incredible amount of violence easily surpassing pretty much everything he's made. Amputated by chainsaw limbs, cannibalism, child murder, decapitation, these are just some of the many grotesque acts witnessed in ""Cat In The Brain"". Some of them are obviously recycled from a few the director's less profile movies but they don't stand out of the context, and actually feel quite at home here. As I noted before the movie exists much better as a satire of the genre rather than a serious piece. The way some of the violence is presented does help establish that idea. Such sequences shortly after climax are rejected by the reality in the film, as they are revealed to be actually scenes inside a movie that Fulci's character is directing. This sort of ""film in film"" presentation lessens somewhat the impact of the gore. But in no way does it make it an easy to watch film. Oh no this is far beyond and above the levels of gore found in mainstream horror, and gorehounds will in no doubt be satisfied with that fact.<br /><br />Lucio Fulci was a very polarized figure. People either hate his work or love it. ""Cat in the Brain"" won't convince any of Fulci's detractors in the opposite but it is nevertheless an interesting part of his filmography. One that fans should really check out.",positive
"The original ""les visiteurs"" was original, hilarious, interesting, balanced and near perfect. LV2 must be a candidate for ""Worst first sequel to a really good film"". In LV2 everyone keeps shouting, when a gag doesn't work first it's repeated another 5 times with some vague hope that it will eventually become funny. LV2 is a horrible parody of LV1, except of course that a parody should be inventive. If you loved LV1 just don't see this film, just see LV1 again!!",negative
"<br /><br />""step aside for hollywood veterans?"" (the wayan brothers were 'asked') thats what hollyweird demanded and thats what it got. However, like so many of its recent decisions this one was a stupendous mistake.<br /><br />The director is SO out of touch with todays audience, attempting to bring back physical pratfalls and gags in place of funny dialogue is just a DISASTER. I knew it, the audience knew it and the CAST knew it.<br /><br />What a shame, why did they EVER consider changing directors? Not only that but the two Wayan brothers played as two of four primary characters, without them its just a farce and a sad one.<br /><br />SP<br /><br />",negative
"OK, first of all, Steve Irwin, rest in peace. You were loved by many fans. Now...this movie wasn't a movie at all. It was ""The Crocodile Hunter"" TV program with bad acting, bad scripts, and bad directing in between Steve capturing or teaching us about animals. He was entertaining as an animal seeker/specialist. Millions will miss him. But the whole movie idea was a big mistake. The plot was so broken, it was almost non-existent. Casting was horrible. The acting wasn't even worth elementary school-level actors. The direction must be faulted as well. If you can't get a half-way decent performance out of your actors, no matter how bad the script is, you must not be that good in the first place. I could have written a better script. I wish I had never been to see this movie. Of course, I watched it for $3 ($1.50 for me, $1.50 for my son.) while out with friends who insisted upon seeing this instead of Scooby Doo Live Action. My son, who is not so discriminating, liked the movie alright, but he still has never asked to see it again. If you want fond memories of Steve Irwin, buy his series on DVD. Avoid this movie like the plague. If I were Steve, I know I wouldn't want to be remembered for this movie. Respect him: avoid this movie!",negative
"When I was 11, Grease 2 was like crack. It was a classless, shameful, euphoric, and powerfully addictive experience. My sister and I would watch it, rewind it, and watch it over again and again and again until we passed out or became too confused and hostile to stand one another. So, if you are an 11-year old girl, and you reviewed this film as ""brilliant"" or ""fun"" or ""better than the original Grease,"" you have your fledgling adolescent hormones to blame and you can rest assured that this unyielding fixation with utter rubbish will pass.<br /><br />If, however, you are not a little girl, you have absolutely no excuse to suggest that Grease 2 was anything but an inane, artless, slipshod embarrassment for all who participated in its production, distribution, and/or consumption.<br /><br />For the sake of criticism, I will dignify the film now by explaining why it blows <br /><br />1. In a well-executed musical, the songs should advance the narrative or develop the characters. In Grease 2, with a few debatable exceptions, to the music is obscenely pointless. Most of the songs appear to relate gimped innuendo about sex in an excessive and general way (""Score Tonight,"" ""Reproduction,"" ""Do It For Our Country,"" and ""Prowlin'"") without making one concrete statement about any of the film's characters or themes. Plus, all of the music is uncomfortably stupid and no one in the cast demonstrates even the crudest semblance of an ability to sing or dance.<br /><br />2. The T-birds should be badass, and if not at least somewhat likable, but instead each of them is an annoying wussy-dufus-loser. In the end, when Johnny Nogerelli offers Michael the sacred T-bird jacket and initiates him into the gang, Michael should kick it to the ground, spit on it, and duck away to fervently scrub any part of his body that was touched by it. But of course, he accepts it as if it is gold because despite the fact that they are a bunch of bumbling meatheads, there is no greater honor than to be one with the T-birds. <br /><br />3. Since Michael is beautiful, smart, kind, resourceful, and above average in everyway (his musical impotence notwithstanding), it is feasible that Stephanie would ultimately embrace him when he reveals himself to be the man behind the mask. Stephanie, on the other hand, is a slovenly, slack-jawed, bubble gum smacking, dirty sweatshirt wearing, gracelessly rude and trashy dingbat. So aside from being pretty (I guess), she harbors no likable characteristics, thus, audiences are given no justification whatsoever for the depth of Michael's attraction to her.<br /><br />I could go on and on, but I didn't want to mention the gross inferiority to its predecessor since there are apparently so many cranks out there who seem to feel that such a comparison is unfair. I will say this though, to those of you who think you want to revisit this mess for old time's sake: Grease 2 is an experience akin to re-living your first kiss. Only you are 32 now and kissing a snot-nosed 13-year old kid with acne and slobby braces. The magic is gone and you are left feeling dirty and disturbed. Trust me.",negative
"USA The Movie is like this: You take a nap on a long hot Sunday afternoon. It feels great to close your eyes and let your worries drift away. Soon you're lost in one of those intense lucid dreams where you know you're dreaming but you still can't wake up--not that you want to. You go with the flow, and soon you're in a kind of weird Alice in Wonderland story complete with characters you didn't think you could dream up. They're telling you all kinds of crazy stuff about war and peace while taking you through a trip into the past and even the future. <br /><br />The dream starts to get heavier and you feel like it's going down a path you can't control. Maybe you want to wake up so you try to open your eyes but you can''t . Now there's destruction and sadness and confusion and scary voices telling you what could be truth or could be lies. You're seeing images that flicker and change and then get clear, but do you even want to see what you're brain is creating for you? <br /><br />Finally you're lost in a myth world and you realize the end has come. The end of the world and the end of the dream. It's over. What do you wake up to? What do you do next? <br /><br />Maybe you'll write down that dream because you know dreams like don't happen too often-- and when they do you better pay attention. <br /><br />Or maybe you'll crack a beer and forget the whole thing. Bad idea. Don't forget.",positive
"The tighter the drama, the better the film of sister rivalry! This little gem was mainly promoted as a comedy upon its release in Sweden, so I'm glad to find that wasn't the whole case. Funny bits on small-town bickering are there to enjoy, surely, but the drama takes center stage, as the story progresses. And not just family drama, it also raises poignant questions on respecting differences of peoples' lifestyle choices.<br /><br />Great character ensemble with many superb and moving dramatic scenes that score credibility points; and they're not just scattershot, but hold everything in place. It just makes me assume that if Ingmar Bergman had made this (the drama would suit him!), the international attention probably would have been immediate.<br /><br />7 out of 10 from Ozjeppe.",positive
"It is so nice to see Bruce Willis come down off his action throne and let us see that he really is a talented actor. He shines in this film as the near-40-year-old image consultant who has totally lost touch with his inner child--until he meets him face to face. This is one of those rare films that doesn't talk down to its audience and truly offers something for the WHOLE family. It is about caring for each other, keeping some of the child inside you, and realizing that you don't grow up exactly the way you thought you would. Willis seems to be building an impressive track record for working with kids (just witness ""The Sixth Sense"" with Haley Joel Osment), and he has great chemistry with Spencer Breslin here. There is some nice photography and music, and the ending is wonderful and uplifting. A great film to see with EVERY member of your family.",positive
"Sitting in a big wing chair with a huge book in his lap, the one and only Bela Lugosi looks into the camera and, in a dreadful vocal delivery that sounds as if he were mocking a reading of Shakespeare, intones sloooow-ly: ""Man's constant groping of things unknown, drawing from the endless reaches of time, brings to light many startling things; (snicker); startling?, because they seem new (Lugosi's eyes now bulging, with raised eyebrows, and mouth sneering, he continues) but most are not new, the signs of the ages"" (cue a visual of lightening, accompanied by the sound of thunder which then continues to rumble for an astonishing 86 seconds).<br /><br />And so begins what is arguably the worst film ever made. This ""movie"" almost defies description. Told in semi-docudrama style with an unseen narrator explaining the plot ... such as it is ... the story revolves around the vicissitudes of a man named Glen (Ed Wood, Jr.) who cross-dresses; hence the reference to Glenda. The film has no real structure. Instead, it consists mostly of a random assortment of vignettes that may ... or may not ... relate to Glen or to the cross-dressing motif. One long sequence consists of some unknown woman wriggling on a sofa, followed by a man whipping a woman in what we would today refer to as S&M.<br /><br />Then, at odd moments Bela reappears, for no apparent reason, and babbles more inane dialogue, like: ""When he's wrong because he does right, and when he's right because he does wrong; pull the string, dance to that."" Huh?<br /><br />About twenty percent of the film's visuals consist of stock footage, accompanied by a VO that relates to the story motif but not the visuals. Hence, we see stock footage of: bustling city streets, freeway traffic, a thunderous herd of buffalo, and a playground full of kids. But it gets worse. In a film about cross-dressing, we have 58 consecutive seconds of stock footage of a foundry furnace making hot steel, and 84 consecutive seconds of battle scenes from WWII.<br /><br />Even the simplest items are botched. In one scene we see a newspaper headline that reads ""Man Nabbed Dressed as Girl"". Underneath the headline, which has clearly been glued or pasted on, the article is about ... taxes. In one of my favorite scenes, an off-screen woman spouts out: ""airplanes, why it's against the creator's will"", in a voice that sounds like she's just inhaled helium.<br /><br />Except for the performance of Lyle Talbot, the acting is uniformly horrendous. Production design is cheap looking and drab; (but you gotta love that tacky wallpaper). The editing is sloppy. Most of the background music is suitable only for 1950 style elevators. The B&W cinematography has way too much contrast. And the costumes look like something that came from a thrift store.<br /><br />This film is so bad it makes ""Plan 9 From Outer Space"" look like ""Citizen Kane"", by comparison. I just don't know how one could make a film any worse than Ed Wood's ""Glen Or Glenda"". But thankfully, it's got Bela Lugosi in it. Every time he opened his mouth, and gazed into the camera with those big, bulging eyes, I about fell on the floor laughing.",negative
"While this movie did have a few scary moments (great use of music and film angles to build suspense), it's obvious director Ethan Wiley and scriptwriter Ellary Eddy didn't waste any time researching their subject matter; which also makes me question their claim that the exorcism scenes were overseen by a genuine Catholic bishop.<br /><br />Amongst the many inconsistencies: <br /><br />* Jacob the Roman Catholic priest, when we first meet him outside the church, is wearing an academic robe over his clericals rather than the typical alb, chasuble or surplice. Academic robes are commonly worn by Protestant ministers in liturgical denominations, not Roman Catholic priests. <br /><br />* Jacob the priest quotes some obscure and disturbing scripture about the angels taking up weapons. He attributes it to St. Paul. This verse is not from St. Paul's writings, neither is it in the Bible. I can't even find it in the Gnostic scriptures. <br /><br />* Jacob tells his bishop he doesn't believe in demon possession and turns down the request to study exorcism but does a complete 180 (later that same day?) within minutes of talking to possessed Isabelle. Sure, it's possible; but a little unrealistic. See Father Damien as a priest/psychologist in the original THE EXORCIST for a bit more realistic portrayal of a skeptic-turned-believer. <br /><br />* Miguel, the former priest turned farmhand, is the first to try an exorcism on Isabelle. He quotes scripture, and she quotes back. He says ""I see you know Psalm 65"" - she corrects him ""that's Psalm 67"" - they're both wrong. <br /><br />* Miguel, the former priest who just got done performing an exorcism - making the sign of the cross, calling on the name of Christ, applying holy water, etc. - tells Jacob he doesn't believe in church and he doesn't believe in God. (Maybe he's just conflicted?) Jacob enlists him to put on home-made vestments and have another go at it anyway. <br /><br />* Miguel, the former ROMAN CATHOLIC priest, crosses himself backwards (or Eastern Orthodox-style). As an Hispanic Roman Catholic who USED to be a priest, he should've crossed himself forehead to sternum, left-side to right side of chest.<br /><br />I had to read into the little side stories to get the notion Satan was messing with the whole family, not just Isabelle; but even in the end it was hard to say for sure if anyone was really guilty of the images in their heads or if it was all demonic trickery (except for the sheriff - it's pretty clear he was guilty).<br /><br />On the positive side: Isabelle was CREEPY - in my opinion she was the best part of the whole movie and I liked the plot twist with Claire.<br /><br />I'm just not sure if the movie was meant to be serious or a spoof.<br /><br />Listening to the running commentary with Cameron Daddo and Ethan Wiley, I'm inclined to believe it was a joke.",negative
Bottom has been my favourite sitcom ever since i saw it on t.v and the movie is even better if your a bottom fan i say this is a must buy!!! the plot is that Eddie and Ritchie run a hotel named guest house Paradise but not all goes right for them as customers leave until a famous actress come to stay they try there best to impress her but not all well go right this is a upbringing to British cinema so buy this and you will wet yourself with laughter. also starring Simon Peggi (shaun of the dead) and also bill neigh (love actually) it might of not done good in the box office or by the looks of it on this website but don't listen to them buy this and i swear you will love it,positive
"This is one of the worst movies I've seen in a long time. The story was boring, the dialogue was atrocious and the acting hammy. I'm not sure if this movie was the result of a film school homework project, but it certainly played like one. It is not even particularly successful in its central conceit of trying to appear as a single continuous take. The whooshing horizontal camera pans are a cheap and unoriginal way of hiding cuts.",negative
"THE WATERDANCE (1991) The main character of The Waterdance, played by Eric Stoltz, finds himself in a rehab center with some others similarly injured. And there he must face an harsh new life, confined to a wheelchair. It's an interesting, and promising premise, but unfortunately, it fails to deploy. What ensues instead is largely Hollywood schmaltz, with some interesting moments. Certainly the cast (Eric Stoltz, William Forsythe, Wesley Snipes, et al) is brilliant, and perform well here as one would expect, but their talents are wasted. The characters are mainly stereotypes of one kind or another, and most of them are thoroughly unlikeable (the Snipes character being the exception). I suppose this is some kind of attempt to break through people's ideas about the handicapped being ""crippled"" or ""weak"", by depicting them, for the most part, as in-your-face pricks, but it makes for an entirely annoying experience. Admittedly it will show you something of what those with permanent disabilities go through, in a way that is not softened or romanticized, which is useful, and a good idea, but while the process being depicted can make one a difficult person to get along with, and that's worth dealing with, it is not part and parcel to that that these characters must be, to varying degrees, despicable. They wouldn't have to be Disneyfied, either; surely there's a middle ground somewhere. By the film's conclusion, the Eric Stoltz character has come to accept his status as a handicapped person, but since he is such a flaming narcissistic monster from the beginning of the film to the end, we couldn't care less. <br /><br />In addition to its character problems, the film suffers from that weird syndrome that so many Hollywood movies suffer from; the syndrome doesn't really have an official name, but you might call it ""Inexplicable Forgiveness Syndrome"". It goes something like this: characters abuse the crap out of each other, and then without so much as an apology, all is forgiven (an especially obnoxious example of this is in the movie The Breakfast Club, in which one character spends most of the film verbally bullying everybody within earshot; as a resultthey love him. In one of the the latest examples, Spiderman 3, supervillain The Sandman lays waste to a chunk of Manhattan, then wails on Spiderman for what seems like about 15 monotonous minutes before being waved off with what amounts to ""bye, now""). The most egregious example of IFS in The Waterdance is a sequence in which, after being called the n-word by William Forsythe's racist biker character and his friends in the previous scene, the Wesley Snipes character whoops it up with the same Forsythe character in the next scene, as if nothing had just happened just a short time hence. Again, without so much as an ""Oh yeah, sorry about that business back there where I, you know, called you the n-word"". It makes me wonder, do these people actually watch these movies before they release them, or do they just film them with their eyes closed, kind of slap them together in the editing room according to scene number, and call it a day's work?",negative
"Black Candles is rather a muddled mess from the same director that brought us ""Vampyres"" and much later, ""Rest in Pieces"", among others..I'm only noting the ones I've seen. At any rate, we have a couple making love and then somewhere near by a pin is poised over a voodoo doll and then pierces it, and the man keels over. Not sure if it was good for either of them, at that point. Fast forward to where the man's sister has come to the house to investigate and hear the reading of the will, or something to that effect, and of course everybody else except her is in on something, which happens to be devil worship. It's really hard to say who is who at moments during the movie and it does get a bit confusing at times. To spice things up though, there's a simulated bestiality scene (I HOPE it's simulated) with a black goat, sure to be a crowd pleaser. Ugh. At times this echoes ""Rosemary's Baby"", minus the baby, because the hostess is always giving one woman herbal tea and the place reeks of whatever nasty Satanic herbs these are too, because that keeps getting remarked upon. However, the herbs aren't the only thing that reeks about this film. The end seems to be back to the beginning again, and many viewers might find themselves wondering where they've been during the middle part. It's not unwatchable, it's just not very good, and I guess it all depends on what you like to see in films, and there wasn't much here that did anything much for me. 3 out of 10.",negative
"""A Minute to Pray, A Second to Die"" is a quality spaghetti western with a solid cast and an interesting storyline. It is filmed beautifully, with a relatively high production value for a film in this genre.<br /><br />Alex Cord does a terrific job portraying Clay McCord, an outlaw who is suffering from increasingly debilitating seizures. He is seeking amnesty before his enemies close in on him, but is being too cocky for his own good when he asks for it. Robert Ryan delivers the best performance in the film as the governor of New Mexico. Mario Brega and Arthur Kennedy are also great here.<br /><br />This movie is very good, but it doesn't stand out to me as being one of the best spaghetti westerns out there. It's lacking too much in style to be in the same league as any of the great ones. It does have some cool spaghetti overtones, but overall it's a bit too much like an American western. This is especially evident in the music score, which is OK as movies go in general, but pretty dull by euro-western standards. The soundtrack kind of reminds me of the music from ""The Unforgiven."" Although there is an interesting story here, it is told in a manner which is a bit too conventional for my tastes. If a spaghetti western fan and a Hollywood western fan had to watch a movie together, this one would be the perfect compromise.<br /><br />All of this is not to say that anyone should avoid this film. I did enjoy watching it very much. As I said, it is a very well-done film and I recommend it to anyone who likes westerns, spaghetti or otherwise.",positive
"Woody Allen, when at his best, has one of the sharpest pens around. He can make an acute observation and wrap it around a punch line like nobody else. However, when he's at his worst his movies can stench of pretentiousness. Unfortunately, ""Melinda and Melinda"" has this stench from opening to closing. The set up is one of his more intriguing ideas in a while. Four friends sit in a restaurant discussing whether the essence of life is comedy or drama. To help settle the argument, one man relates the beginning of a story and asks the two other men arguing (one a comic playwright, the other a dramatic playwright) whether the story is a comedy or a tragedy. The two men then continue the story and the movie plays out the stories that they weave. Now, when I first heard about this film, my understanding was that they tell the exact same story, the genre (comedy or drama) only changes by how you look at it. Now that would have been interesting. However, the stories only share one main element and a few side elements. They are entirely different stories with major plot differences. The drama is so stiffly scripted and pretentious that it can only really work as self-parody. If this was the point, then it failed because these elements prevent the audience from feeling any emotional investment in any of the characters. The comedy is the story that has moments of success, but they are still short and fleeting. Will Farrell is obviously meant to be the stand-in for Woody, but he could have played this character so much more believably without adding Woody's stutters and hand-ticks. Woody is the best at being Woody. When someone else tries, they're not playing a character, they are modeling a recognizable actor. This type of thing only pulls the audience out of the story.<br /><br />My favorite Woody Allen movies make me leave the theater a little bit lighter in spirit than I walked in. This one made me wish I could get my money back.",negative
"I approach films about talking animals with care. For every wonderful one like Babe, you get an equally poor one like the dreadful remake of Homeward Bound: The Incredible Journey. Or in the case of Cats & Dogs, you have a great idea for a film not living up to its potential. When I heard about Paulie, the premise of a wisecracking parrot didn't exactly fill me with confidence. But I found the film a pleasant surprise. And it manages to sneak its way into your heart without you realising.<br /><br />A Russian janitor, Misha Vilyenkov (Tony Shaloub) gets a job in a research laboratory. One day, he hears singing coming from the basement. And when he investigates, he finds a parrot in its cage singing its little heart out. Misha becomes fascinated with the bird, especially when it turns out the parrot can not only sing, it can talk. And not a few phrases either. Its a parrot you can actually make conversation with.<br /><br />The parrot is called Paulie (voiced by Jay Mohr), and recognises a fellow castaway in Misha. Wondering how this world to the wise bird ended up in a dusty basement, Misha convinces Paulie to tell him his life story. Which all began when he was a baby, and in the care of Marie, a five year old girl with a stutter. The two of them became birds of a feather (OK, bad pun!).<br /><br />When Marie's parents became concerned about her close friendship with a bird, they considered sending him away. And they finally did after Marie nearly injured herself in a fall after teaching Paulie to fly. Desperate to be reunited with her, Paulie begins a long journey across America, which includes a diverse number of new owners, flying great distances, and even ending up behind bars. Of a cage that is!<br /><br />Paulie was one of a number of talking animal films released by DreamWorks in the late 90s. And although it wasn't afforded the same recognition or box-office success of Babe, Paulie succeeds on quite a few levels, and is an occasional work of striking intelligence.<br /><br />Jay Mohr's stand-up style of acting is well suited to the part of Paulie. He never plays the part as too smug, even if he is a bit of a smart Aleck. Paulie's worldly, but he is also naive in his way.<br /><br />Because he's lived a rather sheltered life with Marie, when he's taken away, he has to fend for himself for the first time. And when he falls into the hands of different owners, they make promises to Paulie to reunite him with Marie, which he believes. Only for those promises to be broken time and again.<br /><br />Paulie is admittedly a little episodic. It follows the eclectic people Paulie ends up with, and how he slowly gets brought closer and closer to Marie. He first winds up in a pawn shop, where he is adopted by Ivy (Gena Rowlands), a kindly woman who teaches him the meaning of manners. She sympathises with Paulie's situation, and drives an RV across America to find Marie.<br /><br />Paulie is an occasionally very touching film. His scenes with Ivy are some of the best. Wonderful moments of Paulie perched on her shoulder singing Tom Jones numbers. The way she instills in him the need for hope is great, and some of the dialogue is quite well written and even thought-provoking: <br /><br />""There are things in life you put off, because you think you're gonna do them later. But the real thing Ivy taught me is you gotta live like there may not be a later.""<br /><br />The scene where Ivy passes away en route leaving Paulie all alone is a very heart-rending moment. And the sequence where he plucks up the courage to fly for the first time across the Grand Canyon, soaring majestically is such a beautifully composed scene it stays with you for hours after the film's over.<br /><br />Despite the occasional sad moment, there are plenty of laughs to be had. Paulie falls in with a group of performing parrots at a Spanish outdoor restaurant. The animatronic effects here are really excellent as four birds do a perfectly choreographed dance number. And Paulie even gets to have a romance. Which is dashed when he falls in with a petty thief (played by Mohr as well). That may be the only complaint I have. As soon as you get comfortable with one situation, the film then moves Paulie on to another.<br /><br />The scene where Paulie is taught to steal money from ATM machines is funny, but a little disturbing too. I'm amazed DreamWorks were granted the chance to include such a scene in a kids film. And Paulie's diamond robbery is very Mission Impossible. He's caught in the act, and shipped off to the lab for animal testing, where he's remained ever since.<br /><br />The story finally comes full circle at the lab, where Misha vows to help Paulie. Of course they do find Marie. But the final revelation is a scene of such shocking intensity, I was left numb for several minutes. Paulie may never get the longevity Babe has, but I believe its an equally brilliant film. The same laughs. The same flawless effects. And the same surprising intelligence.<br /><br />A minor gem.",positive
"I picked up the movie with no cover and not even knowing what it was, but when I watched it I laughed so hard. It is now one of my favorite movies of all time. Rusty and the guys created a masterpiece I would highly recommend this movie to any one with a sense of humor. Thank You Rusty for giving us something to laugh at.",positive
"Viva Variety was a unique hybrid program that was both a parody of and a tribute to the programs it represented. <br /><br />It was most directly a mock up of the classic 1970s favorite, ""The Sonny & Cher Show,"" With Thomas Lennon and Kerri Kenney playing a divorced show biz couple who were somehow forced to host this program together, the female of the pair towering over the male, and the constant barrage of ""insult humor"" the couple tossed at each other, plus sketch comedy bits and performances from what are most kindly described as ""specialty"" acts! <br /><br />The ""hybrid"" was the mix of fact and fantasy. Of course, there was no ""Mr. and Former Mrs. Laupin,"" and the program's announcer, Johnny Bluejeans, was likewise equally fictional. But all the acts that performed were certainly real, and some were even entertaining! But there were also some acts that would have clearly been better suited for the old Chuck Barris ""Gong Show."" <br /><br />The show itself was really more like an extended sketch from ""SCTV"" (it was borne from the MTV series, ""The State,"" after all), and some would suggest that it would have been better as a five minute bit in the mix of a program like that one, rather than a stand alone series. But ""Viva Variety"" certainly should get high marks for original concepts, and even though it was often more odd than funny, it was certainly worthwhile, especially when they road tripped to Las Vegas and brought in even glitzier acts to perform. It's unlikely we'll ever see anything like this on television again.",positive
"So we saw this on DVD at our apartment here in Paris. We're all here on an exchange program. We all laughed so hard cuz so much of what was going on in the movie happened to us! I mean yeah sure some of it was pretty clichéd but still true, know what I'm saying.<br /><br />I think I related more to the quiet guy (the Italian) than Xavier because I'm more of the observer in our group. Anyway, I wish I had a hot roommate like Cecile de France. She seems like a cool chick in the movie and for real, after I saw her hosting the Cannes Festival last month.<br /><br />Now I'm thinking I wanna go to Barcelona next summer after seeing this movie. I gotta check out the sequel too which just came out here in France.",positive
"well, i hated knocked up, i despised 40-year-old virgin, and this little gem is a worthless piece of trash movie. do yourself a favor, and skip it. i admit, i don't like the actors in this movie, and after my 18-year-old son showed me the cover of the DVD, i was like, ""i wouldn't like that movie,"" but at his insistence, i decided to give it a try, unfortunately. <br /><br />about two minutes into the movie i turned it off, i was so offended. it's just disgusting. any decent person would be offended by the filth in this movie. call me old fashioned, but shoving your pussy juice-covered hand into your friend's face so he will know you ""got some"" is over the line of decency, in my opinion. yeah, that's how this putrid little film starts, and i can only imagine it gets much worse from there. another real winner for Mr. Rudd. i bet he's proud as punch. imagine if you could only get worthless roles like he gets, would you stay in movies? despite the pay, i wouldn't. <br /><br />i should have known better; next time i will.",negative
"Fascinating downer about a would-be male hustler in New York City forced to live in a condemned building with a crippled con-man. Extremely bleak examination of modern-day moral and social decline, extremely well-directed by John Schlesinger (who never topped his work here) and superbly acted by Jon Voight and Dustin Hoffman. Packs quite a punch overall, yet the ""fantasy"" scenes--some of which are played for a chuckle--are mildly intrusive, as is the ""mod"" drug party. The relationship that develops between the two men is sentimental, yet the filmmakers are careful not to get mushy, and this gives the picture an edge it might not have had with a lesser director than Schlesinger. Originally X-rated in 1969, and the winner of the Best Picture Oscar; screenwriter Waldo Salt (who adapted James Leo Herilhy's book) and Schlesinger also won statues. ***1/2 from ****",positive
"A comparison between this movie and 'The Last Detail' is made by some, but 'Chasers' is flatter than a stretch of Interstate highway in west Texas. And like the scenery in the desert, there's nothing much to distinguish it, not even the fact that a female prisoner is being transported by two navy escorts this time around. No one in the cast comes off too well; with this lame script that's not surprising. Dennis Hopper, the director, won't give much space to this one if he ever writes a memoir, I don't think.",negative
the director of this movie must have been mentally ill or even high ... when he accepted to direct this movie... ... i'd rather stare at my ceiling for 5 hours straight instead of being ... punished to watch that stupid movie ... my parents make me watch it as punishment...... ... Don't WATCH IT !!! the director of this movie must have been mentally ill or even high ... when he accepted to direct this movie... ... i'd rather stare at my ceiling for 5 hours straight instead of being ... punished to watch that stupid movie ... my parents make me watch it as punishment...... ... Don't WATCH IT !!! the director of this movie must have been mentally ill or even high ... when he accepted to direct this movie... ... i'd rather stare at my ceiling for 5 hours straight instead of being ... punished to watch that stupid movie ... my parents make me watch it as punishment...... ... Don't WATCH IT !!!,negative
"I saw one of the stage performances in Denver and have never been less impressed. The word ""vagina"" says it all. A body part. Nothing shocking here. I could say to my doctor, ""My left arm has been hurting a bit after tennis"" or ""My vagina hurts after cycling"" with equal or more social commentary. It could be the ""Tricep Monologues"" for all the entertainment or radical comment I heard. The monologues were dull but delivered with drama, the topics were outdated, and I was alternately bored and annoyed. Once I think I laughed but apparently it wasn't when I was supposed to. Surely this isn't really a hit. Oh, and spoilers: there was a LESBIAN! - oh, wait, maybe not, come to think of it. And Inappropriate Fondling! And a Crack Mama! That about covers it.",negative
"Routine suspense yarn about a sociopath (Dillon) who gives his sperm to a clinic of human reproduction and starts to harrass the lives of the woman (Antony) and his husband (Mancuso). Extremely predictable, far-fetched and with undecided tone all the way. Don't lose your time with this one...make a baby instead!",negative
"There's so many negative reviews about ""Stay away, Joe"" in here I just can't stay quiet any longer and let this injustice happen. Here's a side you haven't heard yet.<br /><br />Elvis Presley's movies are my guilty pleasure for a simple reason: they are perfect films for a pure relaxation because I don't have to think when I watch them. That means I don't have to worry about missing a complex plot because there never is a proper plot to start with. I can just kick off my shoes, grab a beer, sit back, switch off my brains and enjoy all the general wackiness and catchy easy-going rock n' roll tunes from the grooviest decade of them all.<br /><br />In my books ""Stay away, Joe"" definitely falls into the ""so bad it's good""-category. Now if you're like me and appreciate ""the trash value"", this is the ultimate 1960's camp experience. It's so bad that it's almost surrealistic to watch and just when you think that it can't possibly get any worse it surprises you in the most imaginable ways. In the end you're so amazed by all the new levels of stupidity you just don't know whether to laugh or cry. In a nutshell: I love it because it's so damn amusing that there once was a generation that actually made films like this. I still give it 1 out of 10 though - once it hits the bottom 100 it will became an instant bad movie classic.",negative
"I came out of ""Rendition"" with a list of flaws a mile long, so how is it that my overall impression is that it was a pretty decent movie? It's definitely a film whose sum is better than its parts.<br /><br />Those parts include a cast of big name stars, not one of them giving a memorable performance (Omar Metwally, a relative unknown, is the one you'll remember); serviceable if undistinguished direction; and a screenplay that's both too complicated and too simplistic at the same time. Metwally is an Egyptian-born American citizen who gets kidnapped by the U.S. government's rendition program, otherwise known as the process by which America tortures suspected terrorists into confessing information whether or not it's remotely true. Reese Witherspoon plays his pregnant wife, who calls in the favor of an old college friend (Peter Saarsgard), who works for a senator (Alan Arkin) and helps to track her husband down. Meryl Streep plays the head of the rendition program; Jake Gyllenhaal is a young agent assigned to the interrogation and whose conscience gets in the way. Meanwhile, a whole parallel storyline follows the daughter of a top Egyptian official who is allied to the American rendition program and her boyfriend, who's in training to become a suicide bomber.<br /><br />Ay-yi-yi that's a lot of plot to pack into a two-hour movie, and I was about to wash my hands of the whole thing, especially the Egyptian Romeo and Juliet subplot that felt like nothing more than a distraction. But then near the film's finale, a twist of chronology brings all of the plot strands together in a way that makes you want to reassess everything you thought you knew about the motivations of the various characters, and makes ""Rendition"" a much more interesting movie than it seems like it's going to be.<br /><br />Witherspoon, Gyllenhaal and Sarsgaard all look like high school students playing adults twenty years older than they actually are -- Gyllenhaal in particular, usually a fine actor, looks so bored that you wonder if he's going to muster the energy to deliver his lines. And the screenwriter should be arrested for having an actress as good as Meryl Streep at his disposal and giving her nothing more to work with than this one-dimensional dragon lady. The movie of course strives for relevancy, but instead of addressing the tangled web of arguments surrounding the national security issue, it charges right down the middle of the debate in a predictable fashion. There are moments when you think maybe the film will veer off in an interesting direction -- what if Witherspoon did actually begin to doubt her husband's past, for instance? What if Metwally actually had been in contact with terrorists, as his interrogators accuse? But no, the movie takes the path of least resistance.<br /><br />But, like I said upfront, I recommend this movie. I know I've done nothing but list a bunch of its faults, but it's got its head in the right place, and it is entertaining, or at least as as entertaining as a movie about torture and interrogation can be.<br /><br />Grade: B+",positive
"This movie is George C. Scott at his very best, Bernard Hughes at his very best and Diana Rigg at her most pithy, and of course Paddy Chaevsky writing at ""masterpiece"" warp! There are also very brief snippets of future biggies like Susan Sarandon, Stockard Channing etc., who have one scene lines that you don't necessarily spot until your fifth or sixth time watching. Nancy Marchand as a young to middle age nurse supervisor is also superb, as well as practically every ""face"" in Hollywood of 1970.<br /><br />It is one of the few movies that gets better the more times you see it. Watch for the ""surprise"" scene ala ""Wait until Dark""! This is one of the few movies I have ever bought on DVD. It is that superb.",positive
"I'm not really sure how to even begin to describe how bad this movie is. I like bad films, as they are often the most entertaining. I love bad special effects, bad acting, bad music, and inept direction. With the exception of the music (which was better than I had expected), this movie had all of those qualities. <br /><br />The special effects were amazingly bad. The worst I've seen since my Nintendo 64. Some scenes to watch for include the Thunderchild, the woman being crushed by the mechanical foot, the Big Ben scene, the train wreck... Wow, there are so many bad effects! On the plus side, though, SOME scenes of the alien walkers are well done.<br /><br />The acting was about as bad as it could possibly have been, having been based directly on H.G. Wells' book. For having such good source material, it's almost as though the actors were trying to be so over-the-top as to make it funny. And then there's the mustache... the single most distracting piece of facial hair I've seen in a long time. Of course, only half the movie contains acting. The rest is characters walking around aimlessly and poorly rendered effects shots.<br /><br />To say that Timothy Hines is an inept director would be an injustice to inept directors. With the use of different colored filters between shots for no particular reason, the use of poorly rendered backgrounds for even inside scenes, the bad green screening, it's amazing to me how this man ever got approval to direct a movie. I wouldn't imagine it would be possible to turn a brilliant book into this bad a movie. Bravo, Mr. Hines. Bravo. <br /><br />My advice to anyone who plans to see this movie is to do what I did: have some friends who enjoy bad movies over, drink, play poker while watching it, keep drinking, and maybe you'll make it all the way through. It does make for an excellent bad movie, so have fun and laugh yourself silly with this disaster.",negative
"It's nice to see Julie Andrews trying a straight dramatic role here--something she hadn't done in awhile--but her character of Judith(wise they didn't try to pass her off as a 'Judy')has the old refined manners and tomboyish hairstyle of yore, and Andrews enacts 'grown-up' as any other actress would interpret frigid. It's a surprisingly bland drama set in Barbados involving Omar Sharif(not the liveliest leading man around--not even in 1974!)hoping to make Andrews a spy while also slowly leading her into the proverbial bedroom. Unmemorable outing does have some camp value: the James Bond-like credits at the beginning are a cheesy hoot. As for Julie: she's quiet and contemplative, but that doesn't do much for the audience, or for the film. Blake Edwards paces the freakin' thing like a funeral. * from ****",negative
"Anyone notice that Tommy only has 3 facial expressions.<br /><br />1. The angry eyes look he gives every enemy. 2. The holding of the hands to face, mouth agape and frightened eyes. 3. The smiling Tommy Turnbull.<br /><br />I have to say that i pretty much hate this show, i don't watch it but it's like Code Lyoko, we've all watched at least one, i must say that this show is borderline racist, uninteresting and pointless.<br /><br />every episode ends with robotboy winning, except for one exception when robotboy basically let this overly geeky freakazoid fly away on a jetpack.<br /><br />The jokes are pretty crude too, i think it's mostly people saying the word ""Suck"" or farting, i think the bullies of the show are quite shocking too.<br /><br />Isn't there one that hides a bowling ball under his hate, and the other uses a chain, for god sake, what kind of school is he going to. Not to mention his older brother, who is borderline psychopathic and has no other character qualities.<br /><br />The whole show i feel is ripping off megas XLR and Fosters. Like you could say the trio of coop, jamie and Kiva, as well as Robotboy being similar to Megas where he beats everyone no matter what the odds and he's free spirited despite being a robot.<br /><br />There is simply no appeal to this show, i'm surprised that it's still running.",negative
"I first saw this movie as a younger child. My sister had told me about it and I thought it would be more of a kid's movie. However it remains to also be an incredible movie. True that the subject behind the movie is ruff but also true this movie will never stop touching your heart.<br /><br />I was only 6 when I first saw it and just yesterday, 7 years later, I saw it again. For the first time in a long time. Even after I knew how it ended, I knew that I had seen it a billion, bizillion times I wept like a teeny weeny little baby. When I saw it a few years back I finally got the idea and the seriousness of the film. So I stoped watching it for a while. But yesterday I didn't change the channel, I watched it. By the end I was astonished at how much it still made me laugh, cry, think, and above all, believe in mericals again. I haven't belived in a long time and this movie got me out of my shell and opened up my heart. This movie wasn't just impacting. I was also so impressed with the actors. Especially Bobby. So if you are wanting to see this movie for the first time I suggest seeing it alone. With tissues. And being ready to discover your young, sweet, innocent side and the side that still has hope. This movie touched my soul when I was only 6, and even in this time of trying to figure out who I am this movie helped me realize both what I don't and still do want to be in life.",positive
"Well, I was hoping I'd heard wrong about this film as I'm a big fan of Ruggero Deodato and really didn't want to see him slip up; but unfortunately, this Giallo-styled supernatural load of nonsense is just as bad as I'd been lead to believe it would be - and that's pretty terrible! The plot doesn't work at all, as the film attempts to blend murders and a supernatural theme through a telephone and it all feels very forced and silly. Furthermore, the plot doesn't make much sense at all, and you have to ask yourself ""what's the point"" numerous times throughout the movie. The plot focuses on a young woman living in an apartment block and being terrorised by a telephone. The best thing about the movie is undoubtedly the presence of the beautiful English actress Charlotte Lewis, and unfortunately the good points pretty much stop there. There are a handful of deaths scenes, some of which are gory; but all of which are incredibly stupid, the one that sees someone get killed by coins sticks out especially in that respect. Overall, I really can't recommend this to anyone; non-Deodato fans are unlikely to impressed, and Deodato fans are likely to find the film depressing. Avoid!",negative
"I am usually a big fan of Pacino (Scarface, Serpico, Devils advocate) but since Scent of a woman he pretty much plays the same role and shouts a lot. This movie had no endearing characters to warm to. Brandon played by Bongo McConnahey is the least likable of the bunch. He nowhere even approached a real human being. Pacino was hopelessly unlikeable and my goodness how old is Renee Russo? The only high light of this wretched mess was the hot hooker with the perfect lipstick and she has like 10 lines total. Even the usually reliable Jeremy Piven was utterly unlikeable.<br /><br />Note to writers of movies, they do not usually work unless one of the main characters is at least a bit likable (noteable exception Scarface). As the movie closes and old Brandon is at the airport my only thought was, please let a plane crash into the airport and kill Brandon.",negative
"Though Cher and Cage are the focal points of this story, Gardenia and Dukakis are good counterparts for them- this is where Loretta and Ronny will be in 50 years- still in love. The whole cast does a nice job from Aiello to John Mahoney- it shows a real slice of life. Though I saw this long ago- I am glad it finally catapulted Cage to the place where he was recognized in Hollywood for his talent. From the music to the scenes at the opera to the kitchen table arguments- this is a very entertaining movie.",positive
"It was very refreshing to watch this beautiful movie. The director maintained focus on the main subject without venturing into side plots (the doctor's family or stories of the other hospital patients), that are so typical of Bollywood assembly-line products. He kept the narrative simple to comprehend and made sure all the actors are true to the characters that they are supposed to portray. The rustic ways of the grandfather in the clinic, the cold and unemotional behavior of the surgeon, the zeal of the social worker gave the movie a feel of genuineness. I am also glad that the director did not fall for the temptation of adding songs or special effects and reduce it to the level of Anand or Safar. A couple of scenes toward the end of the movie, such as the boy visiting other blind children and a blind worker's workplace and also the final scene where the boy claps at the sound of splashing and birds chirping are sure make your eyes misty.<br /><br />Many Bollywood players do not realize that Oscar committee members value simplicity of the subject and genuineness and brevity of the movie more than the glitz and glamor. Shwaas is certainly a better nomination than Lagaan, which dealt with a subject that has already been beaten to death. No MPAA member is willingly going to suffer through 4 hours of jingoistic drama and a lot of song and dance.<br /><br />I look forward to more movies from director Sandeep Sawant in the future.",positive
"Ya know, I have no idea how everybody else's teenage life was, but this does not reflect the folks I knew and hung around with let alone, myself. And just in case if you're wondering..NO..we weren't pristine/clean cut/Pat Boone type teens. (If there was ever such a thing!!!!)<br /><br />Look, I'm NOT saying being a teenager is easy. The better, well actually the BEST teen movie of this time is ""Fast Times at Ridgemont High"". Now those kids I knew and were as realistic as it got back then (and maybe now).<br /><br />This was crap. This was a low rent version of Fast Times and even then it didn't do much for me. It had a few moments, but not enough for me to recommend this, or even claim ""this is how it was for teens back in 1982"". I couldn't relate. The lead girl (girls) did nothing for me and please if they really wanted to keep their virginity, they would have, in which case, this film would not have been made. Pure crap and a bad staple to be left behind as a time-capsule cinema for teens/young adults in the early '80's.",negative
"Just as Tom Berenger put you into the soul of Sgt. Barnes, he has done it again with Thomas Beckett. If I thought his world was folding in on him in the first scenes, it was nothing compared to how much more I felt during the last scenes. Great movie, even for a girl.",positive
"Someone should teach the people who made this movie that there is a difference between ""presenting multiple twists"" and ""screwing the audience over"". They even use hypnosis as a tool to cover up the plot holes; whenever they can't find their way into or out of a scene, they just say ""she is regressing to her past now"" or ""she's snapping out of it now"", and they think that explains everything. This movie is a dishonest cheat and in the last 20 minutes becomes a full-blown fiasco. (*1/2)",negative
"I am normally a Spike Lee fan. It takes some time to really get into his ""mojo"", but once you see the clear message and the ability to tell the story that is close to his heart, Lee is a genius. Unlike The 25th Hour or Bamboozled (two of my favorite films of his), there was no clear story in this film. I was able to understand the struggle between Washington and the choice to play well or be influenced by others, but for some odd reason Lee was never able to get the true feeling out. Washington did a decent job with what was handed to him, but you could tell that this was not Lee's favorite film. Not only did Lee direct this film, but he also wrote it. You could tell. The camera work was horrid and the writing only contributed to the decay of the film. This film was coming full circle and it wasn't going to be pretty. Lee was not 100% behind this film as he was with Do the Right Thing. Of all the films I have seen Lee direct, this was the brightest and more modest of his films. It was almost as if he created a Hollywood movie instead of one that was all his own. I don't know if he saw the money from Do the Right Thing and ran with it, or what  but this film did not demonstrate his true talent.<br /><br />For anyone out there that has seen this film, and perhaps stopped watching anything directed by Spike Lee afterwards due to this film, I suggest you give him a second chance. Don't get me wrong, I see exactly where you are coming from with this film and why you would want to put this behind you, but Lee does grow up. His work becomes more of his own, and you can see the transformation from a desire to make money to just wanting to make good films. It took me awhile to watch The 25th Hour, but when I did, it was sheer brilliance. Perhaps it was the actors, perhaps the story, but Lee crafted an amazing film out of one man's journey into the unknown. I guess that is what I was hoping Mo' Better Blues would turn out to be. This really dark journey into the life of a man that really never grew up, but instead all I got was Denzel being Denzel. He really is one of the most versatile actors of this generation, and I do consider him the Sydney Poitier of cinema, but this was not the film to showcase his talent.<br /><br />Another issue that I had with this film was the use of Spike's sister playing one of the love interests. I don't know about you, and your family, but I do not think that I could have filmed a sex scene with my sister. I don't care who the actor is or how much money I am getting paid, I would never do it. It is just something that I never wish to see, but apparently that is different for Spike. He went ahead and showed the full nude image of his sister without any remorse. It was sad and it even made me blush. Also, I need somebody to answer me this. What was Flavor Flav doing introducing this film? So, I am sitting there on my couch, ready to start the film, when suddenly there is a voice from the past spelling out the studio that made this film, then he acknowledges himself. That did not build for a strong remaining of the story. Again, I felt that Lee was going for money on this film instead of actual talent. Perhaps that is how he could afford both Denzel and Wesley in the same movie without any explosions.<br /><br />There were two great scenes in this film that made it worth watching through to the end. Don't get me wrong, this was a very bad movie, but there is always a diamond in every alleyway. The scene when Bleek accidentally forgets which woman he is with was mesmerizing. He continually went back and forth, weaving truth to confusion in a way that proved that Lee was actually behind the camera. It was a visionary scene that was probably lost in the shuffle due to the remaining poor scenes. The other scene that was worth watching was the way that Lee introduced and ended the film. By keeping the same pacing and direction, he was able to bring this tragic character around full circle and give him the chance to change his life. Other than these two moments, the rest of the film was pure rubbish, not worth viewing unless you are about to go blind.<br /><br />Grade: ** out of *****",negative
"After reading through many of the reviews, I don't know what movie some people were watching, but clearly it wasn't the same one I saw.<br /><br />This movie is horrible. The acting, primarily Moore's, is just terrible. The woman cannot act. Nice tits, but she just can't act. At no point did she come across as the actual character. Instead, it was spoiled Hollywood actress goes to the beach to play make-believe with the boys.<br /><br />And that's what this movie ultimately is -- Hollywood make-believe. The training sequences are over the top. The politics -- over the top. The political correctness -- over the top. The combat scenes -- you guessed it, over the top. Your mission is to get in and get out without being detected. So what do you do? Why shoot off as many rounds and make as much noise as possible, of course. Oh G.I. Jane, you can be my wing man anytime.<br /><br />The premise is good, but as soon as Hollywood gets a hold of it, we end up with Top Gun with tits.<br /><br />What more is to be expected from commercial US films anymore? Not much I guess.",negative
"Licence fees to watch this trash, And pay for it with hard-earned cash? Humourless, no hint of laughter, God knows how it won a BAFTA! <br /><br />We've now been subjected to ""Eastenders"" for twenty years. When, oh when is the Great British public going to see this awful soap for what it is? Crass Pap! This programme no more depicts reality in the East End of London than everyday life in Beirut, and never has done.<br /><br />The Eastenders I know (the real ones) are kind, courageous, hardworking and loyal. And one of their greatest attributes is humour. It was the Eastenders who went through the worst of the London blitz and still stuck two fingers up to Hitler. And what do we see on our screens for five days of the week (including an omnibus)? Nothing but a bunch of moaning, wailing, ""dead from the neck up"" wimps, who seem to do little else than sit in a pub all day sniping at each other. What a great advert for Britain that is!! Do the writers actually believe this garbage they're pumping out? Obviously the woolly-minded section of the public does, but then I've heard that apparently anyone can be brainwashed into believing anything.",negative
"This is a children's TV series about a Mary-Sue who is at the same time, mean and bitchy. I couldn't bring my self to sit through 3 episodes of Zoey101. Not to mention that Jamie Lynn Spears can't act to save her life! What message does this show bring to kids? If you're not perfect like Zoey, you're unworthy *rollseyes*.<br /><br />It's absurd how Zoey's character is exactly the type of person who would be despised in real life yet she manages to become so popular. Then there is Chase who is basically a lovesick puppy who worships the ground Zoey walks on. Then there is the fact that all the other characters seem to have been dumbed down in order to stop them from outshining Zoey. I'm sorry but the characterization in this show = extremely unrealistic.",negative
"Well...now that I know where Rob Zombie stole the title for his ""House of 1,000 Corpses"" crapfest, I can now rest in peace. Nothing about the somnambulant performances or trite script would raise the dead in ""The House of Seven Corpses,"" but a groovie ghoulie comes up from his plot (ha!) anyway, to kill the bloody amateurs making a low-rent horror flick in his former abode! In Hell House (sorry, I don't remember the actual name of the residence), a bunch of mysterious, unexplained deaths took place long ago; some, like arthritic Lurch stand-in John Carradine (whose small role provides the film's only worthwhile moments), attribute it to the supernatural; bellowing film director John Ireland dismisses it as superstitious hokum. The result comes across like ""Satan's School for Girls"" (catchy title; made-for-TV production values; intriguing plot) crossed with ""Children Shouldn't Play With Dead Things"" (low-rent movie about low-rent movie makers who wake the dead); trouble is, it's nowhere near as entertaining or fun. ""The House of Seven Corpses"" is dead at frame one, and spends the rest of its 89 minutes going through rigor mortis, dragging us along for every aching second...",negative
"Sarafina was a fun movie, and some of the songs were really great. Sarafina was very entertaining. I don't normally like music things like this, but the singing was not lame like it looked like on the box. The movie was useful for learning about history because it was an interesting perspective of the Soweto rioting of 1976. It showed you things from the perspective of the students in the rioting and showed you that they were real characters. Because you got to see them as real characters this makes you like them more as an audience, and makes you more sympathetic to them as totally the victims of the white government, who you can not sympathise with. The singing of the students is correct because we know from accounts that the students in the riot were singing and dancing before it became violent. The clothing of the students in Sarafina is very similar to the clothing shown in photos from Soweto. They made the movie actually in Soweto, which is why it looks very accurate in many parts. All these things make the film more accurate for someone using it to learn about aparthied. As viewers we must be critical of the way the history of Apartheid was presented. As I said before, you become sympathetic to the students - this makes it potentially less reliable and objective. Also, it changes some of the details from other accounts. In Sarafina it turns to chaos when the policeman comes into their classroom and shoots the students. The police and army were very aggressive at Soweto, but this is probably an exaggerated event. The police and army did shoot students, but there is not evidence of them going into schools and executing people like this. The fighting was more in the streets and had looting and crime. This is done in the movie probably to make you feel more sorry for the school students. The movie would have been more useful if it had some different information about aparthied. The teacher was arrested for being against the government, and the mum goes to work in a white persons house. But there is not any information about the government and why they were doing it or any details about the racist policies and laws. -By George S, Chris and Finlay",positive
"Calling all D-sciples! Grab your friends, hit the theater and see the hell out of this movie. From the opening sequence until after the credits you'll be laughing your self breathless. <br /><br />This movie is a wild ride through the history of the D, and not just some bull-crap list of the things they've done, but a chronicling of their rise to power. I am a huge fan of Rage Kage(Kyle Gass) and Jables(Jack Black), so naturally I loved the movie. <br /><br />It helps to know about the show they had, and their first CD, but it's just as funny if you don't. From the hilarious and vulgar lyrics, the rocking rhythms, the massive amount of pot smoking, and the cameos, down to the outright insanity that is the story line, this is a movie for D-sciples and newbies alike. <br /><br />Many of their songs are referenced, such as Two Kings, Tribute, and Kielbasa to their many audio tracks like Cock Push-ups, every fan in the audience will be saying I remember that as well as new comers saying ""That's F'ing hilarious!."" I highly recommend this movie to any body that's ever rocked out. This movie is certainly in high competition for being the next ""This is Spinal Tap."" One of the best ever.",positive
"This movie is more deceiving than ever, using a suspenseful looking actor like Walken to play in this piece of junk made it look like he had nothing better to do than play a boring role like this one! And the fact that the movie was supposed to be about some witch and you really don't see that until almost the end of the movie but meanwhile you have to sit and watch this boring film while it gets, or tries to get to the meaning of the point and you have to go through this whole trail of boring actors and actresses thinking the whole time of how you passed off another movie and decided on this one and how you have just waisted your money just makes the whole point of time useless sitting there. I'd rather watch cartoons for goodness sakes. Leave this one alone,please!",negative
"Incarcerated train robber near Yuma breaks free his chain-gang and heads for the retired sheriff responsible for killing his wife (as well as a hidden stash of gold which remains hidden thanks to the screenwriter). Attempt to bring the western genre up-to-date with 1970s-style violence and brutality isn't even in the same league as some of the new-fangled westerns which came out of the late-'60s. It is impossibly simple and square, with the female characters merely around as punching-bags and possible rape victims. As the former sheriff back in command, Charlton Heston gives one of his laziest, least-inspired performances ever (he has one good moment, attempting to read a letter and fumbling for his glasses). James Coburn, as the half-mad half-breed, is pretty much on auto-pilot as well, but Coburn has a way of turning even the hoariest dialogue and situations into something prickly and unnerving. It's his show all the way. *1/2 from ****",negative
"So you think a talking parrot is not your cup of tea huh? Well, think again. Paulie is a wonderful film filled with touching moments.The characters are all lovable especially Paulie as he enters the lives of many people on his journey.It is journey worth experiencing. Don't miss it! It is available on home video.",positive
This movie was a fascinating look at creole culture and society that few African Americans are aware. My own two children are by products of a paternal grandmother whose father was a member of the gens de couleur libre and a black skin woman whose parents were ex-slaves. He married outside of and against his culture and was cut off from all of his family except for one sister who took pity on her brothers plight; raising 8 children during the great depression of 1929; providing the family with food whenever she could. Of course she clandestinely aided this family fearing for her own ex-communication. My daughter was fascinated by the movie. We have made it a part of our library.,positive
"After winning a championship fight, boxer John Garfield (as Johnnie Bradfield) celebrates with a drinking binge, which leads to the manslaughter of a pushy reporter. Although his manager killed the man, Mr. Garfield is blamed. When the manager dies in a car crash, wearing Garfield's stolen watch, authorities think the boxer is dead. Still a WANTED man, Garfield changes his identity to ""Jack Dorney"" and moves to an Arizona ranch. There, Garfield meets ""The Dead End Kids"": Billy Halop (as Tommy), Bobby Jordan (as Angel), Leo Gorcey (as Spit), Huntz Hall (as Dippy), Gabriel Dell (as T.B.), and Bernard Punsly (as Milt).<br /><br />Garfield bonds with the young ""Dead End"" lads, who were sent to stay with sweet ""Grandma Rafferty"" (May Robson) as an alternative to reform school, courtesy of her brother, deceased priest ""Father Rafferty"". Garfield falls in love with Halop's sister, pretty ""Peggy"" (Gloria Dickson), who is there to keep any eye on the kids. Of course, Garfield's past comes back to haunt him <br /><br />""John Garfield and The 'Dead End' Kids"" make beautiful (Max Steiner) music together, thanks to effective direction and photography, by Busby Berkeley and James Wong Howe. The story is predictably comfortable, with the Warner Brothers support team in fine form. Garfield and the ""Dead End"" kids are a winning combination; although Garfield made no further movies with the ""East Side"" gang, the studio had him re-team with both Billy Halop and Bobby Jordan, almost immediately, for ""Dust Be My Destiny"".<br /><br />The boxing scenes are nicely staged. But, the most exciting sequence has Garfield and four of the New York ""Kids"" (Halop, Jordan, Hall, and Punsly) climbing into a giant water tank for a swim - which unexpectedly puts their lives in danger. Other, more brief, highlights include floozy Ann Sheridan (as Goldie), boozy Barbara Pepper (as Budgie), and young Ronald Sinclair (as Douglas) losing at strip poker.<br /><br />******** They Made Me a Criminal (1/21/39) Busby Berkeley ~ John Garfield, Billy Halop, Bobby Jordan",positive
"As hard as it is for me to believe, with all of the awful reality shows out there over the past few years, this one has to take over the top spot for worst one yet. I am still wondering if this was actually just a spoof done by the SCTV gang. If Andy Kaufmann were still alive I'd be sure he was behind this. Can a rock band stoop any lower than has INXS to do such a shameful thing as this? The premise is simple and moronic. Audition a bunch of karaoke rejects to become the new lead singer of INXS, to take the place of Michael Hutchence (who committed suicide in 1997). Eight years and no hits later, the band commit the ultimate act of patheticness by subjecting themselves to auditioning a bunch of talentless wannabes to be the new lead singer of a band that is 20 years past its prime. So they trot all of these awful singers (I thought American Idol had its share of doozies) who do atrocious renditions of just about every classic (and predictable) rock song imaginable. And then they cut to the INXS band members who are seriously discussing the merits of each of these candidates. You could see better (and more original) rock performers at just about any night club in any city in the world.<br /><br />It has all the usual uncreative elements of every other reality show. Lame reality participants, lame interviews, lame host/emcee, lame ""judging"" of performances, and the lame booting of one participant at the end of each show. Can these shows get any more predictable? It's clearly a publicity stunt on the part of the band; a last gasp of hope at rekindling their lost stardom before they are finally buried into oblivion. Michael Hutchence, if he had any shred of dignity when alive, has to be rolling over in his grave. Not that INXS were ever a great band, but I had no idea they were this pathetic. If INXS are at all representative of what rock and roll has become, this show would be the final proof that rock and roll is once and for all, dead.",negative
"There is no way to put into words just how bad, how shapeless, paceless and laughless these ""Vice Academy"" films really are. You have to experience one for yourself. For the third time in a row, writer-director Rick Sloane does not show even an ounce of writing or directing talent. There is nothing here that a person above the age of 5 will believe or laugh at, yet the (very brief) nudity and other ""plot"" elements make the films unsuitable for kids. Which leads me to believe that they are really aimed at adults with the mental capabilities of 5-year-olds. Elizabeth Kaitan makes a more than welcome replacement for Linnea Quigley - she is winningly bubbly and cute, and her wonderful big smile is about the only thing that can make a viewer smile as well. But watching her and the other girls in this film is like watching a bunch of flowers in a desert covered with horse manure. (*)",negative
"When I reviewed the video for a local magazine, I called it ""the greatest achievement in the history of the American cinema."" That was not wholly tongue in cheek. TW&TL remains Milius' best work, and it's sad that he has so little opportunity to work anymore. However, TW&TL remains a striking exposition of what once was known as The American Character, largely on the strength of Brian Keith's superb portrayal of Teddy R. (Obviously Milius--and Keith--admired TR tremendously to make two films about him, including ""The Rough Riders."") It's hard to fault this film at any level: a splendid balance of action, levity, relationships, and the serious topic of America coming of age in the world. Furthermore, TW&TL has exceptional appeal across the board: note the stats showing it rates best with under-18 males, females 18-29, and over 45! Clearly Candy Bergen struck a responsive chord with women as well as men.",positive
"I can not believe such slanted, jingoistic material is getting passed off to Americans as art house material. Early on, from such telling lines like ""we want to make sure they are playing for the right team"" and manipulative framing and lighting, A Love Divided shows it's true face. The crass manner in which the Irish Catholics are shown as hegemonic, the Protestants as peaceful and downtrodden, is as poor a representation of history as early US westerns that depict the struggle between cowboys and American Indians. The truth of the story is distorted with the stereotypes and outright vilification of the Irish Catholics in the story; a corruption admitted by the filmmakers themselves! It is sad that people today still think that they can win moral sway by making a film so easily recognized for it's obvious intent, so far from attempting art. This film has no business being anywhere in any legitimate cinema or library.",negative
"This is certainly one of my all time fav episodes of Trek. There is just so much going on in this one film that its crazy cool. First the guys beam down to an alien planet thats about to explode. They meet a freaky librarian type dude (very well played). Then Kirk manages to get himself transported back to what is very much like 16th century earth. McCoy and Spock try to follow but instead nearly freeze to death on the frozen version of the alien world 100,000 years in the past. Kirk manages to get himself locked up and charged with witchcraft while Spock enjoys some amok time with a sexy cavegirl who was vanquished to the this frozen, awful world by some bad guy.<br /><br />Spock decides hes happy where hes at and gives McCoy a royal assestment whuppin' when the doc suggests they need to look for a way out. Anyhow,they all finally escape, leaving the poor cavegirl behind. It takes a ton of convincing before Spock finally gives in and leaves. You can literally taste the sadness at the end. Leaving the cavegirl all alone in her frozen wasteland just seems cruel and is really touching. Spock must have been out of his vulkin' mind to leave behind his greatest hope for love and being human. Albeit, in a not so nice neighborhood!<br /><br />Anyway, you just get so much bang for your buck with this episode....A love story, the Salem witch trials, Spock as a human, the desperation of being left in total isolation...abandoned, and three entirely different settings on the alien planet. Its amazing they managed to jam all this into one fifty minute film. This one is a classic, don't miss it....I want it on DVD fer shure vulcans!!!!!!",positive
"Just like all of Mel Brooks' other comedies, Men in Tights is hilarious. But in seeing this as an outrageous comedy, I think many fail to realize that the reason the movie is so funny is that the characters themselves are acted so well. Elwes is the well-spoken former British noble, Lewis is an eternally annoyed king (I hope it's worth all the NOOOOOOIIIISE!), DeLuise is a FANTASTIC godfather, Roger Rees is a worried and cynical sheriff.... The actors and actresses are so loyal to their parts that the jokes flow forth with ease. Yes, we've seen this kind of comedy before, but the only comedy to achieve better character development, in my opinion, is The Big Lebowski. Very very funny.",positive
"This movie have 4 parts and every is around 170 minutes long. Its based on true story of life of Joe Bonanno and it is telling all how he did see. So in some events we can notice that we heard different about it. Movie make you tied up for chair till the end, i think it is possible to watch all 4 in a row, and not notice i watched 2 in a row and 2 next day in a row. Acting in movie is OK in some scenes awesome but in general could be bather, but this movie is not about acting or special effects and glamor, this one show real thing and story is key to this movie. So the one who look for same spectacular Rambo/matrix/titanic movie you can skip this one. Good thing in movie is that follow the main story so you will not have long and boring love scenes or any different interrupt with something not important to crime business of Bonanno.",positive
"Low-budget murder mystery about a Public Defender trying to clear his client of a murder the man had been convicted of 12 years previously. Complicating things is the fact that he escaped custody after his conviction, but the PD believes the man to be innocent of the murder and works to find the real killer. Gig Young as the PD is okay, and James Anderson as the convicted killer is actually pretty good, but the picture as a whole just rambles along with little suspense, and despite some good character actors in the cast, the performances are generally below par. Director George Archainbaud was apparently more at home making westerns--he was churning out Gene Autry's TV series at Columbia at around this time--but even if he had tried to inject any liveliness into this picture, the hack script would have defeated his attempts. Average at best, the film climaxes with a courtroom scene that's straight out of an episode of ""Perry Mason"" and is just as predictable.",negative
"That is what this movie is. Good God the special effects suck in this movie. It is difficult for anything to suck more than this movie's plot, but the special effects manage to pull it off. Let me try to explain just how bad this movie is.<br /><br />First, there is the plot. There are four punk-ass teenage dirt bikers who are riding around in a forest in Duluth, MN. One of them is a dumb-ass and tries a ridiculous jump and breaks his leg. A paramedic comes to help him, but gets stranded with them when the helicopter breaks. Then all five realize that there is a forest fire, which we see is started by some guy dumping tons of gas all over the forest. All they show us is his boots, and they show scene after scene of this guys boots walking around dumping gas and starting fires. Meanwhile, the teenagers try to escape the fire, only to find that boot man has somehow managed to get ahead of them (while they were speeding through the forest on dirt bikes!), dump gas all over the area they were riding through, and start more fires. He does this several times, and the paramedic finally catches him and starts him on fire. I won't spoil the ending, but this guy's resilience will have you shouting ""WHAT THE BLOODY HELL?!?!"" at the screen. Anyway, they are now surrounded by fire, and their only escape is through a mine which is filled with methane gas. Yes, methane gas. I'm not even going to try to describe the ending, because it is too ridiculous, and you'll enjoy it more if you don't see it coming. Which you won't, because you can't possibly expect what happens. This is because of the second major problem with this movie: consistency.<br /><br />Is some semblance of consistence too much to ask for? Apparently so. I cannot even count the number of broken limbs in this movie (they keep breaking arms and legs while crashing their bikes). I think each character breaks at least one limb, and several more than one. They then limp around until the scene ends, and then forget that they're supposed to have broken limbs. There is one scene where three of them who are supposed to have broken legs start dancing. But then their injuries suddenly return when the plot needs them to.<br /><br />Finally, the CGI. If there is a hell, it consists of watching the fire in this movie. All they did for the forest fires is line the dirt paths with CGI fire. You can clearly see that the only CGI fire is along the paths, and all of the trees more than two feet from the path are left untouched. And then they zoom out and show the whole forest being engulfed in flames. It's hard to describe in words how ridiculous it looks, but I assure you that the ridiculousness is quite impressive.<br /><br />This movie is one of those so-bad-its-good types. There are some occasions where it descends into the painful-bad category, but for the most part it stays above the line and is laughably inept. I can't wait to check out the other Nature Unleashed movies that came in the four-pack with this one.",negative
"I suppose if you like pure action... you'll find it here. I suppose if you find a gorgeous blonde designed to be screwed... find it here. I suppose if you want to find a couple of extra baddies, headed by 1-2 extra, EXTRA baddy bosses who meat a nasty end... you'll find it here.<br /><br />Overall, routine stuff, and the good guys come out on top big time under extra-ordinary circumstances.<br /><br />What I marvel most at... How the good guys armed only with pistols, can kill dozens of bad guys with machine guns who are shooting at them at point blank range... and missing. The goodies even get time to reload their pistols amid the hail of machine guns bullets.<br /><br />Ho-hum!!!",negative
"Originally aired as an ABC Movie of the Week. This involves two young innocent female college students who are railroaded into a prison camp in a little Southern town. They aren't allowed phone calls and nobody knows they're there. What follows is rape, torture, beatings, humiliation and degradation leading to a very disturbing conclusion.<br /><br />The TV version was (for its time) grim. No nudity and the beatings were pretty tame but the overall feeling of sleaziness wore one down. The unrated version is even worse--there's plentiful nudity, the violence is extreme and, in one particularly disgusting sequence, we see a crying female prisoner forced to strip while a lesbian guard ""uses"" her. YUCK! There's nothing wrong with exploitation films but this one just goes over the brink. You get the feeling that the filmmakers enjoy having these poor women being tortured and degraded--all this is shoved in your face like you're supposed to enjoy it. The needlessly downbeat ending doesn't help.<br /><br />I'm giving it a 3 because the acting is good--but that actually makes the movie harder to watch. A sick, sleazy film. Not recommended.",negative
"I saw the premier of this movie during the 2005 Phoenix Film Festival and was very impressed with the skill Director, Jeff Hare, exhibited in bringing this timely topic to the screen. The cast of characters meshed perfectly and allowed us to examine the issue of a senior wishing to die on ""his own terms"" in a very warm and humorous way. Peter Falk was brilliant as Morris and the supporting group of family members and friends were perfectly cast in their roles. The interaction of the family, friends and outsiders with Morris created a realistic view of how families address the issue of their parents aging and their wishes to die with dignity.<br /><br />Although this movie is ostensibly a movie about a Jewish Actor and his family, it is truly a movie about all families. The jokes the family and Morris crack during this romp through the life of a ""Force of Nature"" are fresh and realistic. Childhood rivalries, adult successes and failures, and hope for the children are integral to this screenplay. While many will question how you can make the topic of suicide ""humorous"", I thought the treatment logical and timely. If you are not afraid to shed a few tears or laugh at the quips of a family struggling with this issue, then you MUST SEE THIS MOVIE.<br /><br />The movie was awarded ""Best Picture"" at the Phoenix Film Festival.",positive
Another good Stooge short!Christine McIntyre is so lovely and evil and the same time in this one!She is such a great actress!The Stooges are very good and especially Shemp and Larry!This to is a good one to watch around Autumn time!,positive
"This film was the first British teen movie to actually address the reality of the violent rock and roll society, rather than being a lucid parody of 1950s teenage life. In an attempt to celebrate the work of Liverpool's Junior Liaison Officers the opening title points out that 92% of potential delinquents, who have been dealt with under this scheme, have not committed a second crime. However, this becomes merely a pretext to the following teen-drama until the film's epilogue where we are instructed that we shouldn't feel responsible or sorry for such delinquents however mixed-up they might seem.<br /><br />Stanley Baker plays a tough detective who reluctantly takes on the post of Juvenile Liaison Officer. This hard-boiled character is a role typical of Baker. Having been currently on the trail of a notorious arsonist known as the firefly and does not relish the distraction of the transfer. However, as in all good police dramas he is led back full circle by a remarkable turn of events, back to his original investigation.<br /><br />His first case leads him to the home of two young children, Mary and Patrick Murphy (played by real-life brother and sister duo), who have committed a petty theft. Here he meets Cathie (satisfyingly portrayed by Anne Heywood) their older sister whom he eventually becomes romantically involved with. It quickly becomes obvious that the squalid environment of such inner-city estates is a breeding ground for juvenile delinquency.<br /><br />The elder brother of the Murphy family, Johnny, is the leader of a gang of rock and roll hoodlums. McCallum does an eye-catching turn as the Americanized mixed-up kid, who owes more to the likes of Marlon Brando, than any previous British star. One is reminded of Brando's character Johnny from 'The Wild One' who led a leather-clad gang of rebellious bikers in much the same way as this film's 'Johnny' leads his gang.<br /><br />Thankfully the preachiness of earlier Dearden crime dramas such as 'The Blue Lamp' is not so apparent. Instead we are presented with several well drawn-out characters on both sides of the law as the drama of the delinquents and the romantic interest between Heywood and Baker takes the forefront.<br /><br />The plot, whilst at times predictable, does deliver some memorable scenes. The disruptive influence that rock and roll music was thought to have had is played out in a scene where Johnny abandons himself to the music, leading a menacing advance on the police sergeant. The most grippingly memorable piece of film however is the climatic classroom scene where a bunch of terrified school children, including Mary and Patrick, are held hostage at gunpoint by Johnny. Obviously in the light of the real-life Dumblaine Massacre this scene seems all the horrifying. Understandably because of this the film is seldom aired or available to modern audiences.",positive
"Legend has it that at the gala Hollywood premiere screening of 2001: A Space Odyssey, about 20 minutes into the film Rock Hudson yelled out ""Would somebody please tell me what the hell this movie is about?"" Well, I have Rock beaten by about 19 minutes, 59 seconds. This movie made absolutely no sense at all. Who were those people? Where were those people? What were the rules of the game called Quintet? Are there any rules to Quintet? Were Robert Altman and his cohorts making the movie up as they went along? What was Paul Newman thinking when he signed on to this? Maybe ol' Fast Eddie saw Zardoz and thought ""Well if Connery can get involved in a futuristic film that makes no sense, so can I."" Maybe the good stuff is on the cutting room floor and all we get to see is the incoherent stuff. Also, did all the cast get to keep their individual funny hats? You never saw such bizarre looking hats all in one place in your life. Quintet just confirms what I've always thought: when Altman's good he's superb, but when he's bad, he makes stuff like Quintet",negative
"1985 was a good year for films - maybe even great - but this one missing out on a gong went a long way to convincing fans that ol' Oscar is little more that a hood ornament for good party members.<br /><br />11 nominations and not a single title: such was the Academy's disdain for one of their greatest directors; and one who had to wait another 8 years before whatever prejudices had prevented them from handing him the statue before allowed them to give him 7 for Schindler's List, which is, arguably, not as good (and I'm half-Polish).<br /><br />Don't get me wrong, Schindler was a classic. And I'm not knocking 'Out of Africa' (which won that year) either; but it was, in my mind, a class behind this one: an epic story of suffering and hope that brought me to tears - and I'm not a big cryer.<br /><br />Maybe it was the music (superb), or the cinematography (sumptuous), but more likely simply the acting: Whoopi, who proved to all of us that she was much more than just a comedienne; Danny Glover, who I'd never heard of before; and, of course, Oprah.<br /><br />The rest is history; but, at the time: who knew?",positive
"Anyone that is looking for an episode of ""Law and Order"" or ""CSI"" would have to look elsewhere as the most basic elements of police or forensics work were totally ignored in this case.<br /><br />A murder took place, and all the police did was to grab a 15-year-old boy off the street and take him to the only witness - a 65-year-old man - and say is this the guy who did it? Sure, the old man thought that the kid in the back of the police car had to be guilty. never mind that he looked nothing like the real killer and was dressed completely differently. He must have shrunk, reversed his age by 5-10 years and changed clothes.<br /><br />The police made absolutely no effort - and they admitted it! The did no forensics on any of the evidence, they questioned no other witnesses, and they beat a confession out of a 15-year-old.<br /><br />The saddest thing about this compelling look at the criminal justice system is that it occurred right down the road in Jacksonville, Florida. Let everyone now start talking about ""Southern justice.""",positive
"Julien Hernandez is certainly an attractive and likable on screen persona. In fact, his character pretty much carries this whole film, or what's worthwhile about it. The problem is, with the exception of his gal pal (played by Marisa Petroro) and Paul Lekakis (as a trick/date/ boyfriend for some of the characters) no one else even comes close. Hernandez plays a 30- something director of Cuban heritage, and unknown sexuality, who comes to L.A. and gets a job making a gay documentary. In the process of meeting a group of gay people while finding subjects, he comes out...but very s l o w l y. Even at 88 minutes, the film has obviously been stretched out and padded with various film-school devices, most of which only end up pointlessly interrupting the narrative (which ain't much to begin with) or pointing out the overall amateurish-ness of the film-making. <br /><br />Which is a shame, because there's a love story in here somewhere, and the final three minutes, when Hernandez's Sebastien finally clicks with a wealthy West Hollywood party- thrower (nicely underplayed by Lonnie Henderson) and they share some sexy soulful kisses, it works despite all that came before. But we don't really care about any of the other characters or their situations: Why would handsome Dante have a Eurotrash priss for a boyfriend? He wouldn't. And don't even get me started on Sebastien's friend Paulie's ""rules"" for dating -- no gay man I know, hell no sane person, period, would put such constrictions on himself or others. And please tell me how Sebastien gets a peeled banana (which is normally fairly shmushy, right?) stuck up his butt and has to go to a doctor to get it removed? <br /><br />I noticed Hernandez won an award for this film as a ""short"" -- it probably should have stayed that way. All this said -- I'd look forward to seeing Hernandez on screen again, in a better scripted comedy with more assured direction.",negative
"I'm sure that any legitimate submariner would happily ship out on the USOS Seaview (yes, SOS...) Why, you could play full-court basketball in the torpedo room, it's so large. And how 'bout the bay windows in the bow, the better to see giant squids or minefields that appear out of nowhere? Did I mention the colorful mess-cook with the parrot on his shoulder? And the Admiral's stateroom with what appears to be a loft? Big bleeping sub...<br /><br />OK, OK...it's never gonna win any prizes for authenticity. And if the sub is laughable, the plot is even worse. Somehow the Van Allen belts of radiation, hundreds of miles in space, have ""caught fire"" are going to make global warming look like a weenie roast. Pompous Admiral Nelson (Walter Pidgeon), along with his sidekick Lucius (Peter Lorre, looking suitably uncomfortable) hatch a scheme to put out the fire by firing a missile into its midst.<br /><br />There's plenty of intrigue (sic) along the way, with a born-again survivor (and his little dog, too!) two ""dames"" who can never leave well enough alone, a passel of ""red shirts"" who are expendable, and plot holes big enough for Godzilla to walk through. Thrill to the Seaview being chased at what looks like 60 miles per hour by another sub -- no need for advanced sonar when you can follow from 100 feet astern.<br /><br />The movie careens from one cliff-hanger to another; the payoff is so anticlimactic as to be pointless, certainly not worth the 1 hour and 50 minute wait.<br /><br />The technical adviser for this shipwreck must have been a 14-year old boy with a stack of Popular Mechanics magazines. Worth watching, if only to riff upon.",negative
"I haven't read the book of this and based on this adaptation, will not bother. I hated every character in this show - Miranda was slutty, selfish and mumbled miserably through the appalling dialogue, her sister was a total wimp, and this was the worst depiction of manic-depression I have ever seen. I have a degree in Psychology, and this was not accurate. In fact, until it was mentioned, I did not realise Troy was supposed to be bipolar - I thought he was a normal, slightly grumpy teenager.<br /><br />The only saving grace in this stupid show was David Tennant, whose brilliantly psychotic performance was the only thing that got me to watch the second half. <br /><br />Clearly the writers and producers of this show have not done any research - Troy's mental problems are not remotely accurate, nor are the forensics involved in the ""twist"" ending (and if you did not spot that a mile off, you are a big ole dummy!) <br /><br />Utter garbage.",negative
"I'm not sure what the point of making this film was. It looked as if it was made by some historical society to be shown in your local 'Pistol Pete' museum. At first it appears that it could be the beginning of a Mad TV or SNL sketch. But then the joke is on you when there is no punchline and you realize that someone was taking this seriously. The story wasn't bad but the inclusion of the SASS members seemed to be a ploy (that worked) to get me to see the film. I swear, the trailer listed every character in the film down to ""dead cowboy #5"". The reason Westerns are so fun is the atmosphere and the characters it brings. I just had the feeling I was watching Civil War rean-actors dressed up as cowboys. Not even worth the digital video it was recorded on.",negative
"<br /><br />This film is a summary of Visconti's obssessions: the decadence of nobility, death, aesthetic search, homosexuality...All mingled with melancholic mastery. Slow-paced just to make you abler to contemplate all its beauty (which is in the music and the images as well as in the story)this is the type of film we are not allowed to enjoy anymore, brave, deeply personal and intelligent. The genuine fruit of a genius like Visconti.",positive
"There are so many goofy things about this movie that I can't possibly name but a few:<br /><br />BOGART's character: 1. His name  Whip McCord (too easy, so I'll leave it at that. Boy, it makes `Humphrey' sound good.) 2. His long, curly hair and silly sideburns. 3. His Black Bart get-up, complete with spurs! 4. Not sure what shade of lipgloss they've got him wearing, but it ain't none too flattering.<br /><br />CAGNEY's character (Jim Kincaid ): 1. His lipstick doesn't do him any favors, either. 2. The man is being swallowed by his hat during the entire film! Could they not find a hat to fit him? Even a LITTLE?!!?! 3. His pants are too tight in the rear. 4. He blows the smoke off his gun one too many times, if you know what I mean, and I think you do.<br /><br />If you are a casual Bogart or Cagney fan, and figure it might be a change of pace to see them in a western, do yourself a favor and forget that thought. EVEN THE HORSES LOOK EMBARRASSED! (That is, when they don't look bored.)<br /><br />In all fairness, I admit that westerns are my least favorite film genre, but I've still seen much, MUCH better than this.<br /><br />On a comedy level, or as high camp, The Oklahoma Kid works. Otherwise, it's viewer beware. Therefore, see this only if a) you must see every western out there b) you are a TRUE Cagney or Bogie completist c) any of the above comments appeal to you. Woah..",negative
"The best thing about the movie is the name, as it both describes the plot and the acting. At least they cannot say they didn't warn you... Kind of like the button labeled, ""Don't push this"".<br /><br />Segal must have run out of things that move like planes, trains, and ships but the plot remains the same. Under cover guy who fights slowly, but still beats like 40 mercenary types and doesn't even blink when doing so. What amazes me is that Segal is now as big as a barn and the bad guys still cannot hit him in a hallway with a machine gun and 50 clips of ammo. Where do all these bullets actually go to? The only redeeming feature of this movie is watching Nia Peeples pound Ja Rule (real name Jeffrey Atkins doesn't quite sound so punk) into the floor. I could spend days watching that woman kick her foot over her shoulder like that... especially wearing an outfit like that! It was just a bonus watching Jeffy get is *ss kicked, and fun hoping one of those kicks actually landed. Sorry, it's just time we get stupid wannabe tough guy can't act rappers out of the movies. PLEEEEEASE! Who came up with idea anyway? I'd lay odds it was the person who decided that Cameron Diaz and Drew Barrymore would pass as witty athletic Angels.<br /><br />The only surprising twist in this movie is that they don't do the politically correct thing and have Jeffy come in and save the day. No doubt if Snoop (otherwise known by his momma as Calvin Broadus which again doesn't sound so cool when you refer to him as Cal) had been in the movie, he'd throw some signs down on her and probably saved Segal's life or something.",negative
"I can say without a shadow of a doubt that Going Overboard is the single worst film i have ever seen, and yes, I have seen Cujo. Adam Sandler is an abomination as Schecky Moskowitz, a wannabe comedian working on a cruise liner. That's the plot.<br /><br /> That's it! Nothing else in the film makes sense, it's all over the place like a mad man's breakfast, and not in a wacky naked gun kind of way, but more of a frustrating, 'throw both shoes at the t.v' kind of way. even General Noriega makes an appearance, for no reason i can comprehend (it certainly wasn't for humour). Add to the mix Miss Australia, who has the worst Australian Accent i've ever heared, and you have something which i won't call the worst film ever made, because Going overboard doesn't even fit the basic definition of a film. I highly recomend seeing this film, as it will elevate the standing of every bad film you ever see. I guarantee the first thing you'll say after seeing a bad film will be ""at least it wasn't as bad as Going Overboard"".",negative
"Bill Rebane's ""The Capture of Bigfoot"" is one of the most awful horror movies ever made.A greedy sawmill owner Harvey Olsen(Richard Kennedy)decides that he wants Bigfoot captured at all costs.However local game ranger Dave Garrett(Stafford Morgan)learns that the Bigfoot used to live in peace upset by a geological expedition,and sets out to protect the creature.There is nothing even remotely interesting in this piece of crap.The film is extremely dull and filled with horrible songs and cheap special effects.No gore,no suspense-just gigantic boredom.Avoid this horrible junk like the plague.",negative
"This has to be some of the worst direction I've seen. The close-up can be a very powerful shot, but when every scene consists of nothing but close-ups, it loses all its impact. <br /><br />Tony Scott has some very beautiful scenery to work with, the backdrops of Mexico, the cantinas, the beautiful estate where Anthony Quinn lives, and the dusty towns Costner rolls through on his journey for revenge. Unfortunately we only catch quick glimpses of these places before the camera cuts to a picture of a big, giant head. Even the transition scenes where Costner is driving alone across Mexico quickly cut to a close-up. <br /><br />The score is over-dramatic and intrusive, dictating every emotion we should feel. The story itself should have been handled much better. Among other things, too many people pop up out of nowhere to help Costner along - it's just bad writing. <br /><br />It's a typical thriller storyline, but many others have taken the same premise and done outstanding things with it. Costner's No Way Out had a somewhat similar storyline, but it was a much better movie. <br /><br />The ending was completely anticlimactic and suffered from the most melodramatic scoring of the film. This movie was never going to be great, but if we saw more of Mexico and less of giant heads this film might have been watchable.",negative
"Poor Jane Austen ought to be glad she's not around to see this dreadful wreck of an adaptation. So many great Jane Austen movies have come out recently that this one deserves to be permanently buried along with two other movies I despise-The Man in the Gray Flannel Suit and the 1969 version of David Copperfield. My main beef with the movie is that it completely misses the point of the book. Jane Austen was poking fun at the Gothic mania in her society, and much of the novel is tongue in cheek. The movie, however, is serious and comes across terribly melodramatically. The lighthearted, fun-poking flavor of Austen's writing is completely and conspicuously absent from this ponderous foray iinto horror meets period drama. The scenes of Catherine's imagination are both gratuitous and uninteresting. Also, Henry Tilney is dreadfully unappealing. Why, I ask, would anyone fall for him? If you are looking for a fun-filled Jane Austen evening, watch Emma instead!",negative
"An unexpected pleasure as I had heard nothing about this film.<br /><br />Shameful since it warrants having a wider audience.<br /><br />A wonderfully humane story with a social message gently told, although admittedly predictable in its resolution. Solidly acted by the principals. Beautifully photographed with muted colors floating against grey that captures the nostalgic tone of the film.<br /><br />My recent foray into Chinese film (Shower, The Road Home, Not One Less) has been an exciting one that I hope to continue exploring. China and its people is an amazing canvas for film-makers. ""The King of Masks"" can be highly recommended as a starting point for anyone similarly interested in recent Chinese film.<br /><br />",positive
"Well, I only caught the tail end of this film on HBO, just the final 10 minutes or so, but I must say that it contains probably the most laughable depiction of distance running EVER put on film! I'm a serious distance runner and a dedicated fan of the sport, and I've sat through many painful demonstrations in movies before. However, nothing could have ever prepared me for what is shown on screen in the final 10 minutes of this movie, it literally defies belief! The depiction of the runners is even more ironic considering that African runners completely dominate the sport, and they are elegant and graceful. The female protagonist shuffles along like an overweight pregnant woman, and her ""highly trained"" male supporters are no better. Well into the race this alleged world class runner is surrounded by pudgy, overweight people, many of whom are WALKING! I find it interesting that the director decided to have her lead the female competition, yet near the end she is shown passing people who look like they're staggering along on two broken legs! Are we to believe that this amazing stellar athlete has only overtaken a crippled person at the very end of the race? Maybe the director just thinks that female runners can't run faster than 12 minute miles, and he has obviously never heard of athletes like Paula Radcliffe or Tirunesh Dibaba.<br /><br />Even if you aren't a running fan you'll be astonished by the insanely inaccurate portrayal of running, and this movie is only watchable as unintentional comedy. Here is a note to the director: The next time you decide to make a movie about a sport, it might be worth it to hire at least one person who actually has observed that sport in action.",negative
"I am not one of those people that will walk out of a movie that was based on source material and automatically say, ""The book was better."" I know better than to demote the value of a movie just because it wasn't a faithful adaptation. There is a lengthy process and lots of decisions that go into making a movie that are sometimes out of the director's/editor's/cinematographer's/producer's control and certainly out of the original author's control. Therefore, it is unreasonable to expect a movie to be exactly the same, word for word, as a book or play or video game or Disneyland Ride, or whatever! A movie should be judged on its own standard and how it fits in society. Moreover, a successful movie should be made because the material is relevant to the society which it belongs and, if it is based on source material, its relevance needs to be reexamined and enhanced by the filmmakers. <br /><br />Films like There Will Be Blood follow this paradigm because while it was based on a novel written at the turn of the century, Oil!, it feels relevant because of things like the Iraq war and energy concerns that the film's country of origin, the US, was and is experiencing. Even King Kong, based on the original film, benefits from using new technology and concerns of animal rights that people have.<br /><br />With that said, I just don't understand why they even bothered to make this movie? Besides the great performances, guaranteed Oscar nods and Shanley's director/writers fee and royalties he will get, this movie seems to come from nowhere. It should have simply stayed as a play. The movie (which is essentially the same as the play) says nothing new about the reprehensible sexual atrocities committed and in many cases covered up by the Catholic church here and abroad. It says nothing new or different than the original play. I can't help but compare this movie to another movie that came out at around the same time: Frost/Nixon, which was also based on a play. Frost/Nixon, while about Nixon's regrets, seems relevant because it seems to have come at a time when President Bush was about to leave office. The regrets that Nixon had, as depicted in the play/movie, about the war and his presidency could just as easily reflected on Bush and his presidency. In that respect Frost/Nixon seemed more relevant and actually benefited from a wider distribution via film because it got people talking and reflecting about the political status quo in the country at the time. In contrast, Doubt felt like it was yesterday's news and didn't seem to offer anything that the play didn't offer.<br /><br />Of course the movie is ""good,"" the performances are outstanding, and the screenplay adaptation is apt, but so what? Why didn't it just stay as a play? Why, besides marketing and financial reasons, make it into a movie? It gave audiences nothing new to discus about the awful subject.",negative
"Recently, a friend and I were discussing educational and ethical influences when we were growing up in the 1950's versus today. She mentioned Samuel Taylor Coleridge, who, in 1798, wrote The Rime of The Ancient Mariner. Both of us had been required to recite parts of the epic poem in high school and in English Literature courses in college. My friend said, ""Its messages even might be called metaphysical within today's context."" <br /><br />We tried reciting it and only remembered bits and pieces. (I have problems remembering Dr. Seuss.) I said I'd get two copies of the poem so each could read it. That was easy enough, but I was extremely surprised to find it had been made into a film. We looked forward to watching the film to see how it had been interpreted. After all, The Rime of the Ancient Mariner isn't exactly light reading. After each had read the poem, we watched the film together.<br /><br />We considered the film a remarkable achievement, especially considering it was made in the 1970's, before computers, before the so-called ""Ken Burns effect,"" and before special effects too often began compensating for a lack of substance. Particularly noteworthy are the 19th and 20th century illustrations culled from ""lesser known artists,"" such as Willy Pogany, the early Hollywood designer. <br /><br />The film is narrated by Sir Michael Redgrave, whom had taught the poem when he was a schoolmaster, adding a tone of authority and credibility in remaining true to the poem. <br /><br />Its mastery is in the layers of subtle messages, conveyed without ""instructing,"" or becoming an oppressive and obvious morality tale. We found it such a refreshing change from today's 'in your face' and 'clobber them over the head' mentality. Most of today's morality messages in film are two-dimensional: extreme violence, murder and mayhem mark the bad. The bad are really, really, bad, and good are super heroes. It is as if human character lacked any nuance. The Rime of The Ancient Mariner is a celebration of the individual, of character, of an appreciation for celebrating all the richness life has to offer, within the larger context of humanity, i.e., man's capacity to give to others. <br /><br />Proud of ourselves for having found this ""unknown"" gem, we then learned it had won the top award in its category five out of six times at ""name"" international film festivals. Another surprise was learning the film's director, Raul daSilva, is a recognized authority on early animation, and authored six award winning books about film. <br /><br />This film's message is just as relevant today, if not more so, than when Coleridge penned the original epic poem and when Raul daSilva translated it to film. If I still was teaching high school, which I did for five years, I'd grab this one and show it to all my students. There's a level of richness here that naturally leads to discussion about the big and important issues all of us face, whether in 1798, 1978, or today--in fact, as long as humanity has a spiritual component.<br /><br />Highly recommended.",positive
"WE FAW DOWN <br /><br />Aspect ratio: 1.33:1<br /><br />Sound format: Silent<br /><br />(Black and white - Short film)<br /><br />Stan 'n' Ollie get mixed up with a couple of floozies (Kay Deslys and Vera White) after setting out to visit a theatre which burns down in their absence! Needless to say, their tyrannical wives (Vivien Oakland and Bess Flowers) are not amused...<br /><br />Leo McCarey's OK comedy laid the narrative framework for William Seiter's masterpiece SONS OF THE DESERT (1934), with L&H playing brow-beaten victims of circumstance, forced to tell a monstrous lie which backfires in spectacular fashion. Much of it is very funny, especially the scene in which Stan is teased by Deslys, leading to a violent game of push and shove. However, some of the fun is undercut by Oakland and Flowers, playing their roles completely straight, which adds an element of unpleasantness to the 'henpecked husband' scenario. Originally released in the UK as WE SLIP UP.",negative
"I have to say this is the worst movie that I have ever watched in my life, I cannot believe that I wasted $10 at blockbuster ; this movie should be burned and who ever thought of it has issues. Who ever actually spent money to make this movie was insane =D This movie has TERRIBLE actors and some of the scenes make absolutely no sense. Well, the whole movie doesn't make sense. Also the part where those ""men"" come into the diner ( department of national securities )that happened to be the worst part of the film. How dare they say Frank Sinatra's name in vain? Also, what is up with those glasses? When the guy and girl are in the car and she ""drinks"" water, you can totally tell that she isn't even drinking! Also, what is up with the freaky dinner guy. And everyone knows that you don't stab tires, you slash them.",negative
"i actually thought this is a comedy and sat watching it expecting to laugh my ass off. pretty soon in became clear this is no comedy, or at least not a 'Jim Carrey type' one. what kept we watching was the characters - the movie starts with some pretty grim, troubled people, gathered together to try and fight one of their basic fears - fear of water, fear of swimming. we start to get bit by bit into their lives, witness their troubles, guess of their thoughts.<br /><br />actually i made it look much darker than it actually is, and besides the chain of events soon brings some light and hope to their lives.<br /><br />i probably wouldn't have watched the movie had i known its not a comedy but rather a drama, but i had good time, enjoyed the story and don't mind i spent about 90 minutes with it.<br /><br />many films treat the alienation between people in the western world, this movie shows how people can get together and help each other<br /><br />""and if in the light of dying day you meet her, don't let her pass you by and leave, don't loose her, she is your gift from the sun...""<br /><br />9/10<br /><br />peace and love",positive
"If the screenwriter and director intended to open hearts with the movie as the musician wanted to do with his music, they succeeded with me. Commonplace human situations became original, personal and immediate so that I personally felt touched by each situation. I believe I would credit the power of music combined with the point of view of the person writing the movie. Without spoiling, I can say that I was very moved by the movie's approach to living. Haven't actually cried out of-what- joy? empathy? just deep emotion? in a very long time. I would love to find a way to show it to others. Saw it at Seattle International Film Festival.",positive
"lovely. i just love the movie. i want to see this movie because Rupert Grint is a fantastic actor. his expressions are great, spectacular. the movie was excellent. Julie Walters it was perfect too. I think that Rupert is the only boy with red hair that i love. Rupert have a beautiful smile, a beautiful voice. and a wonderful accent. i think that the movie was great and was great see Rupert in another thing but harry potter. and its a very good actor, so it deserves that and more. he just have a golden globe but probably it deserves an Oscar academy award. there are some actors that do not act very well but have a Oscar anyway. it does not matter. but he is perfect, brilliant and beautiful",positive
"Oh dear. I was so disappointed that this movie was just a rip-off of Japan's Ringu. Well, I guess the U.S. made their version of it as well, but at least it was an outright remake. So, so sad. I very much enjoy watching Filipino movies and know some great things can come out of such a little country, so I can't believe this had to happen. Claudine and Kris are such big names there, surprised they would be affiliated with plagiarism. To any aspiring movie makers out there in the Philippines: You do not have to stoop this low to make money. There are many movie buffs that are watching the movies Filipinos put out and enjoying them!",negative
"I wish I would have read more reviews and more opinions about this movie before I rented it. A waste of money. A waste of time. Very little dialog. The dialog was hard to understand in every way. The storyline and plot were both weak. The only thing that was nice at all was the cinematography.<br /><br />The characters were interesting. At the same time you will spend so much time trying to figure things out, because of the lack of dialog, that you will be rewinding the movie a lot. <br /><br />Do not watch this movie. It was a mess and will leave you feeling like a mess.<br /><br />You will say, what the heck was that, when the movie ends?",negative
"Some amusing humor, some that falls flat, some decent acting, some that is quite atrocious. This movie is simply hit and miss, guaranteed to amuse 12 year old boys more than any other niche.<br /><br />The child actors in the movie are just unfunny. When you are making a family comedy, that does tend to be a problem. Beverly D'Angelo rises above the material to give a funny, and dare I say it, human performance in the midst of this mediocrity.",negative
"I agree with most of the Columbo fans that this movie was an unnecessary change of format. Columbo is a unique cop with unorthodox police methods. This movie looks like a remake of any other ordinary detective dramas from the past. And that is the disturbing point, because Columbo is no ordinary detective.<br /><br />There are two parts in this film that left me intriguing. First, I can't figure out the title of this movie. It is misleading. Maybe a better title would've been ""The Vanishing Bride"" or something similar. Second, Columbo hides a piece of evidence without offering the reason (to the viewers at least) why he does it.<br /><br />I don't feel betrayed, just disappointed. I'm glad Peter Falk went back to the usual Columbo.<br /><br />",negative
"Whatever rating I give BOOM is only because of the superb location photography of Sardinia and Rome. Otherwise, this is only for hardcore addicts of ELIZABETH TAYLOR (her downward phase), and RICHARD BURTON (his miscasting phase). Tennessee Williams wrote ""The Milk Train Doesn't Stop Here Anymore"" and is supposed to be very fond of this adaptation of his play--but apparently, he was the only one. Taylor reportedly hated it and Burton needed the money.<br /><br />Whatever, it amounts to a hill of beans with Taylor posturing and fuming in her shrill manner, exploding at the servants and exchanging bad baby-talk with no less than NOEL COWARD who seems to be a visitor from another film when he finally appears.<br /><br />It's so campy that among Taylor fans it's probably considered a ""must see"" kind of thing. But if you can sit through this one without a drink in your hand, you're way ahead of me. Sadly, this is the film that signified the end of Taylor being taken seriously as a film actress, even after winning two Oscars. For Burton, it was equally disastrous and the critics called it a BOMB. Judge for yourself if you dare.",negative
"Dean Koontz's book ""Watchers"" is one of the finest books I have read. Sadly, the movie is a sad caricature of the book. The disillusioned middle-aged hero and the lonely spinster with whom he finds a meaning to his life are converted in the movie into a couple of silly teenagers, the stoic security agent and the conscientious sheriff are combined into a farcical villain - you get the picture? The moviemakers have taken a moving tale of love, horror and adventure and converted it into a Z-Grade horror flick aimed - very poorly - at the teen market.<br /><br />Buy the book and enjoy many hours of reading - it will be far, far more rewarding than watching the movie.<br /><br />",negative
"This movie will always be a Broadway and Movie classic, as long as there are still people who sing, dance, and act.",positive
"Ostensibly a story about the young child of Jimmy Stewart and Doris Day. The kid gets kidnapped to keep his parents quiet. They know something about a plot to assassinate the ambassador of an unnamed country during a performance at Albert Hall in London.<br /><br />The movie is rich in Hitchcockian incidents. A friendly but opaque Frenchman seems to grill the innocent Stewart -- a doctor from Indiana -- a little too intensely to be merely idly curious. Later the Frenchman shows up in Arab disguise, a knife in his back, and whispers some information about the murder plot to Stewart. Stewart tells his wife -- Doris Day looking very saucy indeed -- but refuses to cooperate with the police and risk his son's life.<br /><br />Instead the couple try to track down the assassins, buy them off, and get their son back, taking them from Morocco, where Hitchcock has given us his usual tourist's eye view of the customs, locations, and food, to London. There is a hilarious wild goose chase involving a set-to between Stewart and the staff of a taxidermy shop. The staff are more concerned about guarding their half-stuffed specimens than anything else, and they shuffle around protectively holding the carcasses of a leopard and a swordfish. In the course of the scuffle, Stewart manages to save his throat from being cut by the swordfish bill, but is bitten on the hand by a stuffed tiger, the action boosted along by Bernard Hermann's bumptious score. The scene ends with Stewart rushing out the door. Hitchcock ends it with a shot of a lion's head gaping at the slammed door. There is also a running gag, well done, about some visitors waiting around the couple's hotel room in London, waiting for things to be explained.<br /><br />There are two serious issues that are lightly touched on. One is the relationship between Stewart and Day, which is not as rosy as it ought to be, considered as a bourgeois ideal. She's been a stage musical star for some years and is internationally known. And she's given it all up to marry an ordinary guy who happens to be a doc. That's understandable in, say, a nurse or a flight attendant or almost any woman other than an international star with a promising career in her own right. It isn't delved into, but the edginess is noticeable, as it was not in the original version. It reminds me a little of an exchange between Joe Dimaggio and his then-wife Marilyn Monroe, who had just returned from entertaining the troops in Korea. ""Oh, Joe,"" she gushed, ""did you ever see ten thousand people stand up and cheer?"" ""Seventy thousand,"" muttered Joe, former hero of the New York Yankees.<br /><br />The second problem is one of allegiance. Who is of greater social value? One's own young son? Or an unknown ambassador. Do we put ourselves or our loved ones at risk for the sake of national stability? Day is faced with this dilemma in its starkest form at the climax in the Albert Hall. Her solution opts for allegiance to political stability, although her motives are problematic. Does she scream to save the ambassador's life, or does she do so just to release the anxiety that is overwhelming her? (Cf: Alec Guiness falling on the detonator at the end of ""The Bridge on the River Kwai."") The photography is extremely good, and the settings can be menacing, even on a quiet street in a residential neighborhood of London. It's mid-day, and Stewart is alone and determined, but frightened too. There are footsteps echoing on Gulliver Street from someone, somewhere. Is he being followed? Is his life in danger? And where the hell is everybody who lives on this street? Hitchcock pays such close attention to location details that we can make out the garden wall bonding of the bricks beside him.<br /><br />The director had a rare disagreement with Francois Truffaut while being interviewed for Truffaut's otherwise laudatory book. Truffaut argued that the earlier version of ""The Man Who Knew Too Much"" lacked the depth of the later version. Hitchcock replied, ""It seems to me you want me to make films for the art house audience,"" but finally agreed that the 1930s version was the work of a talented amateur and this version was the work of a professional. No argument there.<br /><br />This is Hitchcock pretty much near his zenith.",positive
"OK - you want to test somebody on how comfortable they are with their adolescence and the embarrassing and maniacal changes therin - then get their immediate reaction from watching this uproarious doc about kids making socially relevant horror flicks in the suburban 80's. More than any movie I has ever seen, the film deals with burdening sexuality and ego in a way that is completely human, never dull, and flushed in the kind of inherent goodness of youth that is discolored by the fear-frenzied adult world where any quirk in youth is accredited to anything from insanity to perversion. Mini-mogul Darren Stien seems to be reaching for a deeper understanding of his triumphs and misgivings as the patriarch of strict kid's world. What he finds in himself and others isn't always pretty - but shows how one can improve and reconcile with age. What does change mean without reflection. I love this movie.",positive
"This movie was fun, if all over the board.<br /><br />It essentially follows the comedic romp of two grave-robbers in 19th century England, who move from conventional body snatching to trafficking in vampires, zombies and dead Roswell aliens. (I have no idea what the Roswell alien was doing in there, and neither did the producers, I think.) <br /><br />But was it funny? You bet. Even Ron Perlman, who is often the kiss of Direct to DVD Death was pretty good in this one as a priest who turns out to be the ringleader of a rival gang of body-snatchers.<br /><br />A real joy to watch this hilarious little film, and a good example of what you can do when you don't have larger than life egos on either side of the camera.",positive
I am almost tempted to demand my money back from the video store. This movie plumbs the depths of inanity and is almost completely unwatchable. I NEVER bail out of a film early but this was painful to view. A thorough waste of celluloid. My vote 1/10 (it would have been zero).,negative
"Clearly my rating for this is not to suggest it compares with the classy horrors of the likes of Argento but with other 70s low budget, drive in fare and in that department it truly is a classic. The lack of money shows, (Does anyone care too much?) the acting is adequate rather than professional, (Does that make it more realistic?) but unlike so many other movies, and not just low budget ones, this does not drag for a moment. Crap it may be but non stop crap, in your face crap and although inevitably a bit campy at times, this is a must see for anyone who has any idea what I'm talking about. At times quite delirious, this crazy little film filled out with crazy characters is clearly made for fun and fun indeed it is to watch.",positive
"Never heard of this movie,saw it on DVD.Great movie,perfect example of a movie that took every cast member to make it work.No overhyped typical Hollywood movie with the same old overhyped actors.No current Quote ""A"" list actor could have pulled off any performance in this movie.Brought back memories of my own post Vietnam war military experiences.It concentrated on the people who were sent to fight.As was portrayed by the characters who had fears and emotions even if some volunteered for service.They were regular people too,some just weren't cut out for military life,I remember a few in my experience--to put it mildly couldn't adapt to military life either-but I'll never forget them-should have stayed in touch.I highly recommend it and then think about those serving present day in Afganistan.Basic training is a trip, notice those drill sergeants aren't morning people and maybe they need ""sensitivity training"" HA!HA!HA!",positive
"This is an excellent anime movie. It is well animated, has a good intricate plot and very good music. I understand that some may think of it as a little long, but I think that it is a good length and the animation is good traditional anime.<br /><br />THREE CHARACTERS:<br /><br />The way they use Tenkai is masterly. For example the body double showing up at all these locations adds to the ominous tone of the movie. The design of Tenkai is good too, the way he looks as a monk and in the end scene the armour he is wearing.<br /><br />The old man Andou is down to earth and a very likable character. When Jiro meets him it's a turning point in the movie.<br /><br />Sanpei, the Satsuma Shinobi who infiltrated Tenkais clan saves Jiros life twice. He stays in the background most of the movie though, but he is really one of the heroes of the movie.<br /><br />THE PLOT: The plot is good. It is traditional without being unoriginal. The historical time it is acted out in is interesting, The meiji restoration. The treasure is sought after by Tenkai to restore the shogunate while when Jiro finds it he uses it to help the anti-shogunate forces overthrow the shogunate.<br /><br />The way Tenkai tricks Jiro is interesting and has sort of a ""Hamlet"" feel to it. There is also a sweet irony to the fact that if Tenkai had not gotten Jiro to become a shinobi I don't think that he had been able to kill him in the end(Maybe by firearm, but not hand to hand combat weapons).<br /><br />The plot with all the death makes it mostly very dark, but there's some light moments when we see some of Jiros childhood memories. All in all it's a good, dark, intricate plot.<br /><br />THE MUSIC: The opening theme for example is very good with the electric guitar and drums. They occasionally in that piece use what I believe to be taiko drums, but i'm not sure.<br /><br />There is a lot of good music. Like the one played while they are traveling to the Iga shinobi. I believe the piece is called ""Numatou"" and has an incredible flute in it. The flute might be a pan flute, but more probably a shakuhachi.<br /><br />The end theme ""Kamui no komoriuta"" is calm and delicate. The vocals are beautiful and so is the song in general.<br /><br />THE ANIMATION:<br /><br />The animation, while good, is not perfect and the blood that runs down the characters do sometimes appear to be orange. The transitions are interesting and I think some transitions are very nice. One example of a nice transition is when Jiro and the Iga shinobi are running, there is the sunset in the background and the music is playing. The transition is simple, but effective and has a nice feeling too it.<br /><br />MY FINAL WORDS: I think that the plot, the animation, the music and the characters make this into one of the best anime movies I have ever seen.",positive
"Possibly the worst film within the genre in existence. It was announced as a comedy, but is simply tragically pathetic. I don't think anyone could have achieved anything more terrible and irritating if they were specifically requested to. It is toilet humour at its very poorest, I would avoid even watching the trailer. I only went to see it because it was announced that if you like Monty Python, you are bound to love this. Whoever wrote that was either biased or seriously deranged. I am still bewildered how one can honestly believe such a statement. Rarely do I leave the cinema, really it takes a lot of effort for a film to have that effect on me: this one did it in just 30 minutes.",negative
"""Ripe"" is one of those awful indies which manages to get into circulation and give indies a bad name. Telling a stupidly incongruous tale of pubescent twin sisters who crawl from a firey car crash which kills their parents and then hit the road while happily shoplifting, making goo-goo eyes at some guy, and ending up on an Army post so dilapidated no Army would want it (yeah, right!). An apparent attempt at a coming of age flick, ""Ripe"" is an almost complete loser which wanders aimlessly as the players drift in and out of character finally ending clumsily with nary a shred of credibility to be found anywhere. Not recommended for anyone.",negative
"This is a gently amusing coming-of-age comedy that comes from the later, more mature period of Neil Simon's writing. Although there are plenty of wisecracks to go around, this is not one of those Neil Simon pieces where every character spouts out one-liner jokes for 2 hours like they're guest stars on a Bob Hope special. There are also dramatic elements (some work, some are overkill) that lend some weight to the story.<br /><br />The performances are good across the board, especially Blythe Danner as the mother (although she and Judith Ivey were oddly WASP-ish choices to play Jewish women). I've never been a fan of Jonathan Silverman, but I will say that he hits the right notes as the obnoxious, gawky, and totally horned-up teen-age narrator/protagonist of the story.<br /><br />The movie is very similar in tone to Woody Allen's ""Radio Days,"" but the latter is far more imaginative and funny than this one.",positive
"When HULK hit theaters in 2003, it wasn't long before DVDs of the old Incredible Hulk TV show popped up in an attempt to cash in on the craze. We saw a similar occurrence a year prior when Spider-Man cartoons appeared on DVD to coincide with that hero's big screen debut. Companies leap at the opportunity to ride on the financial coattails of a hot brand.<br /><br />So the fact that this picture never surfaced on the shelves of Wal-Mart as its featured heroes clobbered the box office in the summer of 2005 says a lot. I guess everyone involved would just rather forget. To be fair, THE FANTASTIC FOUR is not as bad as everyone says. Let me rephrase that. It's not as unentertaining as all of its negative reviews might suggest.<br /><br />Veteran television actor Alex Hyde-White (no, you don't remember any of his roles) leads the way as Reed Richards, the brilliant scientist who, along with his crew, gains bizarre powers after an outer space mishap. He's left with the ability to stretch and contort his body to outrageous lengths. His future wife, Sue Storm (Rebecca Staab), can suddenly turn invisible, while her brother, Johnny (Jay Underwood), may now ignite himself at will. Then there's poor Ben Grimm (Michael Bailey Smith), the lovable lug whose body morphs into a mass of craggy, orange rock.<br /><br />Just as the friends are becoming accustomed to all of this, they are called upon to rescue the world from certain chaos. It seems Reed's old colleague Victor von Doom (Joseph Culp) is living up to his name, and that villainous Jeweler (Ian Trigger) isn't exactly helping old ladies cross the street, either. Can our heroes save the day? Of course they can; like any superhero movie, it's just a question of how and when.<br /><br />What's striking about THE FANTASTIC FOUR is how amateurish it is in virtually every aspect. The dialog is so lame and tired it sounds like it was written by a junior high drama class. The acting is so unpolished it makes a third-rate afternoon soap opera look like Shakespeare. The special effects are surprisingly good considering the minuscule budget, but there are still some positively embarrassing moments. When The Human Torch fully ignites his body, for instance, the entire movie briefly turns into a cartoon. I can just hear that production meeting. ""Oh, no one will notice. They'll be too intrigued by the action!"" I mean really, a cartoon? At least give me a mannequin on fire held up by a string! Prior to that, the scene in which the foursome come to on earth after their spaceship crashes is pure teens-in-the-backyard fare. The crew simply found a field and lit a vaguely-spaceship-like object on fire. That's the only remnant of such a major disaster?<br /><br />Of course there wasn't a whole lot to work with in the script. There is a fairly coherent story here, but it's all so simplified. When Reed and Ben decide to go into outer space, they simply drop by the Storms' house and ask if they'd care to join them. Is it really that easy? Don't these sort of things require, oh, I don't know, years of training and expertise? Not in the world of these writers, who seemed to be inspired by the underrated genius on display in FULL HOUSE reruns. But as bad as that may be, nothing can compare to how painfully clichéd Dr. Doom is. He was pulled right out of those awful superhero cartoons from the 1960s, right down to the evil laugh and slamming his clenched fist down on the table to punctuate his remarks. No comic book, least of all Fantastic Four, has ever featured a villain so obscenely one dimensional.<br /><br />Ultimately, THE FANTASTIC FOUR is saved from being a complete turkey because it's just so damn innocent. You can tell the people involved, as little talent or experience as they had, really tried. They didn't know the final result would be so embarrassing. They were under the impression that this was their big break, that people would flock to the theaters. It bears repeating that they had virtually no money to work with (and I'm sure half of that was eaten up by the cool Thing costume). All things considered, they did well, and for its many flaws, the finished product is a fair amount of fun for comic book fans.",negative
"This movie is about Tyrannus, a gladiator who is brought back from the dead to summon Tyrannus, a gladiator who must be brought back from the dead. Tyrannus, we learn after about an hour, is also called Demonicus. This adds much needed depth to the screenplay and calls into question our assumptions about identity, psychology and ourselves. <br /><br />The spirit of Tyrannus accomplishes his little to-do list (killing some people and saying repetitive phrases in Latin) by possessing the body of a college guy. He uses a magic mind-control helmet to do this, which the college boy willingly puts on his head, and then at several points in the movie, takes off and puts back on.<br /><br />Maria performs oral sex on a poor man's Sean Willian Scott, and Tyrannus wears the Rollerball glove. Tyrannus has his own green backlighting for no reason, and has apparently been sitting next to CG fire in an ancient concrete tunnel for centuries like this. Utter misfortune.<br /><br />This movie is empty and will hurt you. See it.",negative
"Definitely, definitely the worst film I've ever seen, no questions asked! Contradictors of this opinion might argue that this title should not be judged by the same criteria as others, since it's an independent, low-budget film, but c'mon already  the amateurism and meager innovation is horrifying.<br /><br />Agreeing with everything that has been said about this film, for example the mind numbingly weak acting (when it's this bad you take another go at shooting the scene, god damn it), the thing I found the most annoying was the total lack of common sense in the script, assuming such a thing existed during the production. There was an obvious absence of a dialogue with respect for the viewers, the girls switched personalities several times and they seemed to show absolutely no sing of any rationality or even brains - five relatively fit girls against one slight female psychopath  gang up on her, why don't you?<br /><br />The only thing that can be regarded as somewhat of a conquest for this title is the camera not leaving the van at any time thus the viewer seeing everything from inside it - which is, as the rest of the film, a good idea executed exponentially dreadfully.<br /><br />oh and by the way, this movie is NOTHING like The Blair Witch Project or Cloverfield or any other title filmed with a hand-held camera  this is an effect and not a trait! Used cleverly it can be breathtaking, but in this case it's an excuse for inadequate cinematography.",negative
"Having majored in Western History when I was a student in college seeing the views on World War II are quite discomforting and in a whole completely wrong. World War II was the most graphic and bloody affairs to ever occur in world history. While the Axis Powers conducted many crimes against humanity which is still the view today and the correct many people forget that not every German soldier was out to exterminate the Jewish population, not every Japanese soldier swung a samurai sword around and flew kamikaze missions, and not every Italian soldier was a Fascist. Most of these soldiers for the Axis powers were normal people like you and I caught in a terrible conflict and just happened to be fighting for a country they loved.<br /><br />The Battle of Stalingrad was arguably the most lethal battles in world history with over 1,500,000 casualties sustained over the course of the battle. The film Stalingrad follows a German platoon and its leader Lieutenant von Witzland as they are reassigned to the Eastern Front to battle the Soviets at Stalingrad. Von Witzland acts as sort of the main character with two other men, Rollo and Fritzi. They all are normal men and seem to be completely unaware to what is happening back in Germany and Poland.<br /><br />The film follows the course of the battle. The film is overall very bleak when it comes to its portrayal of combat and a soldiers life during the battle. We are shown numerous gruesome battles and intense violence outside of the battles (including a firing squad sequence). Overall the battles are the earliest examples that I know of that portray the loss of limbs and overall in your face death sequences and violence. Much of the inspiration for Saving Private Ryan's battle sequences seem to have come from this film.<br /><br />The film does not aim to make the German's completely innocent of everything in the film. Several of the higher ranking officers of the army are portrayed in the usual view most people are use to, evil. Most of the soldiers are just normal people who often speak of home. The film makes it clear quite quickly that not all Germans were responsible for what happened during the Holocaust, most of the country and army was entirely oblivious to the fact that genocide was taking place. The film makes it clear that the soldiers in the Germany Army was simply fighting for a cause they really didn't understand and most wished just to return home rather than freezing in negative degree temperatures in Russia.<br /><br />The film really shows how hellish war is, especially World War II. The battle scenes will shock you with its gritty realism and the story is quite easy to follow as you are simply following a platoon during the battle. As with most war films do not expect much happiness after seeing it. It will leave you in a bit of a depressed mood just from seeing the life most of the soldiers on the Eastern Front faced. Not recommended for children. <br /><br />4/5 stars",positive
"Project A II is a classic Jackie Chan movie with all the kung fu, crazy stunts and slapstick humor you expect. Not as good as the prequel but still it is a great movie if you just want something fun to watch. The story is simple, jackie chan versus the evil men. So if you want a movie that you don't have to be a braniac to understand, i would suggest this one.",positive
"First, what is really great about this movie: <br /><br />- Ryan Reynolds, great acting! There are very few actors I really like and for now he is one of them. He has an amazing skill to impersonate characters. <br /><br />- The soundtrack! Very good music played at the right time. <br /><br />- The idea of a nine lost in his own world, incapable of leaving. <br /><br />Still, I give it only a 3 out of 10 for certain flaws: <br /><br />- Horrible second part. It seems that the director was very eager to make something new, but despite of the efforts it was really boring <br /><br />- Very annoying character Melissa. I couldn't stand the scenes with her - i.e. it was constantly annoying. She represents everything that is wrong with American woman. <br /><br />- Terrible explanation of the numbers. The director was so busy with character development, that he completely missed the point of a good story.. excuse me koalas? brr... terrible!<br /><br />This movie had great potential. The filming is nicely done, the music is really good, but nothing more.<br /><br />See it only if you are a fan of Ryan Reynolds, or have a lot of time to spare.",negative
"I almost made a fool of myself when I was going to start this review by saying "" This movie reminded me of BILLY ELLIOT "" but then I looked up the resume of screenwriter Lee Hall only to find out that he was the guy who wrote BILLY ELLIOT so it's Mr Hall who's making a fool of himself not me <br /><br />Am I being a bit cruel on him ? No because Lee has something most other aspiring screenwriters from Britain don't have - He has his foot in the door , he has previously written a successful British movie that won awards and made money at the box office and what does he do next ? He gives the audience more of the same <br /><br />Young Jimmy Spud lives on some kitchen sink estate . He is bullied at school and no one loves him . The only thing keeping him going is that he has aspirations to be a ballet dancer . No actually he has aspirations to be an angel but considering his household he may as well be a ballet dancer . He has a macho waster of a father who thinks "" Ballet dancers are a bunch of poofs while his granddad says "" Ballet dancers are as tough as any man you could meet . I remember seeing the Bolshoi ballet ... "" Yup Ballet is a main talking point on a run down British council estate those days - NOT . Come to think of it neither is left wing politics which seems to be the sole preserve of middle class do gooders who live in nice big houses , so right away everything about this set up feels ridiculously false <br /><br />Another major criticism is that this is a film that has no clue who it's trying to appeal to . I have often criticised Channel 4 for broadcasting movies at totally inappropriate times ( THE LAND THAT TIME FORGOT at 6 am for example ) but they showed this at 2 am and for once they've got it spot on . Considering the story involves politics , ballet dancing ( Gawd I hate it ) lung cancer and poverty there's no way this can be deemed suitable for a family audience but since the main protagonist is an 11 year old child and features angels and ballet dancers ( Don't blame me if I seem obsessed with the subject - there was no need to refer to them ) there's not much here for an intelligent adult audience either . <br /><br />Of course if Lee Hall had been told at the script development stage by the producers that he should write a story featuring a schoolboy and an angel and had flatly refused saying that he wanted to write about other themes and stories then I will apologise but throughout the movie you do get the feeling that once the film was completed it was going to be marketed to the exact same audience who enjoyed BILLY ELLIOT",negative
I´m only joking. This was potentially the worst film I have ever had the misfortune to sit through. How anybody in the 1950´s could have raised a laugh at this innane rubbish is beyond my comprehension. I jest not.,negative
"Oh my lord, what were they thinking about with this one. It not only is frantically unfunny, but worse, a very good original was trashed in the bargain. Jane Fonda, believe it or not, actually turned in the performance of her life in that one. Even better than where she plays the whore in the other so called performance of her life. Maybe she is just flat good as a crook. Any other time, wow, what a waste of time. But she and Segal team up beautifully, so if you even remotely got a glimpse of anything funny in this baby, catch the anvil upon which it got beaten into a pulp from.<br /><br />Because very very very little of that one remains, to this ones horror. Nothing in this baby is remotely funny except for maybe a couple of moments when Dick and Jane are bulging lipped up as lepers and cant kiss..... and uhh........oh my lord, that's it? Well, looks like it. <br /><br />It truly is that bad a film.",negative
"Yep, lots of shouting, screaming, cheering, arguing, celebrating, fist clinching, high fiving & fighting. You have a general idea as to why, but can never be 100% certain. A naval knowledge would be an advantage for the finer points, but then you'd probably spot the many flaws. Not an awful film & Hackman & Washington are their usual brilliant, but the plot was one you could peg pretty early on. I'm still waiting to see a submarine film where people get on with each other & don't argue, but then you probably wouldn't have a film.<br /><br />4/10",negative
"Admittedly, Parsifal is not an opera that can appeal to everyone, although it is a favourite of mine, Knappertsbusch, 1951, in particular. Syberberg's entire approach is so static. Whenever the music suddenly begins to swell ... Syberberg keeps the cast moving at the same pace. The takes on Amfortas and Klingsor are endless. Whatever happened to film editing? The result is physically exhausting to watch. The viewer is never spiritually transported. Your impulse is to rush home and play a recording again to confirm that Wagner got it right, Syberberg got it wrong. And that set decoration with those ""clever"" reminders of Wagner's anti-Semitism -- will there ever be a viewer of this film with no prior knowledge of Wagner?",negative
"In Frank Sinatra's first three films, he was purely a speciality act: ostensibly playing himself, he merely shows up to croon a song during a nightclub sequence in somebody else's movie. In his fourth film, the very enjoyable 'Higher and Higher', Young Blue Eyes transitions into an acting career by playing an actual role ... a task made easier because he's playing himself in a fictional story that gives him a chance to croon a few numbers.<br /><br />Sinatra's entrance is quite funny. Michele Morgan hears a knock at the door, and asks who's there. From outside, a Hoboken-toned voice answers 'Frank Sinatra'. Sure enough...<br /><br />The opening credits of 'Higher and Higher' may confuse some viewers, as the names of songwriters Rodgers and Hart are prominently displayed. In fact, they only contributed one song to this musical: 'Disgustingly Rich', which this cast manage to toss off as a sort of intro to an entirely different song, 'I'm a Debutante'. Interestingly, that Rodgers & Hart song -- one of their weakest -- is perhaps the least enjoyable song in this movie's score; several others are lively up-tempo numbers, notably 'It's a Most Important Affair', 'When It Comes to Love, You're On Your Own' and 'I Saw You First'.<br /><br />Sinatra's good in this movie, but he would do better work (and sing better material) elsewhere. The real merits of 'Higher and Higher' are the delightful turns by some performers who rarely made films. Paul and Grace Hartman were an extremely popular husband-wife dance team who starred in several Broadway revues: genuinely graceful ballroom dancers, they put plenty of physical comedy into their dance material. (Here, Grace does a high kick that knocks a shoe out of Paul's hands.) Grace Hartman, who died of cancer at age 48, did almost no film work, so it's a real pleasure that this film gives us a rare chance to see her close-up, to hear her beautiful singing voice and to notice how sexy she looks in her maid's uniform. After Grace Hartman's death, her husband had a long career as a character actor, just occasionally dancing solo. (Or alongside Ken Berry in one memorable episode of 'Mayberry RFD'.)<br /><br />Also quite attractive in a maid's uniform here in 'Higher and Higher' is the vivacious teenage singer Marcy McGuire. Why didn't this talented girl make more movies? Perhaps she was just a bit too similar in personality to Betty Hutton. I enjoy Hutton's performances but I like Marcy McGuire even better. Near the end of 'Higher and Higher' there's an amusing bit of physical business featuring McGuire and Mary Wickes as waitresses, taking it in turns to move from table to table in a nightclub. The alternating strides of short McGuire and tall gawky Wickes are hilarious! Regrettably, although Leon Errol plays a large role in 'Higher and Higher', he is given almost no comedy business: not once does he do his famous rubber-legged dance. Jack Haley, despite his prominent billing, is also wasted.<br /><br />Very well-represented here is Dooley Wilson, inevitably remembered as Sam from 'Casablanca'. In that film, Wilson did his own singing but faked his keyboard performance of 'As Time Goes By'. (In real life, Wilson couldn't play piano.) Here in 'Higher and Higher', he sings pleasingly and gives some amusing reactions to the other players. Less enjoyable is Mel Odious, I mean Mel Torme. Victor Borge gives a rare film performance here, handling his dialogue deftly but never doing any of the keyboard comedy which he later did successfully in his stage shows.<br /><br />The plot? Forget it. 'Higher and Higher' is nobody's idea of a 'great' musical, but it's an enjoyable delight, and I'll rate it 8 out of 10. Director Tim Whelan, who worked in Britain as well as in Hollywood, deserves to be much better known.",positive
"I like end-of-days movies. I like B-movies. I was hoping I would like this movie.<br /><br />I could ignore the poor effects, the often atrocious music, the cringe-inducing lines. I could ignore the unexplained events, and the fact that the movie constantly relies on deus ex machina is excusable, given the subject matter. I could ignore the fact that the people who fight hunger and try to reach world peace are the bad guys. None of these things kill the movie. What kills this movie is that it's just plain and simple boring. Nothing actually happens; almost all scenes in the movie are designed to push the movie creators' morals on the viewers, at the cost of actually having a coherent story, or any kind of suspense.<br /><br />If you're looking for an entertaining B-movie, look elsewhere. This movie is just boring.",negative
"This movie was by far the worst movie I've ever had to endure. I couldn't believe that they tried to pass it off as a serious movie, it was so bad I couldn't even laugh at it's pathetic attempt to entertain me. If you want cheesy horror that you can laugh at, rent Dr. Giggles instead.",negative
"The movie Angels of the Universe is a pure masterpiece and it proves once again that you can make a brilliant movie on a low budget, e.g American Beauty and Blair Witch Project. The Director Fridrik Thór Fridriksson gives the novel Englar alheimsins a new life on the white screen. The movie is a breakthrough in Icelandic film making because it's the biggest and the greatest movie that has been done in Iceland.<br /><br />The music in the film, played by Sigurrós, is very symbolic for the film, it is absolutely brilliant. I recommend everybody who are able to think to go and see this film as soon as possible, you won't be disappointed. I would bet on this film to win the best foreign film award next year  all over the globe!",positive
"I first saw Love in Limbo playing late on free to air TV about five years ago, and since then it's a movie I'll always remember warmly as one of those films you see and are forever influenced by.<br /><br />For the uninitiated, Australian film has a long history of making off-beat comedies about lovable losers, and Love in Limbo is a sterling example of this. Whilst Russel Crowe is the only name actor in it (although these days he's all a movie needs), the rest of the Aussie cast is good- he still steals the show as a nervous, nerdy, virgin loser though.<br /><br />The general premise is a lot like American Pie. A group of friends wanting to get laid and become men. As you'd expect, the entire movie focusses on this (with a sub-plot about the lead's mother and various other incidents), and is full of humorous situations that push it towards the inevitably sweet ending.<br /><br />If you enjoyed American Pie, don't expect this to be the same- but expect the same conventions to make appearances. Love in Limbo isn't a gross out romantic comedy- but it definitely has its share of laughs, fist pumping moments when the good guy wins, and the situations every guy, Australian or otherwise, can relate to.<br /><br />See it if you liked: American Pie, Almost Famous. Strengths: Good Aussie cast, easy to relate to, good perve value. Weaknesses: Predictable at points. My Rating: 8 out of 10",positive
"When I started watching ""Fay Grim"", I had no idea that it was a sequel to ""Henry Fool"". Now, the latter was not a movie that I envisioned as having a sequel. But one has arrived, and it's quite good. I assume that you've seen the original, so I won't explain it. This one starts with Fay (Parker Posey) living with her son whom she had with deadbeat Henry (Thomas Jay Ryan). Simon (James Urbaniak) is still in jail. One day, the son gets expelled for bringing a pornographic toy to school. But this is no ordinary toy. It holds a secret that explains much of what happened in the first movie. And this secret delves deeper into geopolitics than ""Syriana"".<br /><br />I must say that I'm quite impressed with what Hal Hartley has accomplished here. Maybe this one doesn't quite reach the original's quality, but it certainly takes a good look at what's going on in the world. And the end leaves open the possibility for another sequel.<br /><br />Also starring Jeff Goldblum.",positive
"I am a big fan of Fred MacMurray and Carole Lombard. And, in addition to them, Charles Butterworth (a very enjoyable supporting actor) was in this film,...so why didn't I particularly enjoy it?! Well, despite a good cast, this is one of the poorest written and most clichéd ""A pictures"" I have ever seen. Given the talent and money spent to make this film, it is shocking how slip-shod the writing was. I knew the film would be tedious when time after time early in the film I found myself predicting EXACTLY what would happen next--and I was always right! And this isn't because I am some sort of ""movie savant"", but was because almost no imagination or effort went into it. In fact, it seemed almost as if the film was just a long string of clichés all strung together! Also, I found it a bit irritating that Fred mistreated Carole so bad throughout the film and yet, true to convention, she came running to him in the end. Uggh! There is MORE suspense in a Lassie film (""will he bring people to rescue Timmy or will the rope he is dangling from break?"").<br /><br />Despite the very, very tired and clichéd script, there were a few positives about the film. It was pretty cool seeing Fred look like a broken lush at the end of the film--it was pretty believable and he looked like he hadn't eaten, shaved or slept in days. Also, Charles Butterworth's ""prattle"" did provide a few mildly humorous moments. But all this just wasn't enough to make this film look any different than a ""B movie"". It's a shame,...it could have been so much better.",negative
"It may have not been up for academy awards and admittedly, it's pretty cheesy, but it's just so much fun! Nothing makes me smile like Bill and Ted. Lovable, optimistic, and hilarious, Bill and Ted are a great way to unwind.<br /><br />Although I love Excellent Adventure, Bogus Journey is funnier to me. Death is flippin hilarious and Bill and Ted are even more endearing. People give me grief about loving this movie, but only really pretentious movie-watchers will say it's not even a bit entertaining. If you like this, you'll probably also be a fan of Wayne's World, Dude Where's My Car, and Dumb and Dumber. Admit it, though foolish, they make you grin and turn your tickle box over. So watch them just for kicks and giggles!!",positive
"""Showtime"" falls somewhere north of what some critics have been saying, and a little south of what I expected months ago when I first heard about Eddie Murphy and Robert Di Niro teaming up for a comedy. Overall, it was pretty good! As ""real life"" crime or cops go-- and plot, for that matter-- it is pretty illogical, but DUH--- this is a comedy. Also, while the special effects, chases, aerial shots, and skyscrapers blowing up were present but lower key than a Schwartzenegger movie, I found it a bit tiresome and overdone. 9/11 sensibilities aside, for myself, all that pyro-techno hyper-effect stuff had been getting really old these past few years. It seemed a lame substitute for characterization, story, and engaging emotions. I hope the lesser quantity of it in ""Showtime"" is an indicator of a trend in Hollywood. A trend downwards, of less use of the silly, less use of the exploding building.<br /><br />Di Niro and Murphy are two of my favorites. Their screen presence and charisma-- and even their character depth-- have been ""a joy to behold"" for many years. That can't be dismissed here--- they are engaging actors, and entertaining and appealing in this movie. I can't put my finger on it, but perhaps the explosions, the excessive FX, and all of that diminished the final product??? Perhaps, or perhaps it was something else, or a combination of factors that gives one the sense that the movie didn't achieve its highest potential. Whatever it was, ""Showtime"" was entertaining-- I probably will buy the DVD when it comes out-- but I had the vibe that it nonetheless wasn't all it could have been. At least not all I had hoped for.<br /><br />Very good movie, but not a great movie. I gave it an 8 out of 10.",positive
"If you're going to put on a play within the prison walls why not go for the top playwright William Shakespeare? And if you are going to choose your cast from a whole lot of criminals serving long sentences for the most heinous crimes, you can be sure there will be plenty of time for rehearsals. In a Kentucky Correctional Prison a courageous project such as this was undertaken with amazing results. This film shows how it was all done.the casting.the rehearsals.the set and costumesand the final presentation of Shakespeare's play ""The Tempest."" It had not occurred to me before but there is an analogy between the setting of the play and the correctional prison. In the play the ship-wrecked characters are confined to an island with no contact with the outside world. Prison life too is much like that.<br /><br />With a simple painted back drop of a surrounding seascape, the characters in a most pleasing assortment of costumes bellow out their lines to an approving audience, may be not quite as Shakespeare intended but with good heart and true sincerity for sure.<br /><br />More interesting than the play itself were the little cameos of each man behind his character. One inmate saw the play as a lesson in forgiveness another as a redemption of his sins. It was quite moving to see the men wipe away a tear as they spoke of murder, shooting and strangulation. One had the feeling that they would all like to wind back the clock and reconsider their brutal actions. However (as someone said) the past was past, and the present was the beginning of a new future. At least the play gave temporary relief from the depressing thoughts of past events.<br /><br />The prison authorities should be applauded for allowing the play to take place. Such an event would put Kentucky on the map and hopefully other prisons might follow their good example. It seems to me that everyone stands to benefitnot only the Kentucky prison but the prisoners themselves who need to find new confidence and self esteem and be prepared for the day when they go out on parole.",positive
"My friend gives me these 3 huge boxes. ""They're laserdiscs of Flash Gordon serials,"" he says. ""I'm gonna have some giant coasters,"" I say. But not so. This serial rocks. (But I had to whine & moan to almost everyone I knew to find a laserdisc player for em).<br /><br />There is really a little of everything in this serial: There are lion-men, hawk-men, shark-men, Earthmen, & I guess you'd call em Mongo-men. The sets & costumes combine, Greek, Roman, Oriental, Egyptian and there's even armour like English knights. Awesome costumes. And some of it was a riot. Those horrible tights with shorts over em worn by Zarkov are beyond description. And the guys in the furnace scene seem to be wearing boxers.<br /><br />It's also funny the way they renamed the octopus to an octosack, the orangutan to orangapoid, and the tiger to a tigron. There's even a dragon (a Godzilla-like creature who threatens Flash on a couple of occasions before being killed off).<br /><br />You like the Invisible Man? This has got you covered. You like sword fights, wrestling (both animals & men), fist fights? Plenty for any taste. We have an underwater city, a sky city, a city on top of a mountain, and tonnes of secret passages and caves.<br /><br />Hokey effects? Massive amounts. The sky city is supported by radium furnaces stoked like old-time steamships. The rocketships are ""powered"" by fireworks and have constant backfires and/or humming noises. Lots of wires are visible holding things up (like food when Flash was invisible and of course rocketships). There's clouds out in space, but none around the earth when viewed from Mongo. ""Giant"" lizards show up briefly. Fighting sea creatures supposedly threaten Flash & co. on the way to the shark-men's underwater city. The ""gadgets"" in Dr. Zarkov's lab crack me up. And they seem to be the same ones no matter what lab he's in (he worked in Ming's lab and Vultan's).<br /><br />And yeah, we have romance. Everyone wants Dale; Ming, Vultan, Flash. But at least one person wanted Princess Aura (Prince Baron) just not the person she would have preferred. In fact, it seems a lot of the sub-plots concern intrigue on the part of Princess Aura to try to win Flash.<br /><br />Man I think the characters are awesome. That fat, horse-laughing, King Vultan was hilarious. How he managed those wings was pure artistry. And Ming! What can I say about Ming? He was perfect. They should have had him for the emperor in Starwars. Ming has got to be my favourite character in this serial. Princess Aura was quite a little character too. And she pulled it off nicely. I think she's a better actress than Dale Arden by a long shot. Even the sneaky high priest had a distinctive role. Zarkov was good, but not the strongest character---and he always stood in the background during fight scenes holding Dale. Now we get to Flash: Flash, of course, was the strong point, the leader, the hero---and he did it well. Crabbe is a good actor and this role fit him perfectly.<br /><br />After watching this, I think I know where George Lucas got the main idea for Starwars. Watch this, you'll see what I mean.<br /><br />If you ever considered watching an old serial (or any serial for that matter), this should be your first choice. The only reason I didn't give this one a 10 is because of a few story holes that could have been fixed easily, the way the giant lizards seemed just tacked in there, and a couple of weak characters (king of shark-men & king of lion-men).",positive
"Long, boring, blasphemous. Never have I been so glad to see ending credits roll.",negative
"I was excited at the concept of my favorite comic book hero being on television... and sorely disappointed at the end result.<br /><br />The only ""amazing"" thing was the wall crawling (despite the visibility of the cable). I didn't think Nick Hammond was Peter Parker... and he was visibly of a different build than the guy who did the stunts in the spider suit. You could tell they were two different actors.<br /><br />Granted, I can also spot in the modern Spider-Man movies when I am looking at Tobey Macguire and when I am looking at CGI. But that is from a trained eye and experience working with CGI. Still, the 70's version could have been better despite lack of Special FX.<br /><br />The webs were hokey and looked like ropes that seemed to wrap around things rather than stick to them. And what was up with giving him a spider mobile to ride around in. Hello? He's the web slinger people.<br /><br />Sorry... didn't mean to get so worked up, but our beloved wall crawler deserved better.",negative
"THE ATTIC starts off well. The somewhat dreary story is helped greatly by the two main actors and there's a semblance of a character study going on here but the film goes downhill fast when Carrie Snodgress' character buys a monkey. Not one of those cute little monkeys. She buys a real big chimpanzee!!!<br /><br />This sudden plot device basically kills the movie. It's just not conceivable for a woman like the one Snodgress plays, who has a hard time doing anything because of her domineering father, for her to, out of the blue, buy a chimpanzee. I mean, come on! Forget about it!",negative
"This is the kind of movie the US doesn't make. It's why people rent foreign films. It's a great story about how one person, even if he is retarded can make a person find reason in an empty life. Everybody can learn from Georges. It also shows how people that are mentally challenged suffer in their life and shows them in a very realistic way (I think). As its classic in foreign films this movie has a bittersweet ending, but that only makes it a better movie.",positive
"What a master piece. To take the cold war conflict and transport it to the future. This film is satire of the highest order. In my humble opinion it outranks Dr. Strangelove.<br /><br />The clever naming of the two superpowers, as the Confederation and the Market. Cons being commies and Market, The west! outstanding. The Clever use of gen Joxs, was ahead of its time. only are we really seeing the dangers of genetic engineering. Robot joxs tackled the issue head on in 1989.<br /><br />The message of this film is about the comradeship of the humble man and how it can overcome the wishes of government. This movies screams DON'T DO IT YOU FOOLS YOU'LL KILL US ALL.<br /><br />EXCELLENT 10/10",positive
"Just got around to seeing Monster Man yesterday. It had been a long wait and after lots of anticipation and build up, I'm glad to say that it came through and met my expectations on every level. True, you really can't expect too much from hearing the plot rundown, but after reading some of the reviews for it, I was ecstatic. I mean, what trash fan wouldn't want to see a gore flick about a deranged inbred hick mowing people down with his make-shift monster truck? I went in expecting a cross between Road Trip and The Hills Have Eyes and got so much more. This was a horror comedy that actually worked. The film makers got it right when it came to making you squirm and making you howl with laughter at the same time. Kudos to Michael Davis for going all out with the gore and pushing the envelope with the sickass humor. Let me list just a few reasons why I love this movie so much: First off is the story. It's been done to death in so many other flicks. A college guy gets wind that his childhood crush is getting married. He, being the 25 year old virgin that he is, hops in his Vista Cruiser and decides to take the road trip to confess his love, hoping that she will fall head over hills and all that good jive. Hidden in the backseat of his station wagon, is good buddy Harley. Harley is the loudmouth, former friend, who laughs and talks just like Jack Black in High Fidelity. You can't help but like the guy, but if he was your friend in real life, you'd have to keep a whiffle ball bat handy(laugh all you want, but have you ever been hit with one?) to keep him in check. So, he's a little on the obnoxious side, to say the least, but you can tell that he's a loyal friend, deep down...Anyway, they're on the road and when they stop in a bar, they aggravate the locals. Now they're being stalked by a leatherface clone in a monster truck. That's it. Yeah, along the way they pick up a gorgeous hitchhiker but I'm too lazy and hungover to go into that right now... so just watch the damn movie.<br /><br />Second thing I love was the humor. This one had some of the sickest laughs of any movie since Cabin Fever. Just how messed up is it? Well, I won't even go into the whole cat scene and as for the ""corpse burrito"" thing, I'll leave that to your virgin eyes as well. The bar full of amputees was somewhat disturbing and that guy who looked like John Turturro bothered me too. Harley, although a totally obnoxious frat-boy type, can really sling off the one liners. Love the clogs, by the way. I need a new pair..<br /><br />The GORE. This one pours it on heavy. While the first hour plays out as a demented road comedy, the last third is all about blood and guts. If the movie hadn't kept such a light tone throughout, it would have been a little disturbing, but seeing how it was all played for laughs, there is no way possible that you will be bothered by it. If you're still in your seat by the time it comes, you'll probably see the humor in it too, but seriously, there were buckets and buckets of the red stuff. There was a big plot turn that I DIDN'T see coming and when the credits rolled, I was completely satisfied. I had gotten exactly what I came for and I'm really glad that I bought it. Much like Cabin Fever, it's going to get a lot of replay.<br /><br />The Look of the movie was outstanding. There was this deliberately cheap look that made the whole thing scream late 80s and I loved the exaggerated colors. It's obvious that Monster Man was done on a relatively low budget, but much like Cabin Fever (sorry I keep comparing the two) it actually works in the movie's favor. Cabin Fever was an ode to the 70s greats, this was the 80s answer to that. So take that for what it's worth. No CGI here. This is what we all needed. I'm not exactly sure why it didn't get a theatrical release because this is everything that Jeepers Creepers SHOULD have been. Thank god for Lions Gate.",positive
"I rented this film on Netflix after it won all the Oscars, to see if it was really that good.<br /><br />The Hurt Locker is a very realistic portrayal (for the most part) of a group of soldier's rotation in Iraq. The film centers around Will James, a reckless soldier who gets his adrenaline fix from taking risks, and defusing bombs.<br /><br />Where this film seems to lack in my opinion is the Plot and Direction of the movie. This film has no clear plot unlike other films such as Black Hawk Down. What this film tries to do is focus more on the characters, and their different attitudes about the war. Bigelow does an okay job of focusing on the characters, but there are many points in the film where the dialogue seems to drag. Hurt Locker is 131 minutes long, yet it feels like a 3 hour movie.<br /><br />One scene in the movie that was particularly awful, and ruined the films perfect credibility, was the sniping scene halfway through the movie. It was both unrealistic, and very long.<br /><br />Overall, I thought this film was OKAY, but the reason I gave it a 6 instead of a 7, was because it was a major letdown for winning Best Picture at the Oscars. I felt like this film could have been so much better considering Saving Private Ryan lost Best Picture, but was much better than this film. Another notable mention is Black Hawk Down which only won 2 Oscars. I honestly do not know how this won best picture.<br /><br />If you are looking for an action packed war flick, rent Black Hawk Down. This film will be forgotten in a year or two.",negative
"The operative rule in the making of this film seems to have been ""never make a 1 minute scene when you can make it a 10 minute scene."" This was a principle set right from the start with an interminably long portrayal of the graduation of the Harvard class of 1870. The point of that scene, I suppose, was to introduce some of the primary figures in the story and give a bit of their background - which is somewhat effective when comparing the idealism of the Harvard graduation ceremony to the realism of life in Johnson County, Wyoming, but it just keeps going and going, and that sets the stage for a film that features repeated stretches of mind-numbing nothingness, made even worse by the fact that I found a significant amount of the dialogue to be almost incoherent. In the end, I couldn't even watch this in one sitting. I got through about half of it and had to set it aside for a couple of days before I could drag myself back to see how it turned out.<br /><br />My reaction to this movie in many ways is a shame, because there are positives here. The performances are generally of a high calibre, especially from Kris Kristofersson as Averill, Christopher Walken as Champion and Isabelle Huppert as Ella. The basic story - interspersed as it is around that ever-present mind-numbing nothingness - is potentially interesting, focusing on the efforts of immigrants to establish themselves in Johnson County and a local cattle company's efforts to stop them by killing a number of them in collaboration with the government and the military. There's also some absolutely breathtaking scenery shots. Having said that, the whole thing could frankly have been done in half the time - and should have been. In the end, all those potential positives are washed out by - again - the mind-numbing nothingness that the movie seems to revolve around. Seriously - 2/10.",negative
"Principally it is the story of two men who were part of the Portuguese revolution. It was easy to understand the contest, but usually directors starts from a historical fact to speak about something else, or they shows also the period before or after this fact, here everything happen during that couple of days when the revolution acts. It could also be seen as a kind of documentary. The movie focalize to these two people, showing as normal they were, not like common heroes, because the revolution come from people. Although it was made from military army from the title you can understand that they were just ""capitaes"" as the main characters. Nice colors and lights during the whole movie, excellent work for the director being her first movie, she doesn't fall to the banal way. Well shown emotions and passion of people and crowd. The character of Maia (main one)is well-made and there is also a good interpretation for Stefano Accorsi, able to show Maia's limits, this not-being an hero.",positive
"Just to save you money and time I will go ahead and tell you that this movie is absolutely not worth the match and gas it would take to burn it. Don't waste your time. As a matter-of-fact you would be better off forgetting you ever thought about watching it. I have seriously seen better B movies in a language that I can't understand. Who ever gave permission for this to be made needs to be sewed. The only positive thing I can say for this movie is that with a new script and the right director and actors it could be a great story. Let me break it down; A virgin gets pregnant by a demon, the baby while inside her womb wants to feed on people. They try to make up for the fact that this is possibly the worst movie ever made with cursing and pointless nudity. All in all Totally not worth the dollar it took me to rent it.",negative
"Even though this is the first film by the broken lizard group, it's the last one I saw. Having mildly enjoyed Super Troopers, and managed to sit through the crap that is club dred and beerfest, I was surprised to hear they did an earlier film. Now i didn't sit down with high hopes, but was hoping for a funny campus romp. My friend asked me to keep in mind they are younger (obviously) and its their first foray into film. I did and was still disappointed. Not taking away the acting and comedy skills of the BL guys, they were OK. The whole film was tiresome, clichéd and frankly boring. Some of the other actors in the film were really poor at acting. And the Rugby game didn't even resemble rugby. Poor showing. They improved drastically with Super Troopers and have declined since. Lets hope they get back on form with Super Troopers 2",negative
"The `plot' of this film contains a few holes you could drive a massive truck through, but I reckon that isn't always top priority in horror. Two elderly sisters in rural England keep their brother in the cellar since more than 30 years. Now, he escaped and started a killing spree, focusing on militaries that are homed nearby. `We only did we thought was best for him' they keep on repeating and  strangely  all the army officers love these women and don't doubt their sincerity, even though 5 of their men died. I don't know whether to find the revelation near the end suspenseful  or tedious! In a way, this film reminded me about `Arsenic and Old Lace'. In that black-comedy classic, two half-insane siblings mother their goofy younger brother as well, yet they do the killing there. The old ladies in `The Beast in the Cellar' are by no means less crazy, though. The `horror' in this early 70's film is very amateurish and cheap, but there are a few neat attempts to build up the tension. Too many `old-ladies' talk about the good ol' days, though and that rarely is something you seek in a horror film with such an appealing title. Flora Robson, who may be recognized by classic film buffs, plays one of the sisters. She gave image to the Queen of England is the legendary Errol Flynn swashbuckler film, the Sea Hawk.",negative
"This is almost like two films--one literate and engaging, the other stupid and clichéd. It's really a shame all the problems weren't worked out with the writing, but considering how quickly most B-movies were written and produced, this isn't too unusual. It's a real shame, though, as this could have been a very good film.<br /><br />First the good. The movie is original and involves WWII code-breakers. This is pretty fascinating and I liked watching the leading man (Lee Bowman) go through his paces as a master code-breaker. In fact, the first two-thirds of the film was very good. But now for the bad, the film just went on way too long and lost steam at about 50 minutes. Additionally, Jean Rogers' role as the ""kooky girlfriend"" must rank as one of the worst-written and distracting roles in film history!! For every smart move made by Bowman, the idiot Rogers then stepped in to screw things up as some sort of misguided ""comedy relief"". If her role had been intelligently written, the overall film would have improved immensely! Instead, watching her, it's hard to understand how we actually won WWII!!",negative
"Apartmente'L is one of the most interesting movies that I have ever seen. I experienced extreme frustration while watching this movie as I was gunning for the two leads to reunite. That never happened in the end which disappointed me to no end. But the ending lends an even more cynical touch to a generally cynical movie. It is not a movie which people are likely to rewatch but one watch itself will have a deep impact on people. As of now I haven't rewatched the movie and I don't think I will.<br /><br />The story follows the experiences of a man, Max, who is engaged to be married to Muriel. He remembers his old girlfriend Lisa(he considers this the love of his life) as he listens, by accident, to Lisa talking on the telephone. Thus he tries to find Lisa. Here starts his extremely frustrating search for Lisa. There are many layers to this movie. There are undercurrents of jealousy, vouyeurism and so on. There is also another character called Alice who is involved in the whole confusion. The movie then moves through a whole range of twists and finally leads to an ending which could be interpreted in many ways. It is fascinating how this movie has only four main characters but the clever writing makes it interesting and unique. What I love about the fact is that a movie about obsession, jealousy is done in such a light hearted manner. It has a very fast pace which is probably the reason why it can appeal to a large audience. The main character, Max, has shades of grey and I felt the ending was perfect. I don't think he is supposed to be a clean character considering the fact he is searching for his long lost love while he is engaged and he also has a fling with Alice.<br /><br />The character of Alice is even worse. Her manipulation and her compulsive lying can really irritate viewers(that is the point, I guess). The scene where she breaks down in front of Lucien really shows another facet of her character. It shows a side of her that wants to be accepted and that she is tired of all the lying and the games and she wants to lead a normal life. In the end, she understands that she needs to get away from it all. The ending lends a cynical touch. Because it seems as if Max's love for Alice is temporary and fake. It is as if to say that love in general is a temporary emotion and it is better to choose the safe option(i.e Muriel) than to pursue something that is so fleeting(i.e Lisa or Alice). In many ways this is not really a romantic movie but a satire about romance(in a way).<br /><br />The performances deserve high praise. Vincent Cassel as Max gives a great performance. He perfectly portrays the confusion of a man who is not really sure about his engagement. His geeky looks are an added advantage as it fits the character perfectly. But the real star of the movie is Romane Bohringer as Alice. Her nuanced portrayal of a woman who is jealous of Alice and is in love with Max. The scene where she screams ""I am a nutcase too"" really shows her desperation and her yearning to live a normal life with a man who loves her.<br /><br />Btw I also thought lesbianism is another interpretation that can be drawn from this movie. Alice's actions can be explained in many ways. And her unreasonable obsession with Lisa may also be explained as a manifestation of a lesbian desire. It may be far-fetched considering she encourages Lisa to forgive her current boyfriend. But I got the feeling that she was a lesbian for a long time. She also avoids questions from Lisa regarding a boyfriend. She spends a whole lot of time with Lisa and she is happy during that time. That may lead many to question her sexual orientation.<br /><br />Overall I would give it a 9/10. I think it deserves it but I subtracted one because of the rewatchability factor. I think it is a perfect movie otherwise.",positive
"Why bother to see this movie? It probably rates an award for being the worst career move of a major movie star since Clark Gable's laughable playing of an Irish patriot in Parnell.<br /><br />It's inconceivable that Bergman would choose both this movie and its director over a lucrative Hollywood career where she could choose among the finest scripts and directors being offered at that time. To begin with, there was no script to work with except a few notes. Then we are supposed to believe the polished Bergman as a poor refugee willing to do anything to be released from a refugee camp, including marriage to a poor Italian fisherman she doesn't even love. I read where Anna Magnani was the original choice for this part. If so, that made a lot more sense than to cast the luminous Bergman in such a proletarian part. But since she was in love with her director, common sense flew out the window.<br /><br />So she goes to live in this poor village where the men must toil to extract a meager living from the sea. A place she obviously hates to be and where she doesn't fit in.<br /><br />Her only friend is the village priest who knows she's not suited to the life of a poor fisherman's bride, but tells her that for the sake of love she must repress her true feelings of revulsion, and accept the poverty and despair she encounters each day. On top of all of this, there's this volcano always on the brink of erupting and drowning them all in hot lava. But like a true heroine, Bergman revolts against her misery by declaring war on just about everyone else in this dreary film. She even goes as far as trying to seduce the village priest, in a scene that would generate laughter if it were not so pathetic. Since her poor slob of a husband must lock her in a room to keep her from running away, she's forced to use her body to bribe a married man to take her off the island. To her, no sacrifice is too great; no man unapproachable if he is willing to help her to escape the island and her misery. I won't bother to tell you how this all ends. The no-script movie ending is as plausible as the rest of STROMBOLI. I even remember (from seeing it on late night TV) that it had two different endings! So be warned if you should feel brave enough to sit through this king-size turkey and catch the miscast Bergman. It led to her downfall in Hollywood for the next seven years and she was condemned for sleeping with her director while still married to Peter Lindstrom. None of the movies she made with this director(whom she later married) are noteworthy except as proof of a career gone berserk. I kid you not. It's pretty embarrassing.<br /><br />- - SoundTrack",negative
excellent drama. very dark. i have never seen california photographed in such a way. bridget fonda as the deaf wife beaten by her husband is superb. the film gripped me from start to finish. very understated performance by sutherland. the direction was very european. amazing to get such a performance from fonda.,positive
"I really enjoyed this movie and it was a little difficult do that when your brother is making stupid comments in it ever 30 seconds. But this movie I enjoyed, mostly because I'm used to the usual HK action films. Most of the films like this are don't watch it for the story line, watch it for the mindless action. And mindless action is right. You get to see Jet Li Jump, spin, kick, punch, shoot, make impossible jumps and dodge countless bullets. It's true that this movie was released to a broader audience after Li was in Lethal Weapon 4. That is one of the reasons the ratings on this movie dropped. Most people were probably expecting to see a movie that was as polished as a North American film. But you need to remember most HK film budgets aren't nearly as high as a North American film, and the style in a HK action film is usually very different usually requiring in wire work in a lot of them. If you want to see a good action film you should see this just try to ignore the dubbing.<br /><br />My rating was an 8.",positive
"0*'s Christian Slater, Tara Reid, Stephen Dorff, Frank C. Turner, Mathew Walker, Will Sanderson. Directed by Uwe Boll.<br /><br />Based on the video game director Uwe Boll attempts to recreate the game into an action-packed nail biter sadly he doesn't succeed. Instead he makes one of the worst movies ever MADE! Even though he gets minor celebrity such as Christian Slater, Tara Reid and Stephen Dorff his movie lacks the necessary fundamentals that a movie needs to be good such as a story line, and some basic relativity of what's going on in the dark and the light. The movie bounces all around and Uwe Boll has no creative control. And not to mention the bad CGI used on making the monsters. Even though they did look cool and the feedings were well, a little lame. Honestly this is one of the worst movies ever made. My final rating 0/10.",negative
"Here's a real weirdo for you. It starts out with another take-off on the PSYCHO shower scene, on campus, then gets crazier when several coeds and their doofy boyfriends head south for Spring Break. The trouble starts when they drive into the redneck county ruled by homicidal Sheriff Dean. One of the college cuties wanders into the woods, witnesses a murder by the sheriff and has her head blown open. Then it's lets-rip-off MACON COUNTY LINE-time as Dean stalks, traps and slaughters the witless witnesses one by one. Tony March is on-target as the evil, shotgun-happy Dean. The movie's overall tone is truly disturbing. The ending is so abrupt you almost think the director ran out of film; it's also a study in despair. SHALLOW GRAVE is a must for misanthropes, misogynists and nihilists the world over.",positive
"Okay, I am a fan of the Nightmare series and everyone says on here that this is the worst! But it's NOT!!! Haven't's you seen Freddy's Revenge??? WTF! That was the worst of all!!! Now this movie is pretty decent and it sticks to the Freddy story and it's cool that he had a daughter etc. etc.<br /><br />And then I found out it was in 3-D!!! I was so excited, I remember when I saw it on the DVD box set I instantly skipped to the 3-D sequences. Quite a lot was in 3-D though like Lisa Zanes hand, Dream Demons, Freddy's Claw (more than once), Lezlie Dean holding a knife, Lisa Zane with a Baseball Bat, Doc's hand, Freddy's head exploding.<br /><br />I truly loved this movie because it was in 3-D, but I wish the whole movie was in 3-D not just the last 15 minutes.<br /><br />By the Way it's 15 minutes NOT TEN!!!!!!!!!!!!!!!!",positive
"I normally am a glutton for poor movies, but this thing stunk.<br /><br />Do not watch this movie.<br /><br />Terrible effects and very little humour, what the hell was the point of making this movie? No gore to speak of and no acting to speak of.<br /><br />I could only manage 45 minutes of this rat dropping of a movie, and that is rare for me.<br /><br />Something positive to say about this drivel? cover art was OK, I am pretty sure the movie has a ending too, even tho I did not make it to it.<br /><br />The rats were unorganized and blew their lines constantly,they lacked intensity and seemed just to be going through the paces for their paycheque. The actors were worse.",negative
"I was really disappointed by this movie. Great actors in it, and potentially a great plot, but it just seemed to limp along.<br /><br />Charlize Theron was masterful in her role and beautiful, but it seemed like 90% of her on-screen work was in car chases done with Austin Minis. Product placement gone wrong, so very wrong.<br /><br />The direction seemed off, too. Edward Norton is the bad guy, and it was so obvious right from the start. Every time the camera would pass over him, it would linger too long and Norton would grimace or something. C'mon, Hollywood, give us a little credit! It's okay to surprise us with a plot twist without having to telegraph it.<br /><br />Sorry, but this movie was just below average. I have always been one to appreciate the work and talent that goes into a movie, but this one just didn't have it.",negative
"As I sat watching this episode I kept glancing at the clock waiting for something to happen. As the hour wound down I thought they were really going to give us a big pop at the end, and then - nothing. The whole family is huddled around the Christmas tree like something from the Hallmark Channel then, fade to black.<br /><br />Perhaps one of the poorest season finales I've ever seen. Nothing at all to drum up any excitement for next season. The only thing thrown out as any sort of incentive to watch the next season was the ambiguous nugget offered up by Agent Harris while pawing a sub sandwich that the guys in New York were looking to get one of the guys in New Jersey. Wow, really? I would never expect something like that from mobsters, I'm on the edge of my seat.<br /><br />It almost seems like they're trying to get everyone to lose interest. They start more plot lines that end up just disappearing than any show I've ever seen. They tease and hint but rarely deliver any more.<br /><br />What's with the Arabs that hang out at the Bing? They keep throwing them in front of us and magically, nothing happens.<br /><br />Paulie knee caps some kid after Tony promised his mother that nothing would happen to her son and, poof, gone in the wind.<br /><br />And how many more meandering drug montages with Christopher are we going to have to endure? Please, have him get arrested or overdose or something interesting.<br /><br />This was one of the few shows that I used to looked forward to watching but now, forgetta-bout it.",negative
"I see that C. Thomas Howell has appeared in many movies since his heyday in the 80s as an accomplished young actor.<br /><br />I bought this DVD because it was cheap and in part for the internet-related plot and to see how much older C. Thomas Howell is; I do not recall seeing him in any movies since the 1980s.<br /><br />In just a few words: what a very big disappointment. I give some low budget movies a chance, but this one started out lame. Within the first 15 minutes of the movie, this elusive woman is chatting with an Asian guy in a chatroom. They basically stimulate themselves to their own chat, she then insists on meeting the participant in person. She meets him, has sex, ties him up and then murders him in cold blood. The plot then deteriorates further.<br /><br />The plot is thin and flimsy and the acting is very stiff. Do not bother renting it much less purchasing it, even if it is in the $1 DVD bin. I plan to take my copy of the DVD to Goodwill. I am truly amazed that any of the prior reviewers here gave this movie a bad rating.",negative
I can't get over how lazy the director is with this movie. Instead of setting up scenes in a creative way he relies on boring old zombie clichés.<br /><br />Where the two unarmed leads have to get down the college steps into the van he surrounds them with zombies yet neither of the leads is bitten. He can't be bothered to direct a decent fight scene so we see the leads shove their way down the steps.<br /><br />Sometimes the zombies limp about and at others they run like the wind. This is really convenient for the director because he can set up anything he likes without bothering with continuity in the behaviour of the zombies.<br /><br />With careful planning and a lot more inspiration this movie could have been so much better.,negative
"I first saw this movie when I was very little. I was born in 1985, so it was around the age when 80s cartoons were big. My mother taped it one day thinking I might like it. I had never even heard of the Rainbow Bright TV show before I was introduced to the movie. When I saw it (on one of those old BETA tapes...) I loved it. I became addicted to it. There are people who say it's badly written and all that, but it's a kid's movie, and things like that don't matter much to children. I loved the story, and especially liked the songs and all the female characters. Of course I pretended to be them, and in the scene where Rainbow first met Krys and they were repulsed they had to work with the opposite sex, I could totally relate. The story was the basic good vs. evil that children enjoy, and there were enough happy moments to balance out the scary ones. The world is a fantastic place that would stimulate the imagination of any young child. I am very glad I had an opportunity to see this movie when I was little. It made a big impact, and watching it now brings back happy memories of childhood. I would recommend to any parent with young children to rent this movie. It will trigger their imagination and provide plenty of entertainment. You're only a child once, so don't let them miss out on this one!",positive
"While thinking of ""The Great Escape"" I allowed my mind to wander back to this little gem of a movie from my childhood. I had read and re-read the autobiographical novel from 1949 which inspired it, and when it came to the only cinema (we never used that word then , actually) in town that showed ""foreign"" films, I was first in line to buy my ticket.<br /><br />As someone brought up on wartime newsreels and propaganda films during WWII, I had an avid interest in exploring the realities of that conflict as reflected in the memoirs and stories of men who were there in person. That extended later to a keen willingness over the years to buy any book on the subject, and eventually to read the equally compelling novels of Hans Helmut Kirst and Erich Maria Remarque, which provided an even deeper sensibility. The movie versions, however, were unlike this one in that they rarely delivered the goods.<br /><br />The medium of black-and-white film has never been served so well as it was in those years. I have never seen any technicolor version of war that seems as authentic as do the deep chiaroscuros of films like ""The Wooden Horse."" If it is true that we are destined always to be captive to the images of our childhood, then I confess it freely.<br /><br />And there will never be another the likes of Leo Genn as the emblematic British war hero on film. Not even Sir Alec.",positive
"After seeing Forever Hollywood, it would be natural to want to see a John Waters film. At least, one get to say that they have joined the legions of cinema cognoscenti who have experienced the unique cinematic stylings of perhaps the best known non-mainstream director. It's worth the effort, and PF is a lot better than Eraserhead,and there is a certain campiness about his films which his followers find addicting.",negative
"I'm certainly glad that a film was made about Carl Brashear's amazing life story. Coming as it did during the Civil Rights era, Brashear became an inspiration for people of all minority groups not willing to settle for a status expected.<br /><br />Brashear as played by Cuba Gooding, Jr. leads by example in the conduct of the life he has chosen. Very similar to Jackie Robinson who integrated baseball and made it stick by his character and conduct. As Brashear, Gooding knows that he does not want the sharecropper life that his father Carl Lumbly has and Lumbly makes it real clear to get more out of life than he's gotten.<br /><br />But while Harry Truman integrated the Armed Services after World War II, the Navy still has its restrictions. A black man can only be a cook or an officer's valet, the real fighting parts are denied him. That's not good enough for Gooding who applies to become a Navy deep sea diver.<br /><br />Once at the diving school at Bayonne, New Jersey, Gooding gets it all thrown at him, mostly by the Master Chief Petty Officer in charge, Robert DeNiro. DeNiro may have some leftover prejudices, but he's nevertheless a hero and one who can inspire if one can get passed racial divide.<br /><br />The best thing about Men Of Honor is the chemistry between DeNiro and Gooding. They certainly come from different places, but as they get to know each other, both turn out to be Men Of Honor.<br /><br />Other good performances to note are Charlize Theron as DeNiro's wife and Hal Holbrook as the head of the diving school, a guy the Navy just wish would retire for reasons you'll see.<br /><br />Men Of Honor is an inspiring story about people with courage to spare and the ability to change.",positive
"I love these ""Diaper Baby"" movies! You couldn't make a movie like this today and it is rich in cinematic history. It is goofy and the film was made to make you laugh, which it does. How they ever got these kids to ""act"" I'll never know. I think they are precious and the kids make me laugh but so do the others who made this movie as it shows the naiveté that existed in the early 30's. You have to remember that this is when the film industry was very young, the stock market had crashed, the world wide depression was beginning and these films were made to give a person a break from the real world. The fact that you could see movies for five cents is beyond my comprehension, but then dinner for 25 cents is too. It was a different time with a totally different mind set.",positive
"First and foremost this movie has the stupidest plot of any movie I have ever seen, and unfortunately I had to see this one. I was flipping through channels one day and stumbled upon this lousy excuse for a movie, and it confirmed what I have been saying for a long time. Carrot Top is not an actor, and IS NOT funny in the slightest sense. He acts like he's a great comedian and thinks he commands the audiences attention. Frankly he has the acting ability of a 10 year old class clown, scratch that less than a 10 year old's ability to compare them to Carrot Top would be a grave insult upon their good name. This movie tries to be funny using dull one liners which all seem to have been lifted from 50's cartoons. By the end I would have done anything to erase my memory of this movie, but sadly the memories stay with me. The only thing I can do is to warn others to never to watch this movie. However it proves the rumors true Carrot Top can't act worth a damn.",negative
"Wealthy widower Anthony Steffen (as Alan Cunningham) is a sadomasochistic lover, and British Lord. He brings sexy red-haired women to his castle, where he whips and murders them. Black-booted stripper Erika Blanc (as Susie) gets away, temporarily. Mr. Steffen is haunted by wife ""Evelyn"", who died in childbirth. As therapy, he decides to marry again, after meeting pretty blonde Marina Malfatti (as Gladys). By the end of the movie, they will have had to dig a few more graves. ""The Night Evelyn Came Out of the Grave"" is great title, at least.<br /><br />** La notte che Evelyn uscì dalla tomba (1971) Emilio Miraglia ~ Anthony Steffen, Marina Malfatti, Erika Blanc",negative
"Terry Gilliam's and David Peoples' teamed up to create one of the most intelligent and creative science fiction movies of the '90's. People's proved a screenplay with bizarre twists and fantastic ideas about the nature of time  I especially love the idea one can't change the past; it's a nice counterpoint to so many time-travelling movies which say otherwise  biological holocausts and the thin line between sanity and madness. Gilliam visualized his ideas with unique quirkiness, perfection and originality.<br /><br />The story itself is engaging: one man, James Cole (played by Bruce Willis in a heart-warming performance) travels several decades to the past to retrieve information about a virus that's wiped out mankind and left only a few survivors alive living underground: with the information he'll collect, scientists hope to find a cure so everyone in the future can return to the surface. But because their time-travelling technology isn't perfect, he ends up being sent towards different other pasts and complicating things. And from that a brilliant science fiction thriller with shades of film noir ensues as the multiple pieces of a huge jigsaw start fitting together to form a bizarre narrative involving animal right activists, end of the millennium paranoia, biological weapons, the perception of reality, and the definition of sanity. With such a complex movie, it was easy for Gilliam and Peoples to create a mess, but instead Twelve Monkeys is a thought-provoking narrative which will please those who like to be challenged and have patience to appreciate some crazy ideas.<br /><br />I watched this movie once around 10 years ago. It marked me a lot: I remember still thinking about many days after-wards; for my young mind this seemed quite mind-blowing and it was one of the first movies to make me appreciate cinema as something serious and important. I've re-watched this movie a few days ago on DVD and it's better than I remembered it. Brad Pitt still steals all the scenes he's in, playing Jeffrey Goines  almost a prelude to his Tyler Durden character in Fight Club  a rich kid with some anarchist/non-conformist ideas who's also crazy and, according to Cole, perhaps responsible for the virus. The scenes between Jeffrey and Cole in the madhouse are the best in the movie, Pitt's eyes, voice and quirky mannerisms convince you he's really a crazy guy locked in a warped logic only he understands. Pitt's Oscar nomination was well deserved! Surprising was also Bruce Willis' performance: his I didn't remember very well, but it's beautiful and full of sensibility; he plays a man who spent almost all his life underground, and when he comes to the past you'll share his childish fascination with something as simple as breathing the fresh air of the morning or watching the sun go up. Cole is a rather ambiguous character, Peoples' tried to imbue some darkness in him, and he does other disturbing things to other people and to himself: the scene where he removes his own teeth reveals how far his dementia has gone unchecked. Ironically Cole didn't start as a crazy character, but when he starts warning everyone about the end of the world, he's considered mad and convinced it's all in his mind, until he arrives at a point when he can't distinguish past from future, reality from fiction. Willis spends a lot of time looking confused and insecure, and it works perfectly. One of the fun twists in the narrative is when Cole's shrink, Dr. Kathryn Railly, finds undeniable proof he's really from the future and now has to convince him again of his mission to save the world. The screenplay is full with weird twists like this and it keeps the movie in a fast pace. Their relationship is also well-handed, although perhaps a bit compressed for time's sake. But I enjoyed watching Cole and Railly falling in love and trying to escape the authority of the future to live a peaceful life in the past. But then things end in a tragic/bittersweet climax at an airport, wrapping all the pieces together, which will blow many minds away.<br /><br />There are two great endings in this movie, a twist in the sense of Se7en or Fight Club, and a more intimate ending where Railly is crouching next to Cole who's just been shot and looking around for a younger James Cole who's witnessing his future self die; the two share a brief look, and she smiles at him. The twist is brilliant, but I prefer this ending for emotional impact. Madeleine Stowe is very good playing Dr. Railly, she drew many different emotions from me in her performance. The movie is filled with a sense of fatalism with the idea the past can't be changed: this movie shows that in a terrifying way. It reminds me of Chinatown in that sense, the way Jake Gittes messes everything up the more he tries to help. Railly's character shares that fatalism, the more she tries to help Cole  first dealing with his 'madness' then helping him in his mission  the more they're sucked into tragedy.<br /><br />The twist ends with a hopeful note, though, with the feeling Cole's mission hasn't been in vain. Twelve Monkeys is a great movie to watch if one wants to be entertained; it's not supposed to be art, although it's more artists than many artistic movies. It's an unpretentious movie where all elements, from music to editing to costume design, etc., came together beautifully to produce a modern cinema masterpiece.",positive
"Of course the plot, script, and, especially casting are strong in the film. So many fine things to see. One aspect I liked especially is the idea of the antagonist--Luzhini's (Turturro's)--ex-mentor working his evil on the sidelines. His chess opponent--an Italian dandy in three piece and cane--turns out to be a real gent, and a truly fine chess player. To his credit the ""opponent"" nobly goes along with the plan at the end to complete the final game for the championship posthumously (Luzhin has taken a flyer out a window--sad, but so releasing to him)by way of the unstable genius' widow (Emily Watson.) In death, then, because of the gallantry of an honorable chess master, Luzhin's defence (which he worked out in a late moment of lucidity) is allowed to be played. The Italian gent commends the play and calls it brilliant. Talk about a dramatic ""end game!""",positive
"It is difficult to imagine how the engaging Dan Brown novel ""Angels and Demons"" could misfire as badly as this film version. Here are ten reasons why the film was a failure. Due to the spoilers, please do no read on unless you have already seen the film.<br /><br />(1) In the film, there was no love relationship between Robert Langdon and Vittoria Vetra. Worse still, there was not even any chemistry between the two leading actors. <br /><br />(2) The breathtaking locations in Rome, as described in the novel, were not realized visually in the film. I am aware that director Ron Howard encountered difficulties in filming on location. But there are superior photographed depictions of Rome on The History Channel than in this film where the Eternal City was presented in eternal stock film footage. The great art works described in the novel were only briefly depicted in the film. The magnificent Bernini sculpture of the ""Ecstasy of St. Teresa"" was only momentarily glimpsed, and the West Ponente relief in Vatican Square was not visible at all.<br /><br />(3) The most tasteless choice made by the film-maker was in the depiction of the deceased pope who actually resembled the beloved John Paul II. In the novel, the pope is clearly fictional with no resemblance to any real pope.<br /><br />(4) One of the most colorful (and important) characters of the novel, Maximilian Kohler, Director of CERN, was cut out of the screenplay.<br /><br />(5) There were numerous instances when the lines of dialog were inaudible due to extraneous background noise.<br /><br />(6) There were moments when the faces of characters were not visible due to the shadows and chiaroscuro film lighting. This technique worked in ""The Godfather"" films, but Ron Howard is no Gordon Willis.<br /><br />(7) The College of Cardinals was quite a motley crew with one of the electors speaking in a Southern drawl. This dude would have been more at home on a Texas ranch than in the Sistine Chapel.<br /><br />(8) The crucial relationship of the Camerlengo and the deceased Pope was not defined in the film. This relationship was central to the theme of science vs. religion and the relevance of the Illuminati to the plot against the church.<br /><br />(9) In the novel, the character of Hassassin was an unforgettable villain. In the film, that assassin character's role was a cardboard cutout villain. <br /><br />(10) As a whole, the filmmakers did not trust the workings of the successful novel.<br /><br />In the novel, Langdon makes an impossible fall out of the sky and into the Tiber River. In Ron Howard's film, it was the movie itself that landed in the Tiber.",negative
"I am a massive fan of the book and Orwell is certainly my favourite writer ever since studying Animal Farm at GCSE. I bought the DVD out of sheer curiosity, Burton is an actor I hold in high regard so when I heard that he played the role of O'Brien I was swung.<br /><br />I watched the trailer on the DVD first and some fears started to set in, mostly regarding the frankly terrible ""Theme song"", hearing the Eurythmics mechanically shouting ""1984!"" over and over again to an electronic beat is as bad as it sounds.<br /><br />The acting on a whole is pretty good, Burton and Hurt play their roles well and the tension that exists in the Ministry of Truth towards the end can be felt, especially in the harrowing Room 101 scene. However this is also where the movie is let down. The movie spends too much time focusing on the Love affair between Winston and Julia, which frankly isn't what Orwell was writing about. He was writing about a harrowing future, about how Ingsoc build up a mans beliefs and then shatter them all in the name of him being made to love Big Brother. The movie skips over what is essentially the most important part of the book, Winstons coming to terms with his position in life and the world, and his re-education via O'Brien.<br /><br />The comment on IMDb at the moment states that the movie sticks to the book is completely incorrect. Julia is not present when Winston visits O'Brien, they do not commit themselves to Goldstien's Brotherhood and confess their crimes. There is no obvious mention of the initial instances where Winston finds the article with the Unpersons but it does get mentioned near the end, if you have not read the book it is completely confusing.<br /><br />A terrible screenplay, which some excellent acting cannot rescue. Michael Radford seems to have completely missed the point Orwell was trying to make, and the electronica sound track is frankly terrible.",negative
"I am a fan of the paranormal and I love Ghost Hunters so when this show first came out I decided to give it a try. I could barely sit through one episode. The show is so obviously staged. I mean come on, every single episode involves someone being possessed or involves a demonic force trying to kill the family. Another huge flaw is that these guys never debunk anything. When I watch Ghost Hunters they find evidence and try to disprove it and if they can't then it is evidence. On this show they find a voice or a piece of video evidence and they are very quick to call it a ghost. This completely ruins their credibility unlike TAPS and Ghost Hunters who actually know what they're doing. Honestly if you're interested in the paranormal and want to watch a show about it watch Ghost Hunters.",negative
"I was not very excited to see this movie in the first place but a group of us decided to go see it on opening night. I felt like getting up and walking out and attempting to get my money back 20 minutes into this film. I felt that the movie was very boring, uninteresting, and not true in many aspects including ""gaming"". I tried my best not to fall asleep during the movie as i watched one of the worst horror films i have ever seen. The scary movie series was scarier than this movie. The sad attempt to pull in a Gothic girl, an overworked business man, and 15 year old geek, and some random guy into a video game that kills you is a bad plot to begin with. Then they try to throw in a very horrible love scene where the main character kisses another girl after saving her 10 minutes after his girlfriend was murdered. The theater was packed when the movie started by then end a little over half of the people had left before it was over. If you feel the need to waste only 1 hour and 16 minutes of your time seeing this movie ... prepare to feel cheated.",negative
"I'm not one of those folks who bemoans everytime a film based on an old TV show comes out. Rather, I usually run out and see it (If I had watched the show) and try to get nostalgic. But if anyone feels like running down films based on old shows, this is exhibit A (So you can actually say something more than just ""McHale's Navy""). ""Mod Squad"" is dreary, tiring, and lethargic. At least the original series was angst riddled long before anyone knew teens could be so glum, making it groundbreaking. This is just tedious. Claire Danes is nice to look at, but does nothing else but mood swing and sneak around spying on the baddies. Giovanni Ribisi's acting extent in this flick is that Droopy the Dog look for an hour and forty five minutes. And Omar Epps looks like he wants to flee the set, but the script's chlostraphobia has trapped him. Sure, the production is nice, with the now seemingly obligitory ""rave"" nightclub opening action sequence and shootouts galore. Oh, and the kids yell and get mad at each other and their superiors a lot too. It's kind of like deciding to use the Scooby Doo Mystery Machine to go on a family vacation to Hollywood with your teenage kids who you and your spouse know need heavy therapy and prescription drugs. I really wanted to like this movie, and there were promising moments, but the next scene would suck the life out of it. You can knock another Spelling remake, ""Charlie's Angels"", all you want, but at least that film knew it wanted to have fun with itself. ""The Mod Squad"" makes you wonder where the inspiration from the original series went.",negative
"One thing about Hollywood, someone has a success and it's always rushed to be copied. And another thing is that players give some of their best performances away from their home studio.<br /><br />Rock Hudson got such accolades for his performance in the Texas based film Giant that Universal executives must have thought, let's quick get him into another modern Texas setting.<br /><br />Similarly Robert Stack got great reviews for The High and the Mighty as the pilot who was cracking under the strain of flying a damaged aircraft that it was natural to give him another crack up role.<br /><br />Both of these ends were achieved in Written on the Wind. Before Hudson was the big ranch owner, now he's the son of a hunting companion of Robert Stack's father who took Hudson under his wing. In other words the James Dean part without the James Dean racism from Giant. <br /><br />Lauren Bacall is the executive secretary of an advertising agency that Stack's Hadley Oil Company uses. Hudson likes her, but she's dazzled by Stack's millions and when he woos a girl he's got the means to really pursue a campaign. She marries Stack.<br /><br />And last but not least in the mix we have Dorothy Malone who's Stack's amoral sister who has a yen for Rock, but Rock ain't about to get tangled up with this wild child. <br /><br />Dorothy Malone spent over 10 years in a whole bunch of colorless film heroine roles before landing this gem. She got a Best Supporting Actress Award for her part as Marilee Hadley and it was well deserved.<br /><br />If you like splashy technicolor Fifties soap opera than this is the film for you.",positive
"Mild SPOILERS contained herein. I'm spoiling this film to save you the trouble of having to watch it. <br /><br />Jet Li's movies fall into one of two categories: Shaolin period movies and movies set in modern-day Hong Kong revolving around Triads or Triad like organizations. Each genre has its best and worst films. `Twin Warriors' is Jet Li's best Shaolin era flick while `The Evil Cult' is his worst. `Fist of Legend' while in the recent past is the best `modern era' Jet Li movie. `Black Mask' without a doubt is the worst.<br /><br />Jet Li plays a self-exiled mercenary who received an injection that gives him superhuman ability, but shortens his life span. In his `new life' in exile he plays a pacifist librarian. When his old mercenary squad goes on a rampage, Jet Li becomes a vigilante determined to stop them. He dons a very silly corrugated cardboard mask so as to conceal his identity from the police (and public) as a librarian, as well as to conceal his true identity to his ex-comrades in arms.<br /><br />The version I saw was dubbed, and horribly at that. Why does Jet Li capture and hold hostage his library co-worker if he's a pacifist? Is there a love story between them? Why does the police chief not care when he learns of the Black Mask's true identity? The plot is just plain BAD. Bad by way of the superhero cheesiness, bad in the sense that characters are never properly developed, bad in its character interactions, all topped off by a half-explained story I quickly lost interest in. <br /><br />The action and martial arts sequences are way over the top. Lots of blood, gore (severed body parts aplenty), explosions, and Matrix style superhuman martial arts fiascos are present in the film. Unfortunately this is the films best and only selling point. If you want to see Jet Li playing a vigilante superhero in a Mission Impossible style movie `Black Mask' delivers. For the rest of us Jet Li fans it is a true disappointment. This is one of those movies where Jet Li never gets to be Jet Li: he gets neither the chance to charm us with his charisma, nor a chance to impress us with his impressive yet realistic martial arts ability. <br /><br />Normally a Chinese knockoff of Ozzy Osbourne would be enough to engross me in a film, sadly `Black Mask' proved to be an exception to that rule. Indeed the antagonist of this movie, by the way he dresses, his long straight hair, and trademark round sunglasses looks like the modern and aged Ozzy Osbourne. However the villain isn't on-screen long enough to make the gimmick worthwhile. I am assuming the likeness to Ozzy was intentional; in addition to the villain's look, he also ran a satanic looking hideout. So much more could have been made from the Ozzy Osbourne villain gimmick! If only the writer, director, or ANYONE had bothered to give a background to and develop the character of the film's arch villain!<br /><br />`Black Mask' was the first Jet Li film released on video in the USA after Lethal Weapon 4, and I'm glad I stayed away from it until now. It may well have ruined my whole perception of Jet Li as a martial artist and actor. If you want to see Jet Li at his worst, rent `Black Mask' and `The Evil Cult' and make it a double feature or horror, both intentional and unintentional. Otherwise stick to moves that utilize the talents of Jet Li, and have plots that are semi-well thought out and plausible. 3/9 stars.",negative
"Oh boy! Oh boy! On the cover of worn out VHS has a picture of Sandra Bullock and her name written on top. I think only reason they had chance to sell the movie in nineties, was because of Sandra Bullock's name. Bullock's fans don't have to disappoint. Sandra is only thing to watch in this movie and her performance is the only you can call acting. Rest of the movie It's fun to watch in first fifteen minutes because it's bad but after that it's going worse. Much worse. Directing is awful. Acting is awful. Script is awful. Dialog is awful. Action is awful. Music is quite good actually. Typical score for eighties action movies. This movie is so bad that it goes close to anything Andy Sidaris has ever produced. It's so bad that there isn't proper word to describe this poor attempt to be a movie. But still, there was Sandra Bullock. And super cool (sarcasm) Jake LaMotta who tried to be Marlon Brando. <br /><br />I think they can now bring the film out on DVD. It could be cool! And they should write on the cover: ACADEMY AWARD WINNER SANDRA BULLOCk IN HANGMEN<br /><br />1 out of 10",negative
"Miscast, badly directed and atrociously written, this is watchable if you have an hour or two to kill or are suffering from insomnia, but only just. Robert Carlyle fully realises his potential as an actor of supreme mediocrity with only one expression to his repertoire (that of a chronically constipated football hooligan nursing a crippling inferiority complex), which he manages at times to alter slightly by flaring his nostrils and baring a row of skewed yellow teeth (this to indicate anger, tenderness, grief, surprise, horror, hilarity, compassion, etc.) In his role as ""the best marine engineer in the UK"" and son of a university professor he is about as convincing as my neighbour's cat. Tom Courtenay, equally miscast, slurring and mistiming every line, appears permanently soused to the eyeballs, and would seem no more able to tell a flood from a puddle of his own urine if he were standing in it. All in all, another silly attempt on the part of the British to imitate Hollywood pulp at its most rubbishy. The dialogue is a series of badly-delivered clichés; the action is disjointed; the plot is pointless and amputated; and the characters, if you can call them that, do not even make it into the basic two-dimensional sphere of their American counterparts.",negative
"It's strange what fate does to some people. While looking in the discount bin at a DVD retailer, I came across a copy of Deadly Instincts. Being a collector of any film that is either sci-fi, horror or featuring alien monsters, I decided to buy it (not to mention the fact that it cost five dollars  a bargain, believe me). After viewing it, I came to the opinion that it was nothing special. But after doing some research on the Internet, I discovered that the film was actually called Breeders & was a remake of the Tim Kincaid horror flick that menaced video stores in the mid-1980s. Which I've already seen. My appreciation of ""Deadly Instincts"" grew following that discovery.<br /><br />A meteorite crashes on the lawn next to a private girls' college. The sole teacher there, Ashley (played by Todd Jensen  that's right, the guy who gets turned into a cyborg in the cult flick CYBORG COP four years earlier), notices that some of the students are beginning to disappear, while encountering a black-haired woman with a scarred face & wearing a kinky leather outfit. His investigation reveals that an alien creature had hitched a ride on the meteorite & had come to Earth to breed using the local womenfolk. Along with a local detective who believes him to be responsible for the disappearances, Ashley tries to stop the monster.<br /><br />The original BREEDERS, directed by Tim Kincaid (who would leave the genre to make gay porn), was a sci-fi / horror film which was actually a thinly-veiled soft-core porn film designed to take skin flicks to genre fans. It is, in my belief, one of the worst films made in the 1980s. Why anyone would want to remake it is quite a mystery.<br /><br />This remake is actually a better effort than its low-budget source. The film, which takes the basic concept of an alien monster trying to interbreed with human women, eliminates any pornographic elements. In fact, the film is actually very tame. There are no sex scenes, no nudity (even during the shower scene), swearing & violence are kept to a minimal level & there is no gore (which may cheat gorehounds). This makes the remake a film safe for the whole family, that is if the kids aren't scared by alien monsters (which brings me to the film's M 15+ rating, which seems a bit much).<br /><br />Tameness of subject matter aside, the film does have some faults. The script, while featuring some good characterizations, has a number of holes so big you can crash a meteor through.<br /><br />What? You're mad at me for that? Come on, this review needed a bad pun so it will remain interesting.<br /><br />Anyway, the film's setting is one problem the script failed to fix  the film is set in Boston but the buildings don't look like they belong in Boston. Something about the architecture ain't right. Another thing is the college itself, with a rather large building housing about twenty students (all female, of course) & only having one class  art. The only teacher there has a relationship with a student (& so does the janitor!), which somehow escapes the attention of the principal. Not to mention the cops, who are so one-dimensional (& stupid) that the real Boston PD would have a good case if they ever decided to sue. Oh, & the meteor well the chance that a meteor which is sent from Saturn (check the opening credits) reaches Earth with no onboard propulsion is astronomical. That doesn't include the chances that any passengers in the meteor will survive the landing.<br /><br />As far as the acting goes, Todd Jensen gives a dependable performance as the heroic teacher while the late Kadamba Simmons (who was murdered by her boyfriend shortly before the film came out) cuts a striking figure in that leather outfit, as well as proving she can act. The visual effects are run-of-the-mill, with credits due to the filmmakers for bringing us a cool-looking monster.",negative
"In the same way Lamberto Bava was a substandard facsimilie of his father, Mario (who was an extremely overrated director anyway), Michele Soavi is a substandard director in the Dario Argento mold. ""The Church"" has at least one thing to recommend it--the incredibly detailed art direction--but absolutely nothing else. The film is long-winded, filled with one-dimensional characters, and almost put me to sleep several times. There's a fine line between 'art' and 'pretentious crap,' and while ""The Church"" isn't completely worthless, you'd be better off watching something else.<br /><br />3/10",negative
"It's too bad these guys, the so-called judges, are such jerks, even the nominally ""sensitive"" ones. It's the self-congratulatory tone that really makes me sick though; these guys don't have any perspective on their behaviour. I think the real problem, though, is the quality of the contestants. Not a single smooth or truly charming one in the lot. They pick the most pathetic girls out of the crowd because they're the only ones these guys have a chance with. Let's see some real players trying for a truly unattainable girl, and maybe you have a show. Otherwise, you have a revolting half-hour of self-love. And real sexual tension takes two.",negative
"I too saw this movie when it first came out. I was a teenager at the time, and I saw it with my girl friend who later became my wife. I remember the movie made me feel it was possible to beat the odds. The cinematography was very well done if memory serves me correctly. The boy was a little much, but the girl character was very interesting. I thought it was very romantic and that might have been the intro to the first time with my then girlfriend. I have not seen the movie since and I wander why it has gone to the wayside. I would love to watch it again to see if it was as good as I remember. The Elton John sound track was excellent.",positive
"This film is a brilliant retelling of Shakespeare's classic love story, complete with ""kinky sex, body piercing, and dismemberment"". It does follow the same spirit as all the other Troma movies [except Combat Shock...That sucker was depressing] but it's not only for Troma fans. Anybody who appreciates lowbrow visuals and a hilarious script will without a doubt fall in love with this movie.<br /><br />Don't expect pretentious, artistic-wannabe crap like the version of R&J with Claire Danes and Leo DiCaprio; this one knows its a silly movie and draws its humor from that. The acting is also surprisingly good, and you can just feel Sammy Capulet's pain as he tries to put his brain back into his head.<br /><br />The soundtrack, which contains many original and high-energy bands like The Wesley Willis Fiasco, Supernova, and The Meatmen is also four-star. This movie should be viewed by all, because it remains faithful to the original story while still being jam-packed with Troma's trademark gore/sex humor.",positive
"I think this is what this movie wants us to say at the end of the movie! or Damn Australian? I still don't know, but what I know is that I really liked this movie but that couldn't be my favorite movie!<br /><br />Great story with great actors but with a terrible end... To make you cry and say 'Oh, she's so good'... Still, who made it? What really happened? Who's that guy? No answer to these questions...<br /><br />Mysterious movie with a good mark overall... I give it a 8/10, going on the 8.5!",positive
"I am not a usual commenter on this website but seeing how underrated this movie is, I endeavour myself to write some comments and remarks about it. I had fun watching this movie, perhaps because Cat is everything I wish I could be, I am not going to post spoilers or reveal plots but there's are things that i really found amazing, the way she manipulates people it's just so divine. this is a very underrated movie, I lack of arguments here, I usually go enjoy and then speak little about it, when you go to the movies is to have fun, and i really enjoyed the 1h53 i stayed in the dark room. a must seen over and over again until the delight fades away. let's try not be so critical about it. thank you for reading.",positive
"I didn't really expect much from ""The Night Listener"" and I actually never heard of it until I saw the cover in the videostore. However, the movie is very effective when it comes to building up suspension and tension. On occasion it drags a little, but it actually helps to keep you wondering what's going to happen and more importantly: when. As the movie progresses, the character played by Robin Williams gets dragged into some kind of ""cat and mouse"" spiel to the point where he becomes obsessed with finding out the truth and existence about a 14 year old abused kid that no-one seemed to have ever seen in person. The Night Listener is an interesting story, which is great in building up the suspense throughout the movie and you're pretty much kept in the dark of who is lying and what's real. However, in the end it kind of disappoints and doesn't live up to the potential it could have had. It doesn't really give you a detailed or plausible explanation about the other main character, which would have been helpful and interesting.",negative
"Diagnosis Murder has been shown on most Weekday afternoons on BBC1 since I used to watch it while ill from School a good 10 years ago - I know I shouldn't really enjoy it, in the same way I shouldn't enjoy 'Murder she Wrote' but I'm totally addicted to both and even have the DVD box-sets....OK I know that's sad!<br /><br />Dick Van Dyke carries the show as he stars as Dr.Mark Sloan a Doctor at Community General Hospital in L.A who is also a Police consultant for the L.A.P.D. - his son Steve (Barry van Dyke - Dick's real life son) is a Police Officer, who needs his father's help on very many Suspicious deaths. <br /><br />Along for the ride is Dr.Amanda Bentley (Victoria Bentley) the resident Pathologist at Community General and for the first couple of seasons you had Scott Baio playing Dr.Jack Stewart, who upped and left the series in 1995 hoping to go on to bigger and better things...he should have stayed where he was, he hasn't done anything of note since....and his only theatrical appearance for many years was in Baby Geniuses 2:Superbabies....Oh Dear!!!<br /><br />anyhow Dr.Jack Stewart was replaced by the younger Dr.Jesse Travis played by Charlie Schlatter who stepped into Baio's shoes pretty comfortably.<br /><br />The series is highly implausible but what Whodunit series isn't? (Murder she wrote - everywhere Jessica goes, someone ends up dead, or The underrated Father Dowling Mysteries about a Murder solving Priest with nun sidekick)<br /><br />The series was much lighter up until 1997 this is because it had a supporting cast that included the bumbling Hospital Manager Norman Briggs played by Michael Tucci along with Nurse & Mark's secretary Dolores played by Delores Hall, After 1997 both these characters were no longer included and the series became a grittier affair with a bigger looking budget, some episodes included far more action, one episode the entire Hospital is blown up.<br /><br />This was a family show For the Van Dyke's because as well as Dick's Son Barry, you also had Dick's Daughter And all his Grandchildren making an appearance in various episodes. <br /><br />As the series went on it got a bit silly, one episode I remember Dick van Dike plays his entire family, which was a bit out of the ordinary, but on the Whole 'Diagnosis Murder' was a really good TV show which had numerous good Guest Stars.<br /><br />Since this show finished in 2001, Dick & Barry have appeared together again in the 'MURDER 101' series of TV Movies made by The Hallmark Channel, pretty much following the same path, and still enjoyable. Dick who's now in his mid 80's doesn't seem to change a great deal, and looks as if he'll be working till the bitter end.<br /><br />TV SHOW **** OUT OF *****",positive
"This is what I was expecting when star trek DS9 premiered. Not to slight DS9. That was a wonderful show in it's own right, however it never really gave the fans more of what they wanted. Enterprise is that show. While having a similarity to the original trek it differs enough to be original in it's own ways. It makes the ideas of exploration exciting to us again. And that was one of the primary ingredients that made the original so loved. Another ingredient to success was the relationships that evolved between the crew members. Viewers really cared deeply for the crew. Enterprise has much promise in this area as well. The chemistry between Bakula and Blalock seems very promising. While sexual tension in a show can often become a crutch, I feel the tensions on enterprise can lead to much more and say alot more than is typical. I think when we deal with such grand scale characters of different races or species even, we get some very interesting ideas and television. Also, we should note the performances, Blalock is very convincing as Vulcan T'pol and Bacula really has a whimsy and strength of character that delivers a great performance. The rest of the cast delivered good performances also. My only gripes are as follows. The theme. It's good it's different, but a little to light hearted for my liking. We need something a little more grand. Doesn't have to be orchestral. Maybe something with a little more electronic sound would suffice. And my one other complaint. They sell too many adds. They could fix this by selling less ads, or making all shows two parters. Otherwise we'll end up seeing the shows final act getting wrapped up way too quickly as was one of my complaints of Voyager.",positive
"Can it ever be said that there are some movies that have no redeeming features whatsoever? Answer: Yes, and this is one of them. After helming the appalling 'House of the Dead' director Uwe Boll has now cast his less-than-talented eye towards yet another video game adaptation. Don't these guys get it? To anyone who can't understand, here it is in block capitals for you: VIDEO GAMES DO NOT MAKE FOR GOOD MOVIES! The acting here is, at best, sub-standard. The set design and special effects are poor. Unlike the video game (which did have its scary moments) the movie has no atmosphere of impending doom, no sense of danger or menace. Pacing and plotting is confused and the paper that the script is printed on would have been better used as toilet paper. The main culprit is the director. Uwe Boll uses the camera with the grace and skill of a monkey using a paintbrush. Hackneyed zooms, swoops and pans are spliced into the whole dreary affair at unpredictable moments leaving the audience disorientated and bored. Why this guy was ever let near a movie set in the first place must stand as one of modern cinemas greatest secrets. Avoid at all costs.",negative
"I watched this film in shire joy.<br /><br />This is possibly one of the best films of all time. It has a timeless value, you can get so much out of it it's amazing. There are parts that are moving, funny, and just great.<br /><br />All aspect are spot on, the portrayal of the story is perfect, every detail is 100% genuine, even small Irish subtleties have been covered.<br /><br />The use of low and high shots gives two great views on Cristy (look out for that).<br /><br />Daniel Day-Lewis's performance is incredible. I've never seen an actor do that, ever. It really is amazing.<br /><br />And it's so great to watch, it flows so well, it's probably the closest thing yo can get to real life experience. I love it.<br /><br />If you haven't seen it, you should see it. Don't have any doubts on it, there is something there for all.",positive
"1 out of 10.<br /><br />This is the kind of movie that you cant believe you just wasted 2 hours of your life as you see the credits role. I honestly think I could make a better Vampire movie.... and I know nothing. The only thing that does not just suck (harder than a Vampire) is Jason Scott Lee.... his character is at least a little bit cool, has some mystery, and kicks a little butt.",negative
"I loved it, it was really gruesome and disgusting. I thought that the tearing of the human flesh was thoroughly provacative. the way that it was depicting the human crucifix about Jesus Christ was really interesting. The tearing about limbs and jaws was awesome brutally gruesome. Don't watch this if you have a weak heart, you wouldn't be able to stand it.",positive
"This is superb - the acting wonderful, sets, clothes, music - but most of all the story itself.<br /><br />I am amazed there aren't more reviews of this movie - certainly one of the best of the 1980s.<br /><br />It's also a wonderful movie to see in tandem with the great ""Random Harvest"" which has much the same opening crisis <br /><br />-- a middle aged, unknown English W.W.I officer is in a hospital toward the close of the war, suffering from shell shock and complete amnesia without any idea of his name, origin, or anywhere he belongs - he proves to be a very wealthy established man - when he ""recovers"", he will not remember the years before the war -- <br /><br />But there the movies' resemblances end.<br /><br />My warmest thanks to all who participated in the movie - particularly the actors Ian Holm, Alan Bates, Ann Margret (what a great and surprising casting choice), Glenda Jackson, Julie Christie.<br /><br />This one stays with you forever.",positive
"In a future society, the military component does not have to recruit; rather, their candidates are chosen at birth, culled from nurseries and designated to spend their entire lives in the service of the government. They are given over to the war machine, body and soul, for no reason other than to protect and serve; they have no personal identity other than a name and rank, and no autonomy whatsoever. This is the fate of those whose destiny is predetermined for them in `Soldier,' directed by Paul Anderson and starring Kurt Russell. The scenario is hard and bleak as the movie begins by depicting the training of the soldiers during advancing periods of time, from preadolescence to adulthood. Russell is Sergeant Todd, the best of the best, and we glimpse his career as he discharges his duties in an exemplary manner in campaign after campaign; he is what he was born to be, a soldier. But even the best cannot go on forever, and the day arrives when Todd and his peers are no longer the elite. A new generation of soldiers has been created, products of advanced genetics and technology, and Todd's generation is suddenly obsolete. What follows is the story of a man who must fight for his life, while struggling to discover his own sense of humanity and individuality, traits new to a soldier who has known only two things his entire life: Fear and discipline. Russell gives a commanding performance as Todd, the soldier who above all else must obey orders without question while suppressing all emotion and individual thoughts. He has few lines in this movie, but Russell speaks volumes with his eyes. This role demonstrates that he is, in fact, one of the under-appreciated actors of our times; that he can disappear so entirely into the character of Todd is a credit to his ability, and with this part he has created someone quite different from any he's done before. And he's given Todd a depth and credibility that someone of lesser talent could easily have rendered as nothing more than a pretentious and superficial stereotype. Notable performances are also turned in here by Connie Nielsen (Sandra) and Jason Isaacs (Colonel Mekum). Rounding out the supporting cast are Jason Scott Lee, memorable as Caine 607, one of the new generation of soldiers; Sean Pertwee (Mace); Gary Busey (Captain Church); Michael Chiklis (Jimmy Pig); and Mark Bringleson (Rubrick). Anderson has delivered an action film with a message, a cautionary tale that transcends the genre of science-fiction. `Soldier' reminds us of the importance of keeping the humanity of our lives intact. It's an entertaining way of making us consider the alternatives, like a bleak future and a world in which good movies just wouldn't make a whole lot of difference. Much like `1984,' and `Mad Max,' this movie, which is ultimately uplifting, is going to make you take pause and think about the kind of Universe in which we all must live together and share. I rate this one 7/10.",positive
"The US appear to run the UK police who all run around armed to the teeth and did you know that CID officers change into uniform when they stop work and go down the pub! This has got to be one of the most unrealistic films with the worst portrayal of ""real"" UK police that has ever been foisted on the unsuspecting public. I can see that Mr Snipes might have needed the money to pay his back tax bill but what the heck a good actor like Charles Dance was doing in it is a mystery.<br /><br />Worse than the worse low budget ""B"" film of the 50's. An hour and a half of suicide and time I will never get back.<br /><br />Avoid it like the veritable plague.",negative
"I agree that the movie is a little slow at spots having many scenes of mundane everyday life and no dialog. And I wasn't impressed right after I watched it. However, after a few days, I realized that the movie stays with me and it evokes a melancholy mood which lingers in my mind. My appreciation of this movie increases. It certainly merits a higher consideration than those movies that are instantly forgettable.<br /><br />As many have commented, the movie is non-linear and that's a hallmark of European film-making as opposed to the linear narrative form that Hollywood favors. I don't really know whether it's true or not. Many also dislike its confusing structure and lack of clear explanations. To those viewers, I don't think there is much I can say to change their opinions. However, for others who have yet to see the film, DO expect to be challenged and DON'T expect the film to supply all the answers and you might come away enjoying it more than you would otherwise.<br /><br />The movie skips around a bit but really chronicles just 3 time periods. Pay attention to the hair style and you can easily separate out 2 of the 3 periods. It is also not as confusing as suggested; just enjoy and it'll all be clear at the end.<br /><br />Yes, lots of things are left unsaid or not shown, and lots of situations are left unexplored. But isn't that what life is like? A lot of time you're not sure of the motives of your friends/loved ones unless you confront them and even then, you can never be 100% sure if they told you the whole truth. This type of movies forces us to interpret the reasons behind the actions. The movie does, however, leave enough hints for you to make some reasonable assumptions. For example, Mathieu is manic depressive, to the point of suicidal. Why? I don't know, maybe his life is not turning out exactly as he expects it; maybe he misses his family but hasn't forgiven his father for abandoning his sick mother at her hours of need; maybe after all he sacrifices for Cedric, rearranging and indeed, shattering his life to be with him, he realizes that it is all ""coming undone"". I think the director meant to show us that he has always been a little off, mentality fragile by that scene w/ the dead bird. Maybe he has a very sensitive psyche and all these stresses are taking a toll on him. But we're also shown that he is not some animal torturing psycho by his loving interaction w/ the stray cat. Also, there is one conversation between the doctor and Cedric that sheds light on the reason behind the breakup and maybe the suicide attempt. The doctor asks him if everything is okay, and Cedric thinks so even though he cheated on Mathieu once, but that's nothing, according to Cedric. Is that the only reason, we don't know, there are probably others, all mixed up together. Is it paramount that we know exactly what they are? I don't think so, for this movie. Another telltale sign that they are ultimately not compatible is the historical ruins scene. Mathieu is interested in studying the ruins, Cedric is not. He is the one w/ the raging hormone who focuses only on the physical side without an intellectual side that Mathieu obviously needs.<br /><br />Finally, the ending is really rather hopeful and sweet. I was pleasantly surprised by the turn of events after the bleak tone that edges toward the end.<br /><br />I have two complaints for the DVD. One is the sound. It's very soft. I had to crank up the volume to hear the dialog and then when it switched to a bar or outdoor crowd scene, it became too loud. The other is that the subtitles can't be turn off; they stay on the screen. Most foreign movie DVDs not released by a major studio are shoddy this way unfortunately.",positive
"For those who have enjoyed the Asterix books and films, you'll LOVE this film! Yes, I will admit that it does mix some of the books and films, but the characters are brilliant and it's not just people showing off their CGI left, right and centre. I've already seen it several times and laughed my socks off at it.<br /><br />Of course it contains the main heroes Asterix (Astérix), Obelix (Obélix) and Dogmatix (Idéfix), but this time they have someone new to... deal with.<br /><br />With a sense of humour like that, the Gauls will go on and on and on. Bless 'em.",positive
"I went to see Random Hearts with 3 friends, and at first, I thought maybe it was just me who wasn't enjoying the movie. After all, I didn't like As Good As it Gets and that movie won all sorts of awards. Well, it wasn't just me...none of my friends liked it either. It was unbelievable slow, much like getting teeth pulled. The only action that is in the movie is what is in previews. We didn't walk out of the theatre because we all assumed something more would happen. We weren't as smart as the 7 or 8 people who did walk out. I have never walked out on a movie in my life, but I definitely should have. This is all tough for me to write, considering I am relatively easy to please when it comes to movies. It takes a lot for me to think a movie is awesome, but not much for me to just like it. This movie didn't even come close in the like category. Not only was the movie about 2 hours too long, but it was like two separate trite stories in one, but they weren't smoothly sewn together. Plus, the ""soundtrack"" if you could even call it that was so annoying. Like Seinfeld has the same riff that is played over and over again (difference being that i like Seinfeld)..this movie had this jazz riff that it kept playing, which sounded highly inappropriate at times, especially when people were dealing with the deaths of the plane crash. Hard to explain what I mean, but trust me it was awful. I cannot say enough to make people not waste their money. After I left the theatre, I honestly wanted to write to the movie company and demand my $7 back..sheeesh, I could have gone bowling or something for that money.",negative
"Solid comedy entertainment, with musical interludes, it generates a fast pace that carries proceedings along in zestful tempo through a maze of humorous and chiller complications. Boris Karloff, Bela Lugosi and Peter Lorre form a strong setup of sinister villainy. The script contains all the standard mystery film props-sliding panels, secret passageways, thunder and lightning and poisoned blow-darts. Karloff, Lugosi and Lorre go in for heavy leers and obvious melodramatics of the gaslit era. Kay Kyser and his band offered great entertainment for the people living in the 1940's who were trying to forget about the horror's of World War II.",negative
"For that matter one of the worst FILMS ever made. Plot goes as follows. Slog through jungle looking areas for 10 minutes or so. Have Bo go somewhere and strip. Slog through the jungle some more. Give Bo another excuse to strip. Back to the jungle. Oh look! There's a Tarzan looking guy! Strip, Bo - strip. Kill the safari people. Tarzan looking guy has a fight scene. Saves Bo. Bo strips. Run credits. Run credits, run.",negative
"Deeply humorous yet honest comedy about a bunch of grownups (Bill Paxton, Julie Warner, Kevin Pollak, Elizabeth Perkins, Vincent Spano, Matt Craven, and Diane Lane) who are invited back to spend a week to Tomawka, a camp in (Ontario) Canada by their former consuelor (Alan Arkin). Writer/director Mike Binder drew upon his experience at the same camp as the main source of creating a gentle and understanding yarn that makes sense. Also, the movie has plenty of funny moments, some of which are completely bizarre like my favorite, the one involves using masking tape. Newton Thomas Sigel (""The Usual Suspects"", ""Three Kings"") provides the film with some impressive shots of the Canadian wilderness. Among the cast, Sam Raimi, director of ""THE EVIL DEAD"" films and ""The Gift"", appears here as Arkin's bumbling right-hand man. One more thing, this film reassured me that a camp doesn't have to be a site of bloody murders.",positive
"A family with dad Louis (Dale Midkiff), mom Rachel (Denise Crosby), 10 year old Eileen (Blaze Berdalh and about 3 year old Gage (Miko Hughes) move to this beautiful house in Maine--seemingly unaware of the semis that roar down the highway in front of their house every 90 seconds or so! The neighbor across the way (the wonderful Fred Gwynne) makes them feel at home...and shows them a pet cemetery where children bury their pets. But a little further on is a sacred ground which can bring the dead back to life...but the dead come back in a nasty mood.<br /><br />""""DEFINITE SPOILERS** The novel by Stephen King was good--it was long but it developed characters and situations that made you care what happened. This movie jettisons ALL the character development and just plays up the gore and violence. Animals are killed ON camera (I know it's faked but it's still repulsive); a little boy is hit by a semi and his casket pops open during the funeral (in a totally sick scene); he's brought back to life and attacks and kills people including his mom (I DO wonder how a 3 year old was able to hang her); a ghostly jogger (don't ask) tries to help the family for no reason...The movie just works the audience over shoving every gruesome death or violence into your face. It just goes out of its way to shock you. **END SPOILERS**<br /><br />Acting is no help. Midkiff is just dreadful as the father--he's handsome and buff but totally blank. Crosby isn't much better. The two kids are just annoying. Only Gwynne single-handedly saves this picture with his effortless good acting. <br /><br />This picture shows a total contempt for the audience taking large leaps in logic and having characters do incredibly stupid things (especially Midkiff at the end). This movie was (inexplicably) a huge box office hit in 1989 which led to the even worse sequel in 1992. I saw it in a theatre back then and was disturbed how the audience kept cheering on the violence and was just appalled by what I saw. A sick repulsive horror film. A 1 all the way.<br /><br />When you think it's all over and can't get worse the Ramones sing a title song!!!!!! (""I don't wanna be buried in a pet cemetery""). Truly beyond belief.",negative
"Did we all see the same movie??? I can't believe the raves some of the others are giving this really awful bio which, believe or not, was authorized by Shirley Temple herself, based on her book CHILD STAR. Gives me the feeling that some are awfully easy to please.<br /><br />First of all, ASHLEY ROSE ORR, whatever her modest talents are, in no way, shape or form even resembles Shirley Temple enough to be cast as her in this sort of straightforward biography of the world's most famous child star. She gives no indication of why or how this child was so revered except for trying her hardest to do a Shirley impersonation which never clicks on any level. None whatsoever.<br /><br />And that is the major handicap of the whole piece. But as if that isn't bad enough, any drama inherent in Shirley's story of her climb to almost overnight stardom has been completely white-washed with insipid writing peppered with occasional song and dance moments that don't even approximate what Shirley did (as for example, ""The Codfish Ball"" with Buddy Ebsen which was probably the high point of Shirley's choreographed dance routines).<br /><br />Simply putting a girl in a polka dot dress doesn't make her Shirley Temple. None of Shirley's own brand of charm, warmth and appeal is even remotely suggested. All we see on display is a pale imitation of the original proving, once and for all, that there was only one Shirley Temple.<br /><br />It's worthless to write anything further about this mess. None of the others are more than ordinary in lifeless roles. My advice for Shirley's fans is to read her book--or better still--watch her movies.<br /><br />This is the pits.",negative
"Brought Philip Larkin to life in a way that is worthy of the greatest performances of all time, and not just the ones that are measured by popularity. It shows a stark portrayal of Larkins life as the greatest unrecognized poet of his era - which is exactly how he would have wanted it, such was his disdain for cankers and medallions. It dramatically exposes the raw beauty in the intense sadness of Philips observations of our relationship with our own mortality, and lays it our in a way that seems to have missed even the great philosophers. for anyone interested in profound observations of our relationship with life, love and death this is a must.",positive
"Johny To makes here one of his best style exercises, making a strong film with a good Yakuza's story. The election of the new Yakuza's boss is the beginning of a war inside the organization.<br /><br />In my opinion the violence is wise used in the context, making a very strong gangs film. I specially love the way he tells the history, moving around all the roles inside the Yakuza's family, and making that we see the violence, like the only way they have to solve their problems...<br /><br />Talking about, the technical aspects, the film is a good example of paused, rythmic and planified way of shooting a film. One of the Hong Kong Films of the year. Is like Infernal affairs, but without the easy action-violence scenes, and the confused storyline. Strongly recommended to all Asian films lovers.<br /><br />(sorry for my English, better do in Spanish lol)",positive
"This is probably one of those films too many commented but undiscovered... This is probably one masterpiece of Spanish cinema like some Buñuel's masters-piece. ""15 days with you"" could be the better ""now and them"" re-visitation from others films of long-time ago: could be ""Midnight cowboy"" but could be also ""Les amants du Pont-Neuf"" or a realistic and non-spot-look (but most realistic) ""trainspotting"". This hard story has place to humour, love and obviously dramatic sense. In the new social Spanish cinema this little diamond could be the resurrection of the Italian neo realism mixed whit the best Ken Loach films.<br /><br />Probably the better film I discover in the last 10 years.",positive
"This movie was seriously awful. The acting was the worst! It was worse than a student film. Super cheesy, and I think the worst actor was the old lady. At first I thought to myself, well it's an old movie. Then I remembered that that is no excuse! I've seen older movies with way better acting and such.<br /><br />The music was terrible to. It was really choppy. The editing was poor (most of the dialog was out of sync.)<br /><br />Overall, this movie doesn't even deserve a 1. I only watched it because I was so bored, and the movie hardly entertained me. It was just laughable. My dead grandmother's left pinkie toe could make a better movie than this.",negative
"Watching The Tenants has been a interesting experience for me. It is the first film I have ever seen where I have shuttled at speed through parts of the (non)action - and I can normally watch anything from turgid action movies to Serbo-Croat indie and find them fascinating.<br /><br />The Tenants is frustratingly sluggish and over-orchestrated. One of the main problems of the script is there is little realistic character dialogue, apart from the set pieces where characters 'collide' in a very structured setting (to make this work, the film needed to feel more conceptual, which it didn't). This leads to a lack of realistic character development; everyone seems two-dimensional.<br /><br />The worse for this is the character of Bill Spear, aka Snoop Dogg. I found his characterization very uncomfortable and very unsympathetic. At one point, I even stopped the film because I got so annoyed by the character's aggressive, violent and monotonal delivery, the lack of any other personality layer apart from that of the reactionary ""on"" switch (which gets really predictable after a while) and I so desperately wanted him to have some redeeming qualities. However, one reason for this jar might be the nebulous time scape of the film (supposedly 70s, it feels and looks more early noughties). If it had been more securely fixed in the 70s, his character might have seemed more understandable.<br /><br />The lighting of the film was also awkward. All the way through, the soundtrack attempts to provide a certain gritty, jazz-infused atmosphere that just did not come off, largely because the set was too well-lit.<br /><br />The Tenants, to me, is an unbelievable film. It doesn't depict real people or propose any interesting ways of thinking about race, identity or the life of a writer, be they white or black.<br /><br />Strangely, I came away with the feeling that this project needed David Lynch; his eerie, clastrophobic and obsessive look and feel would have lifted both the actors and the script into something quite remarkable.",negative
"Another brilliant portrayal by Kiefer Sutherland who plays Mickey Hayden, a cop dealing with psychic visions of murdered victims. I absolutely love movies dealing with the psychic realm, and I wasn't disappointed with ""Eye of the Killer"" (AKA After Alice). I only wish the movie had been released theatrical first.",positive
"First of all, no one with any law enforcement experience (Not ER or EMT, but real law enforcement) takes this show seriously. Walker would be drummed out of any police force in the US for his illegal and totally unprofessional tactics. On top of that, he is a comic book character---no acting ability, incredibly trite lines, no character development. The fact that Alex Cahill loves him shows just how dumb blondes really are. And Trivett is the ultimate clown in black-face. Come on---if you think Walker is a heartfelt show without bias, then explain why JT is treated as a dolt, always is the subject of Walker's jokes, never is allowed to be the one to solve the crime, and never rescues Walker, who should be dead 50 times over for the stupid things he does. While it may be true that many criminals are even dumber than the detectives who go after them (and believe me, most cops are dumber than dirt), the smart ones Walker comes up against never seem to get the point that once Walker is captured, the jerk needs to be put of his misery. But then again, Norris produced the show as well as starred in it, so how could he willingly get rid of himself or even show how stupid his tactics are. As if six guys are going to wait around to take him one at a time. What a terrible series! It is more demeaning than any of the hokey westerns like The Lone Ranger, Roy Rogers, The Cisco Kid, and Wild Bill Hickock, though I would imagine that most of you on here are far too young to remember those shows. But like those shows, in the same way as those shows, Walker TR is just as insulting and just plain silly.",negative
"Now we know where they got the idea of Snakes on a Plane. To put it bluntly, do not pay to see this movie. If you really want to waste 90 minutes of your life, then either catch it on cable, or get it as a free pick from NetFlix or Blockbuster. Do not pay to rent this. If you do pay to rent this, then you are one stupid individual. The acting was awful, the plot was awful, everything was awful except for the snakes. Whether they were real or CGI generated, they did look pretty good. But that being said, still this movie has to be one of the worst movies I have ever seen. Even the nude dancing scene was pretty bad that I actually fast forwarded through that. Don't sat I did not warn you.",negative
I saw this movie with very low expectations. I didn't know a lot about it so I wasn't sure if it was going to be worth it.<br /><br />The story did an OK job of getting you curious about these ruins they travel to. The suspense continues when the Mayans show up and force them to stay at the ruins.<br /><br />Then the movie turns from somewhat suspenseful to pointless. The amount of gore found in this movie did not balance out compared to whether it was truly necessary or used more for shock value.<br /><br />The fact that they didn't make any attempt to fight the vines from hell. They had fire and didn't try to burn it nor did they try to cut it with a knife to see if they could destroy it or not. They quickly jumped into a victim role and their helpless attitude was not real. It reminded me of the old horror movies where the people just scream and yell and don't have half a brain to try to fight back.,negative
"This movie is bad. I saw the rated and the unrated versions. They are terrible!! Now, I know it's suppose to be a low budget, porn spoof of spiderman, but Spiderbabe is just not good at being bad-good. It's not funny! Not funny at all!! I wanted to laugh. I tried to laugh. But this movie let me down. At least the unrated version has lots of nudity to look forward to. And is it me, because Mundae is not a great looking woman. From the waist down she's okay, but on the way up leaves much to be desired. She does look good in that school girl outfit. Please, if you must watch this spiderbabe, rent it first. Rated or unrated, doesn't really make any difference, they're both bad to me!!",negative
"This movie surprised me. Some things were ""clicheish"" and some technological elements reminded me of the movie ""Enemy of the State"" starring Will Smith. But for the most part very entertaining- good mix with Jamie Foxx and comedian Mike Epps and the 2 wannabe thugs Julio and Ramundo (providing some comic relief). This is a movie you can watch over again-say... some Wednesday night when nothing else is on. I gave it a 9 for entertainment value.",positive
"This was a fantastic movie about two people, one a young teenage girl, and the other, a middle aged man, who are each looking for someone to help them fulfill a certain emptiness left by former loved ones.<br /><br />Both actors give brilliant performances that various audiences can relate to. The script, although written by Gorman Bechard, seems as though it was written from a woman's point of view. And at the same time, men can relate to the male characters because of how well they were developed and described in the movie.<br /><br />The end of the movie has an unusual but powerful and unexpected twist that leaves you speechless. I would recommend this film to anyone who has ever felt lonely or abandoned by a loved one. It is clear in this film that you are not alone.",positive
"It's interesting how the train of research can flow. I started out looking at an article about Cristo's ""The Gates"" in Central Park. The article stated that the Maysles had been Cristo's filmographers for years. Hmmm... Then I got to looking at their body of work. I believe one of them has passed on but the other is still filming Cristo and Jean Claude in their stages of creation. Grey Gardens sounded very interesting. Video Station, in Boulder CO, is the place to look for the obscure or offbeat and of course they had it in stock. DVD and VHS. Edith and Edie are women living in the past, and oh what a glorious past it was. Edith had been well off, born a Bouvier, married well, had several wonderful relationships and became a singer when she was in her forties. Her daughter Edie had been a débutante, a fashion model and had many beaus. She never married and at some point in her thirties had come home to recuperate. She seems to have a nervous disorder of some kind. Worrying too much about things. It is only a shadow of the world they live in though, because Jackie O. came and spruced up the place so her aunt and cousin would not be evicted. It is a 28 room mansion that is worn down and worn out. But, in the film you will notice fresh paint on the walls. If you look carefully at the newspaper clippings you see it was very much a dirty mess. The outfits Edie comes up with a very clever and creative. The viewer gets the impression that Edith likes to go nude, but she doesn't in the movie. Edith was really quite beautiful and you can see the shadow of her beauty still as she sings ""Tea for Two"". Edie too was a beauty in her day and quite attractive at 56. It was a good movie, though not for everyone. When the cat is urinating behind Edith's portait she states, "" at least someone is doing what they want""!",positive
"If you love Chan-wook Park, you know what to expect. His films are brutal, poetic, tragic, and artistic, with splashes of very grim humor. THIRST is clearly Park's style, and I loved every second of it, from the cinematography (every shot is gorgeous and creative) to the story, which blends Shakespearean tragedy, murderous love, Gothic horror, and layered character drama. The characters are complex and there is plenty of moral ambiguity to go around. Even the most sociopathic character evokes sympathy. The direction is restrained and the performances are nuanced - like SYMPATHY FOR MR. VENGEANCE, there are too many subtleties to take in on the first viewing. Chan-wook Park is an intelligent, bold, consistently surprising filmmaker. It's unpredictable - scenes go from brutal and heart-wrenching to laugh-out-loud hilarious in an instant. This is closer to LADY VENGEANCE then SYMPATHY FOR MR. VENGEANCE as far as being over-the-top and comical. But, like LADY VENGEANCE, it's incredibly rich, thought-provoking, and rewarding.<br /><br />If you like beautifully told vampire stories (LET THE RIGHT ONE IN) or are a fan of Chan-wook Park, seeing THIRST should be obvious. Easily one of the best films of 2009.",positive
"Every movie from the thirties is dated, but if you were to watch only John Ford movies it would seem more dated than if you watched others. i.e. Grand Hotel is comparatively modern melodrama. With Ford, there's always the hard-sell of someone's nobility (Abe, The Joads). Always the over-emphasis of some heavy's badness. Always the poorly crafted, awkward and obvious scripts. This is no exception. It's just a rather belabored device to deliver sentiment. And sentiment is all this has going for it.<br /><br />What Ford does here doesn't make me appreciative of Lincoln, it just makes me wonder how the States were ever settled by the population of complete morons depicted here. Ford went on to make decent movies. This is too dated to be anything but bad. It feels entirely false. <br /><br />Henry Fonda with a fake nose is bizarre. And no one from Illinois would pronounce the trailing 'S,' or say ""Shonuff!""",negative
"Both Disney and Bill Paxton did a fine job in conveying a story that is based in fact. You do not have to like the game of golf to appreciate the story of one man's struggle to overcome the odds. It could have been based on any sport or simply on any other situation which involves competition, though this one just happens to be related to Golf. The only problem I have with the story is that I would have liked to see a bit deeper into each of the main characters, esp. Mr. Ouimet. Mr. Francis Ouimet is a typical young man of his times, turn of the century America, where ""class lines"" are well delineated and woe be it to anyone who deigns to try to rise above his ""class"" standing. I did a bit of historical research and my biggest question was indeed answered, to my satisfaction. Although the circumstances are a bit different than those portrayed in the film, I came away with a feeling of content. I thoroughly enjoyed this movie, I believe you will too.",positive
"OK, so in any Wile E. Coyote-Road Runner cartoons, we know that WEC is going to set up all sorts of traps for RR, but always maim himself in various ways. That certainly happens in ""Beep, Beep"". Predictable? I guess that it is, but when you think about it, these cartoons show how the more you try to harm someone else, the more you get harmed; sort of like how Daffy Duck always tries to undermine Bugs Bunny's integrity but Bugs sees around it.<br /><br />Overall, this is another classic from the Termite Terrace crowd. Sometimes, I think that if we really had wanted to ease Cold War tensions, we could have just let the Soviet Union see Looney Tunes cartoons; I'm sure that they would have loved them. Another great one.<br /><br />PS: I learned on ""Jeopardy!"" that Wile E. Coyote's middle name is Ethelbert.",positive
"The movie starts out with a bunch of Dead Men Walking peeps sitting in individual cells, waiting for their inevitable meeting with death represented by the electrical chair.<br /><br /> Then our ""hero"", who is called Tenshu, is taken to the chair, he's zapped, and then....he's still ""Alive"". AHA ! He is given a choice by some creepy military guys who look really cool : Either we zap you until we've made sure you're actually dead OR you can walk through this door and take whatever destiny might lie ahead of you"". Our hero says yes to option 2, and then the actual story commences.<br /><br /> He wakes up in a different sort of cell (very high-tech and very big), where he finds another cell-mate, who also managed to survive the electric boogie-ride. A voice in the speakers tells them that they are free to do whatever they wish, as long as it happens within that room. Sounds a little suspicious, but the two men accept : What else can they do ?<br /><br /> What these two men do not know is that they have been set together, so they can awaken an inner urge to kill within them. Basically the unknown scientists in the background p**s them off until they decide that they should kill each other. Sounds weird ? Indeed, but there's a greater purpose to all of this. THIS is the part which should not be revealed, and so it shall remain unrevealed.<br /><br /> But fear not, it is the unknown that lures the viewer to watch more of this pseudo-action movie, fore it has an entirely different approach to the question : How long time can you stand being with a man who's an S.O.B. and would you kill him to obtain freedom ?<br /><br /> The first hour is basically trying to awaken your interest, it sneaks up without you actually knowing it. Then it becomes a roller coaster ride with WILD Matrix-like action fight-scenes with a touch of individuality to honor the comic book from which the movie is based upon.<br /><br /> The movie is indeed very special, so special that normal cinemas won't view it under normal circumstances. However, the story is fascinating, the music is fantastic, and the actors do their bit (some more than others) to make the movie truly unique.<br /><br /> If you should be so fortunate that your cinema or video store has it, watch it, and enjoy the fact that not everyone is trying to make mainstream movies to earn huge bunches of cash.<br /><br />",positive
"Doug McClure has starred in a few of these British produced genre adventures and this one has got to be the worst of the lot . I know THE LAND THAT TIME FORGOT has its critics but please at least that movie featured location filming and relatively good production values . That's the problem with this movie - The production values go way beyond "" So bad they're good "" affectionate territory and become "" so bad I think I'll go and see what's on the other channels "" <br /><br />One case in point is the first scene featuring the intrepid Cushing and McClure encountering a monster . It's painfully obvious the monster is an average sized man dressed up as a rubber monster being made to look over twenty foot tall via overblown back projection . It becomes even more painfully obvious that our heroes are trying to escape the monster by running on the spot . Have I mentioned that this is one of the more convincing set pieces ? No really this looks like it was filmed in somebody's living room with the spare change left over from that year's DOCTOR WHO budget . Even former DOCTOR WHO Peter Cushing is bland and what should have been an amusing line "" You can't mesmerise me - I'm British "" is delivered in a very flat way ( A very similar line is spoken by Cushing in HORROR EXPRESS ) in a script devoid of characterisation , plotting and memorable dialogue . It's not just the fact that the dialogue is unmemorable it's also infrequent and rare since the monsters don't speak . Wouldn't it have been better having the chief bad guys humanoids like in WARLORDS OF ATLANTIS so that they could explain the plot . Does anyone here know what the plot actually is ? <br /><br />A very tedious British movie that even the twin talents of Caroline Munro can not save . The whole mood of the movie is summed up by the final sequence featuring two keystone cops",negative
"Another attempt by modern Japanese directors to redefine the chambara genre. Successful, and not, in varying degrees.<br /><br />Buddhist monk has a vision that he is to slay a legendary (and very active) demon at the Gojoe bridge in order to attain enlightenment. While not at the forefront, Buddhist thought is at the heart of this movie, much like Kurosawa's ""Ran"". It probably what made the movie the most interesting to me although it's nowheres near ""Ran's"" league. <br /><br />Stylish visual direction and excellent photography keep the movie mostly interesting throughout the two hour and eighteen minute length. The lead actors are uniformly excellent. The music is really good. The two weaknesses are the story and the fight scenes. The movie drags in the middle which could have been fixed by some prudent editing. And the fight scenes are mostly filmed in blurry close-ups. This works for most of the film but the finale feels like a cheat. Another recent film like this is Tsui Hark's ""Seven Swords"", great film but the promised fight scenes are disappointing. Asano really doesn't move like a sword wielding demon, his acting is great but he would be an extra in a traditional chambara fight scene.<br /><br />Good movie, you'll probably find it interesting just don't expect traditional sword fights.",positive
"Steve Biko was a black activist who tried to resist the white minority governed South Africa in much the same way as Gandhi tried to resist the British empire's colonialism in India. Richard Attenborough's film Cry Freedom is not about Biko or Apartheid as much as it is about Donald Woods, the white liberal newspaper editor who risked his life trying to tell Biko's story. The film has a jarring point of view switch after Biko dies in prison from tortuous behavior at the hands of South African ""police"". Woods, played by Kevin Kline, must choose whether to do the right thing and flee the country to publish books about Biko or allow his wife, played by Penelope Wilton, to pressure him into forgetting about the books. In that case, Biko dies in vain. What begins as a life-changing friendship between Biko and Woods degenerates into a standard by the numbers escape over the border yarn after Biko's death. Oscar-nominated Denzel Washington is good in only his fourth film as Biko, but something is wrong in a film that tries to depict the struggles of Apartheid by focusing more on the trials of a white family for more than half the film. Attenborough would have served his topic better by focusing on Biko's rise to prominence instead of beginning where Biko befriended Woods. Perhaps a black actor in a leading role in a 2 1/2 hour film wasn't exactly conducive to big box office, but the film was a tremendous box office flop anyway. Film politics aside, the film still entertains and sends a message or two, albeit, in PG-sanitized fashion. *** of 4 stars.",positive
"This is the best picture about baseball since Redford whacked The Natural our way. Dennis Quaid and Rachel Griffiths light up the screen with a great story and a cast that seemed real enough to pull you into their lives. <br /><br />Laced with dreams - dripping in reality, the American Dream reignites after 9.11 with a true story about the Devil Ray's mid-life rookie, Jimmy Morris. Australian born actress, Rachel Griffiths, plays a native West Texan better than a lot of Texans I know; and Dennis Quaid was perfection  cast as the wannabe, gonnabe and humble winner with as much psychological baggage as the average viewer in the audience. It's real. The on-screen chemistry works. If you like baseball heart-warmers, you're going to love this film. The ingredients for Americana and apple pie were all in there. My popcorn became the a la mode'. <br /><br />And hey: buy the CD! The music rocks and carries the story magnificently! Syncing words and music pushes the story forward exactly the way it should, an area that disappoints me more often than not.<br /><br />Criticisms: I'd have given the baseball to somebody else. But Quaid has something to teach us all about character' and heart. St. Rita and the nuns were a nice decoration, but they never really found their place in the story to open and close around them. A little long. Worth every minute in the last analysis. 8 / 10. <br /><br />",positive
"I'll be honest with yall, I was a junior in high school when this sitcom first aired on ABC I didn't think I would like it at all. But with John Ritter in it i felt that it had a little potential in it, plus their was something else with it I liked. The acting was great, not a lot of horrible 2nd rated comedy lines, John Ritter always brings his A game when it comes to comedy . This was a great show to watch, and I'll tell you why it was a great show. My father who never watches sitcoms at all, he just watches movies, sports, and law & order, he actually sat down with my 3 brothers and 2 sisters, my mother, and myself, and watched the show I think because John Ritter was in it. I honestly think this show would still be running if John Ritter God rest his soul i wish he hadn't passed away.",positive
"For me personally this film goes down in my top four of all time. No exceptions. James Cameron has proved himself time and time again that he is a master storyteller. Through films such as Aliens, The Abyss and both Terminators it is clear that he was a brilliant and confidant director as far as action and science-fiction goes. He sees a story and adds a strange quality to the film. But Titanic is so much different to his other strokes of brilliance. The film is exceptionally moving and allows room for surprises, plot development and interesting character developments in a story that everyone knows. The story of the famed voyager sinking on her maiden voyage is legend so the challenge was for Cameron to make a truthful, interesting and entertaining film about it. The acting is wonderful as Leonardo DiCaprio who plays Jack and Kate Winslet who plays Rose became superstars overnight with the release of this film and in most films I get annoyed when the supporting characters aren't given a lot to do but in this film it is more purposeful because as an elderly Rose (Gloria Stuart) tells her story it is quickly apparent that it is Rose's and Jack's story alone, no one else. Emotionally it is entirely satisfying and can leave no dry eye in a theater or home. The music has become iconic and legendary. It is composer James Horner's finest soundtrack ever and evokes so much from the film and the audience. The song after so long has become annoying but I still appreciate it for the phenomenon it is and this film is. Only one problem, the usual James Cameron problem, is the dialogue which is memorable but in a bad way as in how cheesy it is at points but all that aside. James Cameron has delivered a masterpiece and a romantic epic that sweeps you away on a journey of a lifetime. My heart won't go on from this one.",positive
"What on earth has become of our dear Ramu? Is this the same man who made Sarkar, Satya, and Comapny? I refuse to believe so. If AAG was Ramu's most ambitious project, he has clearly jumped off the high cliff he has ascended by giving the industry some of the greatest works of all times. This movie is made to fall like a brick. I was cringing to leave the theater, but I was forced to sit because I wouldn't have been able to take my car out of the parking lot before others also left. Else, nothing would have made me sit beyond interval.<br /><br />This movie is nowhere close to Sholay. It doesn't even come near it within a mile. I believe Ramu surely loves The Godfather more than Sholay, since Sarkar was a classic piece of work. I read Ramu's interview a couple of days back, in which the interviewer said that Ramu doesn't sleep for more than 4 hours a day, that too not at a stretch. I completely agree with this now, as his lack of sleep has probably taken its toll on the movie.<br /><br />There is no power in the performance. Amitabh Bachchan doesn't even look scary. He looked more terrifying in the few posters and wallpapers I saw earlier. Ramu's favorite Nisha Kothari did a fantastic job in Sarkar because she didn't have many dialogs (in fact none if I remember clearly). She opened her mouth in this movie, and has found a place in history. The new guy playing Jai's role seems to have that brash look, but didn't manage Jai's role at all. I cant go on... Im sorry... my pain is too big for me to manage right now.<br /><br />I promised myself throughout the movie that I will watch the original Sholay once more just to see that it is still there.<br /><br />Bottom Line: Horrible movie. The media and critics are going to cook Ramu's goose. And just to remind all readers once more, I am one of the biggest Ramu fans, and even I cant spare him for this act.",negative
"not a Larry Mcmurty masterpiece but it stands on its own as a good western, any of the lonesome doves do. who ever takes on the role of Woodrow call, does a great portrayal in their own style. It's also easy to see that they were looking to use this as a stepping stone to the t.V series (both version of it) and that the writers knew how to keep the flavor alive William Peterson was awesome in this, the geeky C.S.I guy is not the character he plays in this - this guy can do it all it seems<br /><br />it's deserve to be enjoyed by those who enjoy westerns<br /><br />4out5 stars",positive
"When this film opened back in 1976, legend has that it was met with massive jeering and disdain --- it was widely considered a failure. I vividly remember Ebert giving it one star and it was supposedly booed at Cannes.<br /><br />Apparently these people didn't understand the movie, which is not that hard to comprehend since it's very esoteric, dark, and layered in ways that still astound me. Reading through many of the reviews here I find (even after about 7-8 viewings over the years) many elements of the film I had previously glossed over. But even without understanding much the psychological underpinnings of the story, it's still a cracking suspenser...even if you just take the escalating paranoia and persecution that overtakes Polanski's title character like a tsunami wave over the course of it's two hour running time.<br /><br />Examining the source material --- an excellent novella by underrated novelist Roland Topor --- uncovers more intriguing layers. Polanski's Trekovsky is a milquetoast of the highest order. Though he seems at first to be yet another mild everyday soul, one gradually realizes he is one of those people who seems to aimlessly drift through life, letting it direct him. He seems to have few strong feelings about his likes and dislikes. He finds himself gently pushed this way and that, but never seems to get too bent out of shape regardless. This vague sort of wishy-washy-ness is more noticeable in the novel than the movie, but there are hints of it early in the film too.<br /><br />Making a play for the apartment of a woman, one Mademouiselle Choule, who is in the hospital recovering from a recent suicide attempt, appears to be the most daring thing he has attempted (even effectively haggling down the price of the deposit in the bargain). He soon finds, however, that he is paying for his ""good thing"" in more ways than he cares, as he finds himself in the center of maelstrom created by a building full of neurotic, control freaks who are hypersensitive to even the slightest sign of human life, such as a footstep in the night or a knock on the door.<br /><br />Instead of taking a stand though, Trelkovsky becomes increasingly alienated by the situation, and overtaken by paranoia and a sense of persecution. He becomes obsessed with Choule, imagining himself to be like her, dressing like her, etc. as his own personality rapidly begins to be wiped away by his own insanity.<br /><br />If anyone has ever doubted Polanski's fearlessness as an artist, they'd be well-advised to see this film. His trademark black humor is prominently (and sometimes embarrassingly) on display here and --- god bless him --- he makes himself the butt of it. It's a tour de force performance in one of the richest, riskiest, most Gothic horror movies ever made. That more people haven't seen it is a true crime.",positive
Everything about this film was terrible. To start with this film had a pretty good cast and I find it impossible to make such a great cast into the biggest disaster to the gangster film genre ever. The sound track was like one of a very bad slap stick comedy. It had this music through the whole film and it started to get quite irritating.<br /><br />PLEASE PLEASE PLEASE PLEASE PLEASE DO NOT INFLICT YOURSELF WITH THIS DISASTER YOU WILL ONLY BE HURT,negative
"I have been an avid Jane Austen fan for many years. I had never seen this adaptation, so when I had heard of it, I came here and read all the excellent reviews. On that basis I eagerly ordered it from Netflix. What a cruel disappointment! They have taken one of the most subtle and bright comic novels and made it dull. Each character seems to have been dealt a single facial expression, a single tone upon which to base their flat characters. Although this adaptation seems to have used every word that Jane Austen wrote, they appear to have been passed around to characters in a random fashion. Even though it was done as a miniseries, this adaptation manages to confuse and feel as rushed as if it had been done as a movie of the week.<br /><br />Mr. Bennett too harsh, Mrs. Bennet just a chattering chipmunk, Mr. Darcy as lifeless as a nutcracker, the Bennett girls almost indistinguishable and Mr. Wickham a man who no one would look twice at - hardly the appealing cad! I'm quite put out!",negative
"When I go to see movies I would stay up and watch it or if I did not like it, I would go sleep, but this was pure crap, I actually got up and walked out!....This was poorly script and put together, I hated it. Also, they should not have taken Brendan Frasier off, he was much better. This was not as good as I had expected, considering that I really liked George of The Jungle 1, and the graphics weren't as good as the first one, for instance, the bird, and when ever he crashed in a tree. I hope that the director of this takes heed, and next movies he make, he needs to reconsider...horrible! I really would like to give Ursla a job well done, as she made the movie worthwhile (until I walked out)...overall I give this movie a 2 out of 10",negative
"This Columbo episode is one of the better and perhaps one of my personal favorites. The cast includes Rosemary's Baby John Cassavetes as the maestro, his wife played by Blythe Danner (Gwyneth Paltrow's mom) and his mother-in-law played by Myrna Loy (one of America's greatest leading actresses in film of our time). Anyway I disagree with anybody who criticizes against this film. This episode is one of my favorites because you have an excellent cast who do a superb job in performing. I love watching Columbo with his beloved dog who he never names in the series. This time, the episode focuses in on classical music at the Hollywood Bowl, one of L.A.'s attractions. Of course, Columbo becomes as interested in classical music as he does anything else involving a crime.",positive
"I gave this more than a 1 because I did think there were some moral lessons in this story and it provoked some thought and comment from my wife and I. The acting and the dialogue were mediocre and I must confess I came out feeling like I had been beaten over the head with the God this , God that and Christ is our saviour stuff. The movie and the story line did not need it. If , as I am , you are a recovering Catholic or Christian avoid this one it will make you nauseous. The movie did a good job of demonstrating the thin line between being a good citizen and how someone could become a potential stalker focused on what might have been.",negative
"A fashion designer trips over a cat and falls into a pool, hitting her head on something floating on the surface. With rather cheesy effects (this was a TV movie) she floats up out of her body. She floats through a tunnel of rings of swirling orange smoke, and black rigid figures tip into her view (they look like the mannequins in her apartment). I almost thought I was watching a Jess Franco movie.... As her friends revive her, a black arm grabs her by the wrist, and she has to struggle to get loose. When she is revived, she remembers everything, and has a nasty bruise on her forearm.<br /><br />Shortly thereafter, she nearly gets hit by an out-of-control car that comes up on the sidewalk behind her. On Halloween, she decides with her boyfriend to go to Mexico for a vacation. When she gets there, she's surprised to find it's the Day of the Dead. They're annoyed by another American tourist who keeps following them, and he almost drowns them.<br /><br />The designer is encouraged to join a group of people who've had near death experiences. They've all experienced the tunnel, but not the black figures or the repeated near escapes from death. One of them has, and he's very anxious. She's also encouraged to meet with a psychic.<br /><br />A Doctor tells her about people he calls ""Walkers"" (the name of the novel this was based on). They're people who supposedly died of one cause that, when examined, prove to have died of another cause. Thus it's like they continued walking around after dying until they died again, but he blames it on poor record-keeping.<br /><br />I watched this on the 102 minute video, and it felt awfully long. I can't imagine that there's actually a 192 minute version! Perhaps if it was meant to be watched over two or more nights on TV it would better be watched that way than in one sitting.<br /><br />I've only read one Gary Brandner novel, Floater, and if it is representative of his work, he's not the most original of writers. Floater had the common plot of: picked on kid kills people in revenge. Even the variation was pretty common: picked on kid dies and kills people years later in revenge from beyond the grave. And in fact it has a point in common with this movie, in that the kid practices astral projection, and when he is drowned he floats up out of his body as here. I don't know how closely From the Dead of Night follows his novel Walkers. I understand the Howling movies don't bear much resemblance to his novels.<br /><br />It's quite a slow movie, and the special effects and cinematography are really held down by the (presumably) low budget and made-for-TV shortcomings. There are a lot of easily recognizable character actors in it. It also feels very dated, more early to mid 1980s than 1989. I found it to be boring. A much better low-budget movie covering similar subject matter that I don't think has dated as badly is Sole Survivor (1983) (arguably the inspiration for the 2000s Final Destination movies). It blows From the Dead of Night away.",negative
"I have a friend that works at blockbuster, and he gets 5 free movie rentals a week, so one day as we were scouring the aisles for something interesting, i stumbled across 18 Weapons of Kung Fu, and judging by the box alone, this movie seemed pretty wack, but nonetheless we gave into temptation and rented it -- afterall, it was free.....and thank god it was....this is by far THE WORST movie i have ever seen....the budget must have been a pickle and a piece of string...the plot was ridiculous, the only mention of the ""18 weapons"" is that there is some book that teaches the ways of the 18 weapons that some bad guy is after -- and thats it! there isnt even any weapon fighting in this movie...that and the action sequences are just flat-out BAD....9 times out of 10 the other guy's punches and kicks come about a foot away from landing on the other guy's, and there are MANY times when the the movie will skip frames (a result of ridiculously poor editing)....the dubbing is as well laughable, and it is hardly even understandable....and we wont even get into the acting...the ending will definitely leave you saying ""wtf??"", however to be fair i must mention that the fighting techniques used by the actors were somewhat decent, and the old guy is a mad chump....but thats about it...thankfully i didnt have to pay for this movie, but i guess at least now i know exactly how bad a movie can actually be....",negative
"It is easy for a movie that tries to be suspenseful to wind up being merely uninteresting. It happens quite often. Not only is Dark Harbor uninteresting, but it is very poorly done. Scene after scene is tacked on to an otherwise overdone premise. A troubled couple picks up a troubled stranger only to find more trouble.<br /><br />Some movies build tension by building the story. Dark Harbor keeps adding on to its story but never building upon it. I was hoping that like other movies, the suspense would finally explode. It never does. Also, the characters have no continuity from scene to scene. They may act one way in one scene, but then act a completely different way in another scene. At first, you think that they are merely out of character, but by the end you realize that they are not really characters at all. They are just props for the final twist. The final ten minutes try to be shocking. Instead, it's rather lame and uninteresting. The only thing that was shocking to me was that the movie finally ended. At less than ninety minutes the movie still feels way too long.<br /><br />This isn't one of those low-budget gems. It's more like a counterfeit watch that breaks as soon as you take it home.",negative
"I have to say that there is one redeeming speck in regards to this ""film"". It firmly establishes the bottom of the barrel. Now filmmakers know what to aim above when making a movie. Other than that I regret watching this debacle. What shameless abandon the making of this ""film"" was. What a waste of $100,000 (that's right folks, ONE HUNDRED THOUSAND dollars). This ""film"" reminds me of that ""Adult Video Awards"" show in which of group of ""industrial prostitutes"" stand up a praise themselves, believing that they are real actors, actresses and filmmakers. Ironic then how I've watched blue movies with better acting, directing and writing. I also found it funny that the Executive Producer, Justin Ament, just had to be in the ""movie"". He plays Deputy Jake Barker. I'm sure his ""acting"" career has taken off... Ted Pfiffer, the writer, has a part. He no doubt was wallowing in the clichéd glory he created. It should be noted that Carrie Finklea has a lead role in the movie. You might remember her from Gus Van Sant's 'Elephant'. Though I'm not too sure that she'll want to write this film on her resume. And I'm not sure which is a more depressing point; money was spent to make this film or people are going to watch it. Along with 'Torque', 'Godsend' and 'Sky Captain and the World of Tomorrow', one of the worst films, IF NOT THE WORST FILM, of 2004.",negative
"""Ice Age"" is one of the cartoon movies ever produced by Blue Sky Studios and released in 2002 as the company's first. We are introduced to the main characters: a squirrel named Scrat (voiced by Chris Wedge, AND PLEASE NOTE: the sound of Scrat's screams is the sound of Tom's screams from the ""Tom and Jerry"" cartoons), a woolly mammoth named Manny (voiced by Ray Romano of ""Everybody Loves Raymond""), a sloth named Sid (voiced by John Leguizamo of ""Titan A. E.""), and a saber toothed tiger named Diego (voiced by Denis Leary of Pixar's ""A Bug's Life"").<br /><br />The movie opens with Scrat trying to bury an acorn and right after that, he caused an avalanche. We then see a herd going south for the coming Ice Age (except for Manny, who is going the other way looking for other mammoths that looked like him). Sid comes out of his cave yawning, and saw that his family abandoned him. He then pays toll with some aardvarks. Unfortunately, he gets pursued by Sylvia (voiced by Kirsten Johnston of ""3rd Rock from the Sun""), a female orange sloth, who wants Sid to go migrating with her. Sid eventually teams up with Manny, and they became friends.<br /><br />Meanwhile, nearby a human tribe, Soto (voiced by Goran Visnjic), an evil saber toothed tiger, wants revenge against the tribe's leader for wiping out half of his pack just by stealing his infant son, Roshan, away from him. In the morning, he, Diego, and Soto's henchmen, Lenny (voiced by Alan Tudyk), Oscar (voiced by Diedrich Bader), and Zeke (voiced by Jack Black) attacked the tribe, but the leader's wife escaped with Roshan and gave him to Manny and Sid to look after. Eventually, Diego joins them, and went on a journey to return Roshan back to his tribe, who are also looking for him as well. Relax and watch the rest of the movie and find out, okay? Besides Manny, Sid, Diego, Scrat, Sylvia, and Roshan, the supporting characters in there including a pack of wolves that Roshan's tribe are using, and not to mention a fat female purple sloth named Jennifer (voiced by Jane Krakowski), and a skinny female yellow sloth named Rachel (voiced by Lorri Bagley), to whom Sid shows them Roshan as they relax in a tar pit. Incidentally, the two rhinos, Carl (voiced by Cedric The Entertainer of PDI's ""Madagascar""), and Frank (voiced by Stephen Root of Pixar's ""Finding Nemo""), who go after Sid for ruining their meal and confront Manny on a cliff, are simple minor characters. Same went for the dodos, who are using melons as their food supply.<br /><br />The gags in this movie are very funny. For instance, Manny talks through his trunk saying, ""I'M NOT GOING!"" When Jennifer and Rachel are out of the tar pit, Sid asks Jennifer ""What do you say if we jump into the gene pool and see what happens?"" Jennifer then responds to him, ""What do you say if you go jump into the TAR PIT!?"" Rachel also then kicks Sid in the waist. Sylvia sees Diego holding Sid by the neck with his teeth, then she asks Sid if he's holding his breath, tells Diego to eat him, and promptly walks off.<br /><br />Since ""Ice Age"" is not only a success, but it has 2 sequels: the first one was ""Ice Age: The Meltdown"", which was released in 2006, and the other was ""Ice Age: Dawn of the Dinosaurs"", which is going to be releasing next year. I can hardly die waiting to see what ""Ice Age: Dawn of the Dinosaurs"" will be like.",positive
"Maybe it's just a personal affection for this screen version of the Mika Waltari novel, or a fondness for things Egyptian (I grew up loving to visit the mummies in Boston's Museum of Fine Arts) but I think Maltin is a tad tough on this rather good film. The production values are great regarding color and cinematography, and it appears some effort went into historical authenticity (much of it from the novel, I'm sure). Purdom is admittedly a bit stiff in the lead role, but one can accept this as part of Sinuhe's character. Victor Mature is, well, Victor Mature. Peter Ustinov is a delight to watch in this type of role, which he always did so well and so wittily. Bella Darvi's performance as Nefer is classically camp, and I find even Michael Wilding's rather dry portrayal of Akenaten to have its own appeal.<br /><br />The historical oddity of Akenaten's monotheism, a brief detour in ancient Egypt's theological history, is interesting, as is Akenaten himself, and well worth reading about; the religious wars portrayed here have a basis in fact.<br /><br />An interesting footnote regarding Darvi, whose birth name was Bayla Wegier: she was a Polish emigre who producer Darryl Zanuck and his wife Violet took under their wing (I believe they may even have adopted her). Her screen name Darvi is formed from Zannuck's and his wife's first names. She continued her acting career in France, but never achieved great success and, after a rather unhappy life, died at her own hand in 1971.<br /><br />Altogether this is an interesting film and enjoyable to watch for the visual values alone. American Movie Classics shows this occasionally in letterbox, which is essential to capturing the scope and sweep of the story.",positive
"Ladies and gentlemen: the show begins with this documentary film. It's structured in three chapters, each one chronologically arranged. The first presents the classical physics and links to Einstein. The second studies in depth the quantum physics and enters in String theory. The last reveals the Everything theory... The difficult concepts used here are introduced in a very simple way, with daily objects; although you must believe them without checking by yourself -if you are not a scientist- (and even if you are a scientist!!). The film is not a masterpiece by its fabulous technique or the way it's produced; what really imports is the story, and WHAT A STORY!!!",positive
"I may be a sentimentalist. But i found this movie truly moving. It was the first movie that reduced me to tears. And it did it more than once!! I recommend it to anyone both gay and str8. Religious or not! Supporting co-star Jackie Bisset stole the show, especially with her one liners. The nude scenes were superbly crafted as well, and all in were good taste. Most shocking was the portrayal of the orientation reversal deprogramming instituted by the Mormon church to the lead character. It shocked me that this still goes on in the world. Nevertheless I enjoyed this movie tremendously. This is definitely the best gay film since Torch Song Trilogy. And much better than the other gay movie offering that year - The Fluffer.",positive
"When you think of brilliant Australian comedy you don't think of Skit shows (Although I'm quite partial to a bit of 80's and 90's Full Frontal) or even Sitcoms - you think of SATIRE! Something that we Australians really know how to do well. (Eg: Front Line, The Micallef Program) We know how to take the pi$$, and The Chaser's War on Everything, is a classic example of how to do it, and how to do it really well. <br /><br />I've been a huge fan of Chris Taylor and Craig Reucassel for a long time. I remember listening to them on Triple J's afternoon show. They were, and remain, two of the funniest comedians around.<br /><br />Although I was sad when they left Triple J, I was excited to find out what they were investing so much time in that made them have to leave. (They were doing CNNNN and Triple J at the same time, so I figured this was something much bigger) And what an amazingly HILARIOUS show Chaser is. Biting political and social satire at it's best.<br /><br />I'm also pleased to say that it has recently received a MUCH better time slot than Friday nights and has been moved to Wednesday nights right after Spicks and Specks. THANK YOU ABC!! Finally I don't have to tape it! :)",positive
"I've always been enthusiastic about period dramas, an art form in which the BBC has excelled in the past. This presentation of ""Byron"" was unbelievable. Unbelievably bad! The script was dreadful, the acting uninspired, and all the characters woefully insipid. Apparently Byron was ""mad bad and dangerous to know"", and set the ladies hearts all-a-flutter. Not in this production. Here he appeared as a tawdry jumped-up little squirt instead of a fiery hero of womenfolk and the Greek struggle for independence. It is said that Byron walked with a limp. This portrayal of the man was just limp all over.<br /><br />I watched the whole two and a half hours waiting for something to spark into life. Not a splutter, not even a glimmer. It was utter tedium, if not downright boredom, from start to finish.<br /><br />Having the opinion that no-one will ever better the Bard of Avon, I also believe that Byron's poetry is over-revered and to my mind should be flung on the back burner, and this dramatisation of his life should be accorded the same treatment.<br /><br />I think the BBC lost its nous with this one",negative
"This movie is very much like ""Flashdance"", you know that dance flick with Jennifer Beals. That film is probably the most boring film I have ever seen since it's not even bad enough to be funny. ""G.I. Jane"" is much better than that film, but that doesn't say much. Here Demi Moore sweats a lot and there's high music and we get to see her fight and everything, but it is certainly not very engaging. I really think the idea behind the film is kind of interesting, but the script is too clichéd and Ridley Scott can't do anything about that. Well, like I said... It's better than ""Flashdance""... (4/10)",negative
"I bought this movie sight unseen at a sci-fi convention and I got what I deserved for doing something so silly. Simply put this movie is implausible, boring and unwatchable.<br /><br />I was so bored and disgusted with the lack of plot development that I turned it off to watch a repeat of Mythbusters. I understand that this was a very low budget move, or least it looked like a very low budget move, but that does not excuse the horrible acting, terrible plot and even worse camera work. It looks like something a group of college students did in between classes and getting drunk.<br /><br />Maybe if the villain wasn't so laughable and the plot was something that actually could happen in real life with respect to law enforcement it might become so bad it's funny. This movie isn't funny, it's just bad.",negative
"As Americans, we have come to expect crapiness as ""par for the course"" when it comes to HORROR and unknown directors directing unknown actors acting for unknown writers. We truly expect this to suck & when they don't suck,it becomes an over night success.<br /><br />This is NOT an over night success, nor is it an over the weekend or over the month success. This blows from start to finish and my only recommendation is this: GO INTO THIS KNOWING IT SUCKS, enjoy it for what it is, for what it isn't & if you have something better to do, keep this on the back WAY BACK burner. It's entertaining in the way watching the elderly cross a busy street during rush hour, but don't expect much-they almost never get hit by an actual car, its just a lot of hoopla.",negative
"I don't expect a lot from ghost stories, but I do expect a story to make a bit of sense! Is that asking too much from the screenwriters and filmmakers? When the bad guy, all of the sudden, becomes a homicidal maniac solely because a bunch of crows start pecking him, then I have a problem spending $9.00 for a ticket! Alfred Hitchcock would be spinning in his grave. Didn't anyone learn anything in their college Film 101 class? A good movie has at its roots an INTERESTING story!<br /><br />Here are some of the ridiculous messages in this movie: If you have desperate financial problems move from Chicago to the middle of no-where in North Dakota to grow Sunflowers (I kid you not!). If your toddler has serious neurological problems from a car accident move away from some of the best hospitals and speech therapists in the country to an isolated small town, which, at best, has a community hospital. Hire a drifter to live & work with you, out of the blue, without checking any references, when you have a teenage vixen daughter, a wife and toddler. ( I'm glad they're not my parents!) <br /><br />A town where everyone knows everything would have no problem missing a triple homicide, just outside of town. And, of course, blame the man's lunacy on a bad crop of Sunflowers! (Doesn't anything else grow in North Dakota?) A couple of days after you buy your rundown house - with huge vines growing everywhere - that it reminds you of Jack and the Beanstalk, a guy from the X-Files, ala Smoking Man, (I'm glad to see the cigarettes didn't get him, I guess he doesn't inhale!) will just suddenly sneak up on you while you're working to offer you the sale price of your home, plus 15% more, for absolutely no reason!<br /><br />I think you get the picture. I have seen so many godforsaken awful movies in the past month, it just blows my mind! Is it that difficult to make a movie that doesn't treat the audience like an idiot? I'm glad at least the crows in this sorry film turned out to have the some brains! I wish I could say the same for whomever thinks they are going to make money off this celluloid piece of trash!",negative
"Excellent performance. There still are good actors around! Also great directing and photography. Very true to Shakespear, and a 'must' for all Shakespear fans. Macbeth (Jason Connery) moved me to tears with his final monolog (out brief candle, out)He gave the sphere of moral decay and dark forces a human face, which makes it the more interesting. Helen Baxendale is a very credible lady Macbeth who can be very cheerfull at times and sometimes she just looks like a naughty girl, but deadly in her taste for blood and evil. If you love death and decay, and Shakespears lyrics... this is the one.",positive
"this isn't 'Bonnie and Clyde' or 'Thelma and Louise' but it is a fine road movie. it sets up its two main characters gently and easily. viewers learn the underlying tensions quickly, which is a tribute to the director. there is the young french (and English) speaking son who wants to do well in France, has a french girlfriend and who drinks alcohol, parties as young men do. And there is his moroccan arabic (and french) speaking father who devoutly follows his Muslim faith, with generosity and the wisdom of elders and who rejects the new culture surrounding him (like mobile phones). the film could explore very powerful politics - the odd couple drive thru the former Yugoslavia, thru Turkey and then thru the Middle East to get to Mecca. these are areas where the Muslim populations have been involved in wars, repression, ethnic cleansing; where dictators have pursued torture and summary executions to hold power and where religious communities are in constant deadly battle with each other. yet the film moves thru those places and possibilities with only hints of such agendas. the relationship between the two is key to this film, and faith, politics are the backdrop. it seems to be saying that we are all human, and need to understand and care for each other in order to manage well in this world. it certainly isn't 'Natural Born Killers' and is all the better for it.",positive
"I really wanted to like The Pillow Book. Intriguing story, interesting character outlines, Ewan Macgregor in the utterly glorious altogether. Unfortunately, I hated every minute of it. Greenaway got so enamoured with presenting the movie uniquely, and not to the film's benefit. I won't even get into Vivian Wu's abysmal acting.<br /><br />You get distracted from the story with 4 billion teeny windows and calligraphy that rolls on the bottom of the screen displaying the lyrics of the music that's playing. It seems he lost sight of presenting the actual story and developing the plot, and got entangled with foo-foo embellishments that have nothing to do with anything. It's a bit like presenting a John Singer Sargeant portrait in a chintzy Hallmark frame that says ""GRANDMA LOVES ME!"" in big sparkly letters.<br /><br />This movie seems to be a casualty of the director auteur's ego instead of what it could have been - disturbingly and horrifyingly beautiful. In another director's hands (Jeunet? Coppola?), it could have been a masterpiece. In Greenaway's hands, it's best relegated to fine arts classes that also take themselves too seriously.",negative
"The one who says that Lucio Fulci is not one of the most important names in the history of splatter is probably mad.The Italian director is a legend among hardcore-horror fans,and his work exceeds the barriers of the genre(who can forgot his western,crime or fantasy flicks).This is probably his goriest film,and unfortunately one the last.A horror director(Fulci as himself) starts hallucinating about gruesome murders.He goes to a psychiatrist,who makes him believe he is the criminal.In this time,the doctor begins a long chain of serial crimes.With such a plot,the movie should have been filled with something.And there are roting corpses,crashed or melted heads,stabbings,decapitations,chainsaw dismemberment and many others.Kind of boring sometimes,the film is saved by the excessive violence that will definitely please the gore addicts.",positive
"I don't think a movie like this would be released today. It takes it's time to present the depth of the characters and the plot isn't full of twists and turns to keep you on the edge of your seat.<br /><br />But, what this film does have: an interesting study in how families' deal with grief. How when the language for healing and over-coming tremendous loss leaves us mute, and we rely on raw emotions instead. Grief without reason and patience is anger, even hate. And unfortunately, the lead character (a young boy who accidently shoots and kills his brother while hunting) in the film is given more than his fair share of it. He eventually leaves and moves in with his grandfather (Wilford Brimley) who makes it clear to him that it WAS an accident. I got the impression that this young man knew that in his heart, but needed to hear those words from his parents, and to receive their forgiveness.<br /><br />What I loved about this film: the lack of dialog. There was a tremendous emphasis on physical reaction, facial expressions. And the slower pace of the film allows you to really watch the reactions of the actors. Something we don't get to do alot of with today's films.<br /><br />",positive
"So, Steve Irwin. You have to admire a man who is not only willing to throw himself into a river that clearly is filled with crocs, snakes, lizards, tons of poop from the aforementioned reptiles, and mud, not only daily, but with enthusiasm. He was never able to make ME want to do it, but he managed to make his wife come close.<br /><br />This movie does not fall into my parallel universe of film category - the films for people who just had their teeth drilled, have a migraine, or have no film experience and therefore like quiet mediocrity (currently well populated by Disney films). It's too noisy. Well, Steve is too noisy. He's just so happy all the time, and would cut right through the blasé' teenager (I can hear it now: ""that movie was so STUPID"") or the Tylenol with codeine. I'd say his enthusiasm is catching, but if it was, I would own a room full of snakes, and that hasn't happened yet. I agreed they're beauties, but I'm still not going to pet them.<br /><br />Plot was indeed predictable. Bad guys were so bad, for a minute there I thought I was shopping at a consumer electronic superstore. But the movie was filled with animals, and Steve and Terri, which is why I watched it. That plot (if you could call it that) was really more of a reason to throw yet another croc in a truck. My expectations were low and stayed that way.<br /><br />I was hoping, though, that there would be a bit of a sequel, where Steve and Terri (having worked on their acting skills) have a movie with a real plot and more animals with fur. I still can't believe we won't see Steve anymore. I hope that Terri and the children continue to be involved in the Australia Zoo and the discovery channel, at least. I can't imagine seeing a crocodile without having some member of the Irwin family telling me forcefully how wonderful that croc is. Crikey!",negative
"When I first watched this show on Cartoon Network, I found it uninteresting. Then I read a lot of good messages about this show, and I decided to watch it. The show was so boring. Each episode was predictable. More, this show has no logic. Hypersmart girls, who are going to school and sometimes do such stupid things, 99% of episodes start with a Monster attacking Townswille, then Mayor (he is a real fool, he is NOT funny, he is so stupid, that I can't imagine how he became a Mayor). Professor, yes, supposed to be the smartest person in this show, but actually... He even found no difference between monster and his brother. Narrator's comments also make this show boring. Because they also have similar lines in the beginning of each episode and in the ending. Also the animation is very strange. Everything except main heroes is shown in an ugly way. Also in every epsode this show is giving you some life-lessons, and it means that it is oriented on little children, but if you look closer, you will see, that there is a lot of violence and even blood(!!!) during their battles.",negative
"This movie truly shows the farce and hypocrisy of Indian society. What it tries to show you is only ONE side of the story. The other side of the story is the hidden emotional and mental abuse of Indian children which this movie does not show.<br /><br />""Indian Parents"" are culpable for the following: a. Destroying the individuality of the children by making them completely dependent on the parents at a very early age. Such children grow up to be Adults only in physical looks but remain children in minds. Since everything has been provided to them by their great Indian parents, They children automatically do not feel the need to work hard at something or learn the basics of human communication with other human beings apart from their parents.<br /><br />B. I can show you so many Indian parents who try to prevent their kids making friends, going out or prevent them to do anything which starts making them to grow into adults.<br /><br />The reason why they do is the same selfishness. Indian parents ""expect"" their children to take care of them when they grow old. They do no savings for themselves and once they reach the age of 50...They cry out LOUD......We have grown old now and so we are dependent on you children since we have done the GREAT SERVICE of bringing you to this world and taking care of you and making you intellectually weak.<br /><br />Most of the Indian parents at the age of 50 have dilapidated bodies and health and are financially completely insecure. Most feel that they ABSOLUTELY have no need to take care of themselves since they ""expect"" their kids to take care of them.<br /><br />In the west the opposite of that happens. People start planning at the age of 20 about their retirement and once they retire they are financially secure.<br /><br />Indian parents do NOTHING of that sort since like I said they have brought the kids in the world and what better investment at that?.<br /><br />I am a victim of my Indian parents (i am sure there are countless other Indian kids like me), who have grown up physically but are still struggling with their lives on THEIR OWN and they continue to have pestering 50 year olds who cry out loud for HELP all the time.<br /><br />This movie shows only ONE side of the story.....UTTER piece of JUNK",negative
"You will be able to tell within the first 30 seconds of this film whether you want to finish watching it. The film opens with images of planes landing at an airport, one plane after another diving into a mirage-filled runway. You will be able to accurately guess that this movie is not about a ""story."" At first viewing, it's even easy to think the opening images are repetitive shots of the same plane. The initial drama is in the acuteness of your perception, which is built on your willingness to experience the film simply as a series of images. If after this opening, you want to see the movie, you will not be bored. You may even be mesmerized. The movie may be an emotional experience; it may be an intellectual experience; it may be both. Judging from the DVD commentary, which is essential, it was primarily an emotional experience for Herzog, and, at one point, he talks explicitly about how the film is a collaboration between filmmaker and viewer. There's plenty of room for the viewer to make of this film exactly what he or she wants to make of it. Take a gamble?",positive
"I loved this movie. To be very fair, the movie starts off very slowly, with none of the characters being terribly sympathetic. It continues in this way for a good half of the film.<br /><br />But, if you're patient, you'll be greatly rewarded. What the first half of the movie lacks in character development and/or sympathy is adequately compensated for in the second half. It's a bit like riding a roller coaster - a slow, uphill climb to strat off with, and then speed, twists and turns, and a few surprises.<br /><br />As usual, Meryl Streep is wonderful. She is the finest actress of our time. William Hurt is good, if a bit wooden in spots. Renee Zellweger does a very good job, showing that her performance in Jerry McGuire wasn't a fluke.",positive
"I saw this film on True Movies (which automatically made me sceptical) but actually - it was good. Why? Not because of the amazing plot twists or breathtaking dialogue (of which there is little) but because actually, despite what people say I thought the film was accurate in it's depiction of teenagers dealing with pregnancy.<br /><br />It's NOT Dawson's Creek, they're not graceful, cool witty characters who breeze through sexuality with effortless knowledge. They're kids and they act like kids would. <br /><br />They're blunt, awkward and annoyingly confused about everything. Yes, this could be by accident and they could just be bad actors but I don't think so. Dermot Mulroney gives (when not trying to be cool) a very believable performance and I loved him for it. Patricia Arquette IS whiny and annoying, but she was pregnant and a teenagers? The combination of the two isn't exactly lavender on your pillow. The plot was VERY predictable and but so what? I believed them, his stress and inability to cope - her brave, yet slightly misguided attempts to bring them closer together. I think the characters, acted by anyone else, WOULD indeed have been annoying and unbelievable but they weren't. It reflects the surreality of the situation they're in, that he's sitting in class and she walks on campus with the baby. I felt angry at her for that, I felt angry at him for being such a child and for blaming her. I felt it all.<br /><br />In the end, I loved it and would recommend it.<br /><br />Watch out for the scene where Dermot Mulroney runs from the disastrous counselling session - career performance.",positive
"The first film had little ambition so nothing sticks to the screen. It was a bad version of 'Back to the Future' with zero charm. Once accepted that Bill & Ted are nitwits, the joke can only get hammered at the audience for so long before it breaks.<br /><br />This is a surprise. This is your only spoiler warning...<br /><br />By today's standards, this is more fun. This was shunned upon release, sad considering that more talent is involved than the first time. We get the photographer of 'Face/Off', the editor of 'Fugitive', a production designer from Burton's early work, and the sound designer of 'Matrix'.<br /><br />The writers made up for their shallow first outing with something deep. Since this was shunned by the fanbase and public, the director probably decided the style was too extreme. It's not, it fits the material. Like 'Death Becomes Her' and 'Catch-22', this dares to be smart, but we like our movies ""simple"" so we don't buy it. Probably since this dared to be different is why it took 12 producers to pull it off. What's so good?<br /><br />--Nice self-reference towards Keanu; from airhead to Messiah. See also Arnold Schwarzenegger.<br /><br />--Joss hates his creations as much as he hates their counterparts, he makes his own hatred. The Evil B&T and the ""good robot usses"" have the same vocabulary as their originals: lesser copies and depreciation of language.<br /><br />--The ""duality"" motif. Nowhere else is this evident than in the photography styles, lots of high and low angles. They even use Roy Brocksmith from 'Total Recall' to emphasize the point.<br /><br />--The ""choices"" motif. I don't know where this started in the genre (maybe 'Ghostbusters'), but it's used pretty well here. It even boils down to the 7 games against death--Battleship and Club.<br /><br />--Film self-reference, even present in the game against Death (Clue). This is smarter than Tarantino or Brooks. Notice the Premier magazine cover at the end: ""Bill and Ted: The Movie."" Ironic also how Death and Nomolos were villains in the 'Die Hard' and 'Lethal Weapon' sequels.<br /><br />I still have some minor nits, but nothing compared to the original. Music and film are different mediums so it makes no sense why many scripts revolve around the former--particularly in the teen market. Carlin is a great comedian, but in these movies he's wasted. Also, for all the daring this effort shows, even cracking gay jokes, they can't kill a cat?<br /><br />So, despite looking like a Nickelodeon production, this is incredibly interesting. From this movie we got Beavis and Butt-Head. ""We're in Heaven and we just mugged three people."" <br /><br />Final Analysis = = Midrange Material",positive
"this was a favorite Christmas Special that I wish that they would release on vhs or dvd , since my 33 RPM got lost,and any cassettes I made are also long gone.<br /><br />I am not even a big John Denver fan but was very impressed with the music , which was mostly traditional favorites with a muppet spin ( esp Little St. Nick ! ) It also contained a few little known songs ( original ? ).<br /><br />Even though it was done at the end of the '70's this show had a timeless feel to it. Hoping to find a copy soon !!!",positive
"The show had great episodes, this is not one of them. It's not a terrible episode, it's just hard to follow up ""The man that was death."", ""All through the house"", and ""Dig that cat, he's real gone.""<br /><br />This episode is about a couple that has just been married Peggy (Ammanda Plummer) and Charles (Stephen Shellen). In the first five minutes you find out that Charles only married Peggy for her money. The two go on their honeymoon and their car breaks down on a dirt road and they have to seek refuge in an old abandon mansion. Charles soon finds out a secret of Peggy's family...<br /><br />In my opinion you should watch this episode, but just don't expect the same feeling as the rest of the episodes in the first season.",negative
"Jim Carrey is one of the funniest and most gifted comedians in film today. With his hyperactive spontaneity and his rubber face he can just go crazy, and we love him for it. He has the ability to make mediocre comedies (ala Ace Ventura), and turn them into decent comedic outings. Or, in the case of 'Liar Liar', make them some of the most hilarious contemporary comedies around. Carrey has also proven himself capable of tackling dramas. He was excellent in both 'Man on the Moon' and 'The Truman Show.' The guy is remarkable.<br /><br />Then comes 'Bruce Almighty,' an ideal vehicle for Carrey, and a premise that should have worked; Carrey, after complaining about God and how his life stinks, is enabled with God's powers. However, the script is pure recycled garbage. Now, no matter how bad a script is, Carrey's improvisation alone sometimes makes an unfunny scene funny. The problem is that there are very few opportunities for Carrey to be unleashed because so much of the comedy relies on silly special effects, only some of which are amusing. Carrey is rarely able to improvise because he has to work around the special effects. The writers apparently thought that all these special effects and superpower sequences were funny, because the rest of the movie is simply filler giving Carrey nothing else to work with besides a whiny character who is absolutely humorless. He seems more like a 5-year yearning for our attention, wanting the viewer to find what he is doing funny, when it's really just annoying.<br /><br />I have always enjoyed Jennifer Aniston on 'Friends' and she was superb in last year's 'The Good Girl.' She too has a gift for comedy, but with the script as linear as it is, she is simply given the part of the bitter girlfriend. She comes across as nagging, grumpy, and there is no chemistry between the two stars.<br /><br />'Bruce Almighty' should have been a comedy that works. But it doesn't even have the guts to tackle the subject matter that it's making fun of; religion. A few minor giggles (his internet is Yehweh), but instead it's just turned into a comedic superpower comedy. Not to mention that it's tone shifts from silly to heavy-handed, and even black comedy at times. The movie fails on nearly every level. That's not to see it is entirely devoid of laughs, but it's close. Any movie that feels the need to incorporate scenes of a dog peeing to get it's laughs has problems. But hey, if you find pee jokes funny, go for it.<br /><br />",negative
"Great movie. I was laughing all time through. Why? Well, I am from Austria, I can get along with the German (Bavarian) kind of humor. So I guess this movie makes only sense watching when you are German native speaker. Stefan and Erkan both are talking in a new kind of turkish-german accent, which became really popular in our Countries (GER & AUT). But of course they are very stupid. As in every comedy your personal humor will decide, whether thumb up or down.",positive
"I would reccomend this film to everyone. Not only to the fans of the rocker Luciano Ligabue, but to all film-buffs. Because it's sincere, moving, funny and true. Because Ligabue is a born storyteller and a film lover, and every frame of his film is made with love and care. Because his characters are loved and ask to be loved. Because most of the Italian debut films are lousy and this one, done by an outsider, is a real joy to watch and to listen at. Because Stefano Accorsi is gorgeous and reminds me of Andrea Pazienza, who was, like Freccia, beautiful and talented and good and lost his life because of the heroin, that Ligabue shows as it is, unglamorous and ugly, without indulging in easy moralisms. Because it's a film that speaks to our heart, our ears, our souls. And because I lived the experience of the FM radios and it was exactly like that. Thanks, Luciano!",positive
"It's rare that I come across a film this awful, this annoying and this irritating. It is without doubt one of the worst films I've ever seen.<br /><br />The plot, when it's not a blur of confusing and pointlessly over flashy editing, is ludicrous. Why did Domino become such a bad-ass tough bitch? Because her gold fish died when she was a kid and this ""traumatic"" event left her emotionally stunted, and hating everyone. When the dialogue is not clichéd or banal, it's littered with laughable lines such as: ""There are three kinds of people in this world: the rich... the poor... and everyone else"". At one point the bounty hunters have some guy tied up in the back of their bus who has a combination number tattooed on his arm. Because of a confusing mobile phone call, instead of rolling his sleeve up and just reading the number, they blow off his arm with a shotgun. At another point, the bounty hunters take a bomb to a meeting arranged with the mafia and threaten to set the bomb off unless the mafia let them go!? Clearly not going to the meeting would have been just too easy.<br /><br />Keira Knightley is unconvincing and dreadfully miscast. Mickey Rourke does manage to salvage some credibility from this mess.<br /><br />I have enjoyed some of Tony Scott's previous films, True Romance being one, but all I could think while suffering this drivel was that it must have been made by a complete idiot.",negative
"This movie has got to be one of the worst I have ever seen make it to DVD!!! The story line might have clicked if the film had more funding and writers that would have cut the nonsense and sickly scenes that I highly caution parents on.... But the story line is like a loose cannon. If there was such a thing as a drive thru movie maker-this one would have sprung from that.It reminded me a lot of the quickie films that were put out in the 1960's, poor script writing and filming. <br /><br />The only sensible characters in the whole movie was the bartender and beaver. The rest of the film, could have easily been made by middle school children. I give this film a rating of 1 as it is truly awful and left my entire family with a sense of being cheated. My advice-Don't Watch It!!!",negative
"I read somewhere (in a fairly panning review) that this is something of a live-action mecha anime, and I think they're on the right lines. I first watched this movie when I was very young and I've been dying to see it again, and when I finally did just recently all the memories came flooding back. I don't think this is to be taken too seriously - it's just a bit of good old 80's almost-a-TV-movie fun (it is set against the backdrop of a fairly dark future, although this point isn't stressed too much). What I admired most about this movie was that the dialogue didn't sound generic - no clichés, no predictable lines - all in all just good fun! Maybe time hasn't been kind to this little movie, but still I can find appreciation for it in me. It's by no means perfect, but it's entertaining and doesn't try to be anything other than that. Let the nerds and comic-store-guys worry about technicalities - who cares? See it for yourself and make your own decision. No-one else's opinion matters.",positive
"(aka: The Bloodsucker Leads the Dance)<br /><br />Lots of naked babes in this one with a couple of lesbo scenes thrown in. The film is supposed to take place in Ireland but it looks more like Rome and the Adriatic to me.<br /><br />Gothic lesbians get invited to a Count's island castle for the weekend. One by one they seem to be missing their heads due to a madperson running around.<br /><br />It's not very scary or bloody and the rooms look like they are lit with floodlights even though candles are lit. Go figure...(sic)<br /><br />Dubbing is worse than usual and the plot only serves as an excuse for the eroticism and nudity. Directed by euro horror actor Alfredo Rizzo, this is one snoozer.<br /><br />Pretty boring 2 out of 10",negative
"It takes patience to get through David Lynch's eccentric, but-- for a change-- life-affirming chronicle of Alvin Straight's journey, but stick with it. Though it moves as slow as Straight's John Deere, when he meets the kind strangers along his pilgrimage we learn much about the isolation of aging, the painful regrets and secrets, and ultimately the power of family and reconciliation. Richard Farnsworth caps his career with the year's most genuine performance, sad and poetic, flinty and caring. And Sissy Spacek matches him as his ""slow"" daughter Rose who pines over her own private loss while caring for dad. Rarely has a modern film preached so positively about family.",positive
"I don't know how expensive was the creation of this movie but the effects were awful. Half of the movie was filmed on stage in front of a movie canvas (that's sure that blue box wouldn't look so artificial). When they traveled on a boat, the background canvas was moved imitating the movement of waves but the characters weren't moving. The CGI effects: terrible (I am not sure but I guess the effect were created with Paint and made a GIF sequence of them - next time the creators should hire a professional CGI maker team). It looks like the CGI creator would have drawn on the picture strip with shaky hands. Awful, that's sure. When I first saw the trailer, I thought it was created in 1983. One of my friend told me the correct date: 2005. My jaw dropped, I was so shocked, I thought he was kidding. People, I recommend you to skip this movie, the story is also twisted, you won't enjoy it.",negative
"almost 4 years after the events of 911, if asked what comes to mind about that day, most people would probably comment on things such as the sight of planes crashing into and the collapse of the twin towers, the scores of people being killed, acts of terrorism and heroism mixed together, etc. everyone who was alive at the time will never forget that day. yet for most of us the memories, although moving, are not on a personal level. now comes an extraordinary film which gives everyone who did not lose a friend or a family member a chance to become involved at a personal level in just what we lost on 911. this is a film that needs to be seen.",positive
"I saw this picture in 1940 for $.11 and I would like to secure a DVD in 2006 The film was the greatest adventure of the time and,like all epics,is still an entertainment marvel (B&W and all)You get a sense of real bonded friendship in the chemistry between the actors and the performances of Sam Jaffe & Eduardo Cianelli are outstanding (This could not be done today I particularly liked the ending where the colonel recites the end of Kipling's poem over the body of Gunga Din and tells the ""Untouchable"" ""You're a better man than I am Gunga Din""They don't make movies of this character today.The only cast member that is still alive today is Joan Fontaine",positive
"Faith and Mortality... viewed through the lens of an elderly Ashkenazi Jewish-American gentleman and a younger, African-American Jewish gentleman who waver between being at odds with each other and having frank talks about how their lives have unfolded over the years..<br /><br />Mostel's character is a tailor with chronic back problems, and a terminally ill wife; Belafonte's character is a career hustler, never settling on a regular job, and a fatal car accident leaves him in an odd Purgatory-- he must convince Mostel to renew his faith, as it has been failing along with his wife's health (and his own).. but Belafonte's Levine has his own problems, still pining for the girlfriend he left behind..<br /><br />Belafonte's character leaves the film before he seemingly should, and so the the ending is cryptic, and the film suffers somewhat from its ambiguous ending..<br /><br />This is not a 'typical' Hollywood movie on ethnic relations or about a person's crisis of faith.. it is worth watching more than once and appreciating the excellent performances of the principal actors..",positive
"Perhaps once in a generation a film comes along that is perfection. For me, ""The Railway Children"" is that film - a timeless classic that was directed and performed most beautifully. It depicts all that is worthwhile in humanity and climaxes in the conquest of love and faith over cruel injustice. Every performance is a gem, though Bobbie stands out and, like Judy Garland as Dorothy before her, Jenny Agutter makes it impossible for us to imagine anyone else in the role.<br /><br />The world is all the better for this film and the children of today would be much the better for watching it.<br /><br />Of course, like so many young men of my generation, I fell hopelessly in love with Jenny Agutter and her hold was as strong when I had the great good fortune to meet her a few days ago - the bewitching smile and voice like dripping honey were still there to send me weak at the knees as they first did all those years ago!",positive
"Every once in a long while a movie will come along that will be so awful that I feel compelled to warn people. If I labor all my days and I can save but one soul from watching this movie, how great will be my joy.<br /><br />Where to begin my discussion of pain. For starters, there was a musical montage every five minutes. There was no character development. Every character was a stereotype. We had swearing guy, fat guy who eats donuts, goofy foreign guy, etc. The script felt as if it were being written as the movie was being shot. The production value was so incredibly low that it felt like I was watching a junior high video presentation. Have the directors, producers, etc. ever even seen a movie before? Halestorm is getting worse and worse with every new entry. The concept for this movie sounded so funny. How could you go wrong with Gary Coleman and a handful of somewhat legitimate actors. But trust me when I say this, things went wrong, VERY WRONG.",negative
"I want to state first that I am a Christian (and that I do work in the film and TV industry) so I understand what it is like to work on a feature length film so props to the filmmakers in that regard. I'm all for positive, uplifting messages if they are true to the nature of life (that this is a fallen world and that things don't always work out ... even for followers of Christ). I'm glad that others are having such overwhelmingly positive reactions to the overt Christian message; for me it was just that the execution is where the film fell on its face. A movie lives and dies on its story and here you have one dimensional stereotypes, exposition aplenty, and spontaneous changes in character behavior that are inexplicably to say the least. I believe that a film does not have to club you over the head with its message to get the point across. I'm sure the Kendrick bros. will improve with time and that their storytelling methods will as well. Maybe they could direct someone else's screenplay as their next project.<br /><br />* Sports films are not exactly my first love but a good one (Hoosiers, Field of Dreams, etc) can inspire in a multitude of ways. If you would be interested in a PG-rated film that inspires, give Steven Soderbergh's 'King of the Hill' a look. All truth is God's truth ...",negative
"Can I just start by saying I'm a fan of bad movies. And this is a really bad movie. It states on the front 100 passengers, 3000 snakes, but I think it's more accurate to say 12 passengers and about 20 snakes.<br /><br />The snakes don't do anything particularly interesting, the whole movie in fact just blunders on with little happening. Although there is occasionally a great gore shot of pulsating arms and green goo puke (bad movies have to have green goo don't they?).<br /><br />But then the ending comes along and will quite literally smack you off you seat in hysteria. and for that, this movie gets a boost up to a 2* rating.<br /><br />There are certain movies about in the world that you will want to show to your friends, just so you can watch there reaction when a certain event happens in them.<br /><br />For example The arrival of 'Big Man' in R Kelly's 'trapped in the closet' 'The LINE' in 'Shark Attack 3' (you'll know it when you hear it) The arrival of the mama shark in 'Shark Attack 3' Almost every scene of 'troll 2' The ending of 'Dracula 3000' (just for utter disbelief and confusion) and the end of this movie proudly sits in this category. It's worth sitting through just for that. So get drunk, stoned, whatever your poison is and watch this movie with some mates.<br /><br />Quite simply, if you like bad movies, get this, but don't get it confused with 'Snakes on a plane' ... there's no relation.<br /><br />And don't pay more than a fiver for it either ....",negative
"After watching about half of this movie I noticed something peculiar ... I found myself constantly switching through tv-channels to see what else is on - not exactly a good movie trait.<br /><br />This movie is listed as being in a number of genres, and I must say it mostly failed misserably in every one of them. 80% through the movie I switched over to watch an old rerun instead. Bottom line - the whole movie felt as if the ones making it didn't exactly know what to make and ended up in a concoction with no discernable taste.",negative
"This movie is a true reflection of the Australian resourcefulness that has been required to make this country what it is over the last 200 years. Not pompous like the British, not Gung-Ho like the Americans. If either of those countries had attempted what this crew did, it would have failed dismally. Either due to ignorance on the British part, or too much faith in superior firepower on the American side. ""True"" Australians (i.e. non-imports) are the only ones who can excel in modern military conflicts because they have had to improvise most of their adult lives. Just look at examples like Gallipoli; Paschendale; Tobruk; New Guinea and Vietnam.",positive
"Hard to believe this was directed by Fritz Lang since he mostly directed crime dramas and mysteries. This movie has a cast that includes Robert Young, Randolph Scott, Dean Jagger and John Carradine. Scott plays an outlaw who tries to go straight and leave his old gang and winds up saving Jagger's life. Jagger works for Western Union, a telegraph company that plans to have telegraphs out west. Jagger hires a lot of men to make sure it is done because they have to worry about Indian attacks and bandits. Scott is in charge of the men and Young is a telegraph expert who can't shoot a gun but can ride. Scott meets up with his old gang who want to stop them but Scott can't tell anyone. It's a pretty good western and Lang should of directed some more westerns.",positive
"The very first talking picture has returned from oblivion, and now you can hear it and see it! In autumn of 1894, at the Edison lab complex in West Orange, New Jersey, Thomas Edison's associate William Dickson tried to combine two existing technologies (the phonograph and the kinetoscope) to record sound and image together. In the event, Dickson was unable to synchronise the playback of sound and image, so this experimental film was never released to paying audiences ... and consequently (unlike many silent films which Dickson made for Edison at this time) it has no official title. The silent image (recorded at 40 fps) has been in the Library of Congress for years, known to film historians as a mute curiosity. It was also known that the 'soundtrack' had been recorded on one of the crude wax cylinders languishing at the Edison National Historic Site ... although nobody knew which one.<br /><br />But now that's changed. Recently, curators located the wax cylinder, which had broken into several pieces. These were reassembled: a playback was obtained, and the sound was digitised. Hollywood's veteran soundtrack editor Walter Murch cleaned up the background noise and tweaked the digitisation to make it synch with the film image, which Murch had digitally compressed to 30 fps. Sound and image are synchronised at last!<br /><br />The film begins with an offscreen man's voice calling: 'The rest of you fellows ready? Go ahead!' (The unseen speaker remains unidentified, but was probably Dickson's assistant Fred Ott.) On screen, Dickson plays a violin into an immense funnel mounted on a tripod (one of Edison's sound-recording devices) while alongside him, in full view of the camera, two male lab assistants embrace each other for some quick ballroom dancing to the tempo of Dickson's music.<br /><br />The film lasts barely 17 seconds: just long enough for us to marvel at this crude technology before being provoked to laughter at the sight of two men waltzing in each other's arms. Speaking of which, here's a WARNING: a well-known but extremely inaccurate reference book ('The Celluloid Closet', by the late Vito Russo) includes a frame enlargement from this movie and identifies it as 'The Gay Brothers'. That's incorrect. 'The Gay Brothers' is an entirely different movie, made by Dickson at the Edison lab during this same period. 'The Gay Brothers' never had a soundtrack: it's a brief fiction film about two brothers who are NOT 'gay' in the sense Russo meant it. The deceased Mr Russo, for his own reasons, wanted us to perceive Dickson's experimental sound film (arguably the first movie musical!) as an artefact of 19th-century homoeroticism. (Hmm, what is it about gay men and musicals?) Sorry, but there's just no such content here.<br /><br />This vitally important film deserves a rating of 10 out of 10. I've often maintained that no 'lost' movie should ever be considered irretrievable unless it was deliberately destroyed: I'm delighted to report that this film is finally available to audiences as its producer intended it, more than a century after it was filmed!",positive
"Gene Hackman gets himself busted out of prison by a nameless government agency who want him for an assassination. It's a given of course that Hackman has the proficient skills for the job.<br /><br />Nobody tells him anything though, he's given as the audience is given bits and pieces of information. That's supposed to be suspenseful, instead it's annoying and boring. <br /><br />Hackman goes through with the mission, but the getaway is messed up and the guy at the top of this mysterious entity orders everybody dead to cover it up. So everyone in the cast dies and at the end you don't really care.<br /><br />One of the other reviewers pointed out that the film was originally twice as long, almost three hours and got chopped down quite a bit. Maybe something really was lost in the translation, but I tend to think it was a mercy act on the audience.<br /><br />A very talented cast that had people like Richard Widmark, Candice Bergen, Mickey Rooney, Eli Wallach, and Edward Albert is so thoroughly wasted here it's a crime. <br /><br />And we never do find out just what federal agency was doing all this, the FBI, the CIA, the DEA or even the IRS.",negative
"Well you take O.J. Simpson as a all american soldier turned all american bus driver who decides to rescue his passengers on his own just incase no one else is going to and Arte Johnson in an absolutely straight role as the tour guide who doesn't know what to do but doesn't want to admit they are in trouble and combine it with Lorenzo Lamas as one of three baby faced bad boys who intend to kidnap an heiress and leave a busload of people to die on the dessert and you have got to have action, plot twists and a lot of drama. Everyone was good but seeing Lamas as the baddest of the bad boys really blew my mind. He was much too believable as the overbearing bad guy who not only wanted to kidnap the heiress but rape the women and humiliate the guy who tried to stop him. This was evidently long before he cultivated his good guy image. And believe me a 20 year old Lorenzo in tight jeans you really don't want to miss!",positive
"Now I had the pleasure of first viewing Contaminated Man when it premiered on TV back in December of 2000.<br /><br />An infectious disease expert (William Hurt) looses his family when an unknown disease enters his home and kills them. Now some years later he is now in Russia or someplace. I'm not sure where exactly, all I know is it takes place somewhere in that area. Anyway, because of budget cutbacks at an infectious disease laboratory, they are forced to lay off most of their workers. One of them, a disgruntled security guard named Joseph Muller (played Peter Weller, best known for his role as the indestructible Robocop) goes in there and demands that they give him his job back. He needs this job because he is divorced and he needs it to pay child support. So he goes in there, a fight breaks out, and some things get knocked over, dangerous things. It's soon discovered that Muller has been infected with a deadly pathogen. In fact it's so deadly, one drop of his blood will kill a person in matter of seconds. Soon word gets out and the disease expert (Hurt) is called in to investigate and he later teamed up with an American reporter. Now Muller is determined to get home to see his wife and son and will stop at nothing even if he has to infect the entire Russian population.<br /><br />Now as I said before this film is a lot like Falling Down. We have a disturbed person (Weller here, Michael Douglas in Falling Down) who will stop at nothing to accomplish there goal even if they have to kill a few people in the process. Next we have a hero-type person (Hurt here, Robert Duvall in Falling Down) who is both sympathetic and determined to stop the antagonist.<br /><br />Contaminated Man is in fact a very good film with a good story line and some very good performances.<br /><br />8/10",positive
"Within the first 5 minutes of this movie I knew I was in for one of those ""pick at the faults"" kinda movie. The acting was terrible, the script was even worse. Who ever let these people write write such crap for a movie need to be feed the Komodo's themselves. With Russian Mig jets posing as U.S. Air Force jets, and pistols that can miraculously shoot 50 - 60 rounds rapid fire without reloading is poor detail to any story. In one scene komodo are killing special forces troops at night, while in another they are explaining how the komodos and cobras are cold blooded and don't come out night!!!! Also with fantastic special effects available in today's movie industry, they were only average even for this low budget movie.<br /><br />All that being said, I did watch it to the end curious as to what other wonders bad film making could produce. Shame Shame Shame, for producing such rot!!!<br /><br />This movie should have been left on the cutting room floor!!!",negative
"This movie lacks in everything. Except Bobby deol, who in his own standards is mediocre, no one in this movie has come close to act in a single scene. Kangana is complete fake in her acting.<br /><br />The great Anupam Kher has a guest appearance and is better in those 2 minutes than bobby in the whole movie. The music does'nt compliment the movie<br /><br />that well. The contrast in Music between Bobby and Upen is not highlighted that well. Great concept gone completely wrong. The movie does'nt have a proper ending. Please don't waste your time as i did on this movie",negative
"I found this movie really hard to sit through, my attention kept wandering off the tv. As far as romantic movies go..this one is the worst I've seen. Don't bother with it.",negative
"Even if it were remotely funny, this mouldy waxwork of a film would still be soberingly disrespectful. Stopping just short of digging up the boys' corpses and re-enacting 'Weekend At Bernie's'  but only just  producer Larry Harmon and the director of the frickin' 'Ernest' films use holding the copyright as an excuse to crap all over Stan and Ollie's legacy. Gailard Sartain does a fair Ollie impersonation but Bronson Pinchot wouldn't reach tenth place in a Stan lookalike contest; even if they were both spot on the film would be no less detestable. The less said about the surrounding catastrophe the better. Makes 'Utopia' look like a dignified swan song.",negative
"A labor of love. Each frame is picture perfect and grabs you. Then the sheer emotion and story-telling take you through a dream that stays with you long after the movie. The director gets your heart and leads it through 100 minutes of visual poetry. You are a part of the emotional ride of the characters. I have seen this movie at 2 festivals and it got with standing ovations at every showing. The remarkable story-telling transcends nationality and language and I felt I was a part of the drama unfolding before me. The casting is as perfect as one can get. Vijay Raaz, Camille and Benoit each hold their own. <br /><br />I strongly recommend this film to everyone who appreciates good cinema. I can't wait for the commercial release of this movie.",positive
"I had a heck of a good time viewing this picture, and was splendidly surprised at its more erudite features. First off, the film is undeniably cheaply-made with its cardboard sets, limited settings, and creative scientific props. The acting ranges from very poor(the two strippers), barely professional(Herb Evers as the leading man), gothic overstatement(Leslie Daniels as the assistant Kurt)to first-rate with Virginia Leith in the title role as the headless victim alive against her will for the benefit of science and her fiancee's lustful passions. The scripting though is very good and the dialogue is fantastic for a movie of this ilk. Issues abound about what role science and medicine have in our lives and what their boundaries should be. This film is a thinking film in many ways. However, don't be too fooled by its real intent. It is a sleazy story about a man obsessed with his aptitude in medical science who wishes to fuse together his dead girlfriend's head with the perfect body, thereby creating the perfect woman for a man with the best of both body and soul. One other very bright aspect of the film is the sax music which resonates strongly every time the doctor scours town for female beauties.",positive
"DOCTEUR PETIOT, starring Michel Serrault, is a brutal story about a brutal man. A doctor who heals the sick in occupied France, even if their ability to compensate is not there. Yet, he preys on the weakest amidst the populace. The imagery and cinematography are superb, and lend an additional macabre feeling to this complex story. He is the perfect psychopath. Seductive and altruistic, intelligent and caring, calculating and murderous. A movie certain not to be forgotten soon by the viewer. Kudos to Mr. Serrault, for his chilling portrayal.",positive
"Basil Rathbone and Nigel Bruce as Sherlock Holmes and Dr. Watson respectively, the second of the Universal series, where it's again established by means of a written prologue that the famed detective is legendary and spans time. This helps to comfortably set things up here in the ""present"" era of the early 1940's.<br /><br />In this offering, Holmes goes through a few different disguises (with Rathbone's very prominent features, is it likely that people really wouldn't recognize his true identity?) as he protects a physicist from the hands of the Nazis as well as from Holmes' greatest nemesis Professor Moriarty (now played by Lionel Atwill). The scientist has developed a bomb sight which will greatly aid in aerial bombardment, and he's promised his plans to the British. But Moriarty wants to get hold of it so he can sell them to the Nazis.<br /><br />A good entry boosted a bit by the participation of the properly villainous Atwill now cast as Moriarty (though George Zucco was no slouch himself in THE ADVENTURES OF SHERLOCK HOLMES). It's always intriguing watching Holmes and his greatest enemy engaging in witty banter together (""the needle to the last, eh, Holmes?"").",positive
"This dumb comedy really does a good job of wasting comedic talent. In particular, Dan Aykroyd and Howard Hesseman are misused badly here. I might have chuckled once or twice during this film, but in general, it's a boring movie, with a little bit of stupidity thrown in for good measure. The premise, although routine, still wasn't bad, but once the plot was set, the film went nowhere. Don't waste your time with this misfire.",negative
"I saw this movie in Blockbuster and thought it might be a good Sunday evening movie when there is nothing else to do. So I bought it used, 3 DVDs for $25. Although it was cheap, my money would have been better spent on a nail to drive through my foot.<br /><br />The film started out nicely. Kinda Dark and mysterious. I was always enthralled with vampire and samurai movies as a kid. I thought the combo would be really cool. The first fight scene was pretty cool. I was excited for the rest of the movie. Then the movie took a serious nose dive.<br /><br />I understand that this was a big hit in the east. I guess because of the twins. I don't see it though. This movie, aside from the first 10 minutes, was absolutely horrible. So many movies in this genre have the potential to be great, and blow it terribly. This is just another casualty.<br /><br />Jacki Chan's role in this film doesn't make any sense at all. Whyyyyyyyy? Complete silliness. He probably made a few bucks off it though.<br /><br />The only cool thing in this movie are the swords they use. Nice idea.<br /><br />I wouldn't recommend this movie to anyone.",negative
"Shot in the Heart is wonderful. It brilliantly illustrates the plight of Gary Gimore, a convicted murder who requested death. Shot in the Heart shows the ordeal that Gilmore's family, torn up by hatred, went through. This movie is an incredible psychological study, and is wonderfully depressing and uplifting. 10/10",positive
"Greetings again from the darkness. Director Alejandro Amenabar creates life against all odds in this based on a true story version of one man's struggle to control his destiny. The great Javier Bardem is fascinating to watch in his role as Ramon. His eyes and head movements leave little doubt what is going on in his mind. The dream and fantasy sequences are not overused so prove very effective in explaining why he wants what he wants. Rather than force us to answer the euthanasia question, the real question posed is , What is Love? At every turn we see people in love, looking for love or dying to be loved. The script is tight and keeps the film moving despite being filmed mostly in one room. The supporting cast is wonderful and we truly feel their pain and how each family member deals with Ramon's decision. This is a gem and deserves to be seen.",positive
"Why did I have to go out and buy (yes buy!) JACK FROST 2: REVENGE OF THE MUTANT KILLER SNOWMAN??? Maybe it was a burst of temporary mental derangement? But I'm guessing it's because I kind of enjoyed the first JACK FROST. It was a silly but funny horror-comedy which had some okay effects by Screaming Mad George. That and the fact that on the back-cover of the sequel there was this nice picture of this guy impaled by this giant icicle (coming out of his mouth with a lot of blood and all). So I thought: if it's as idiotic as the first and has some nice splatter/gore in it, it should be fun, right? Well, I was so dead wrong! <br /><br />Let me first say that the movie deserves some credit for having an immensely insane and retarded plot. I mean, a mutant killer snowman on a tropical island that spawns mutant killer baby snowballs which can only be killed or harmed by bananas??? As much as I love the premise, I really hated the movie. First of all: while the first JACK FROST looked like an actual movie (seemingly being shot on real film and all), this sequel has the look and feel of a third-rate soap-opera. It has this way too slick shot-on-video look. The lighting is just plain awful (bright white spots for the day look, and stupid colors like blue and green at night). The acting... well don't even go there. The dialogues range from stiff to extremely senile (that Jamaican man was just moronic, saying ""man"" after every sentence). And when it comes to the voice of the killer snowman, all I could think of was a seventh-rate Chucky from CHILD'S PLAY spewing dumb and supposedly witty one-liners before he kills someone.<br /><br />The best joke was were one guy asks ""Why are you talking to your watch?"". And the best scene was undoubtedly the one with that beautiful Asian chick popping up out of nowhere and taking a swim in the pool totally naked (thank god for that!). Oh, yeah, and that little scene over the end-credits with those two Japanese dudes on a miniature ship being badly dubbed had me laughing too. But the worst thing about this movie was: Where was the gore and splatter action everyone is talking about? There were plenty of occasions to show some decent gory killings. A lot of people were killed off in original ways here, but all off-screen. Like I've read in many other comments, there were indeed nice set-ups to a head explosion, a crushed body, eyes being poked out, tongue ripped out,... but on the crucial moments the editor cuts away to some blood splatters on the floor or nothing at all. That frontal shot of that British guy being impaled (from the back-cover of the DVD) wasn't even in the movie. I only saw that particular killing filmed from the back (meaning I didn't see sh!t!). I was waiting throughout the whole movie for that to happen, and then I get to see nothing?!?! What a let-down! Could it be that I saw a cut version of the movie? That would be a shame, 'cause only a decent amount of splatter-fun could have saved this movie if you ask me. Seeing a lot of killer snowballs reduced to bloody pulp just didn't cut it for me. Speaking of those snowballs: they were done very poorly. They made MUNCHIES look like state-of-the-art 'animatronics'. But I guess that was the whole point of it. At some point, the special effects crew even turned to some laughably bad CGI. Boy, you really have to see it to believe it. Best is to not see it, actually, 'cause this flick is just too bad (okay, I did laugh with it, for it kept getting worse and worse). Just stick with the first JACK FROST (1996) and you'll be okay (just bare in mind that it's a pretty silly horror-comedy but fun in it's own right).<br /><br />It's funny, but writer/director Michael Cooney somehow must have realized that he was a pretty bad director after JACK FROST 2, and then focused on writing. Turns out he then wrote two pretty good thriller screenplays for THE I INSIDE (starring Ryan Phillippe) and IDENTITY (starring John Cusack). So the man seems to have some talent after all.<br /><br />Now it would be far too easy to give JACK FROST 2 the lowest rating possible. So I say one point for that naked Asian babe doing the skinny dipping and one point for those completely retarded snowball babies. Way to go Mr. Cooney!",negative
"I guess this is the first movie that made me aware of the term ""cult flick"". It is totally a bad movie, but I can't help it, I like this movie. Richard Boone has made better and so has Joan Van Arc, but if you are in to staying up late and watching movies that don't make you think to much this one is for you.",positive
"Before I talk about the ending of this film I will talk about the plot. Some dude named Gerald breaks his engagement to Kitty and runs off to Craven Castle in Scotland. After several months Kitty and her aunt venture off to Scottland. Arriving at Craven Castle Kitty finds that Gerald has aged and he has grown meaner. Gerald has certain rules for the castle(the rules have been the same for 200 years). Gerald does not want them to stay but, Kitty insist on staying by making excuses. One night her aunt catches a glimpse of the monster running across the hall. It scares her so much that she faints and (another excuse) they must stay longer. Kitty becomes more worried about Gerald after she tries to go in the maze but Gerald catches her and is even meaner to her. Kitty then sends for reinforcements, she calls their doctor who is actually their friend and his wide. Then to make things not look suspicious they invite a couple other friends(who don't really do anything). Blah,blah, blah Kitty and her aunt end up in the maze where the most suspense of the story is. They somehow get separated and they try to find each other. But the aunt stumbles upon the creature...here it is the moment we've all been waiting for, what is the creature lurking in the shadows?...it is a giant FROG!!! OMG what is better than that! After seeing the aunt the frog literally goes crazy and runs, oops I mean hops up the stairs to the top of the castle. The frog then leaps out an open window. We then go on a shot from the ground and see the frog gall towards us (oh yeah this movie was in 3-D). But you want to know what is funny is the frog that falls out the window is actually a toy because it is 1/10 the size of the frog before it takes the leap. It is then revealed that this was all evolutions fault, blah, blah and Kitty and Gerald get married. Then the last shot of this masterpiece is of the grave of the frog in the maze, the only place where he was ever really happy ;).",positive
"Awwww....yes, it is heartwarming and all that some unlucky family gets adopted by ABC/Sears and has their home ""renovated."" That's where the humanistic appeal ends. I liked it early in its run, but now this show has become disgustingly excessive.<br /><br />Ten needy families could be given relatively luxurious homes with lots of goodies for every one family that each episode of this show splurges on. The people at Habitat For Humanity must be shaking their heads in disbelief. For example, is it necessary for a healthy sixteen year old boy to have a jacuzzi in his bedroom, or have his bed tricked-out with ""Low Rider"" hydraulics? Does the mom really need her dilapidated, non-running and rusted out old pick-up truck restored and ""pimped"" by some of the best customizers in California? A new one would have done the job quite nicely, and probably for a third of the price. Do people really need a sixty-five inch plasma screen in every room of the house? And then there's the issue of who pays the increased property taxes and utility bills. Even after the zaniacs at ""Makeover"" leave, somebody still has earn a living. I doubt the friendly folks down at Social Services will see the humor in all of this largess.<br /><br />This show is nothing more than a ratings grabber for ABC, and a tacit commercial for its sponsors.",negative
"A wonder. One of the best musicals ever. The three Busby Berkely numbers that end the movie are spectacular, but what makes this film so wonderful is the incredible non-stop patter and the natural acting of Cagney and Blondell. (Keeler is also lovely, even though she may not have been a great actress). There's a freshness in the movie that you don't see in flicks today, much less in the usually stilted 30s films, even though the plot, involving the setting up of movies prologues, is quite dated.",positive
"........and an extremely bad one at that!!! How long did this train-wreck last?? 14 episodes or something?? I can see why now.<br /><br />I bought the ""Serenity"" episode from Amazon Unboxed. It was my first purchase, so was free. That is the ONLY good thing about the experience (incident??)<br /><br />I won't comment really on the acting, since these were, I guess, fairly new people who hadn't really gotten the job down just right yet. At least I've never seen them before in any type of major show, theater or TV. If I did, then I have easily forgotten them.<br /><br />But the special effects were absolutely horrendous. True, this isn't exactly a multi-million $$ project, but the original Star Trek did better than this & that was THIRTY-FIVE YEARS ago. I especially got a laugh out of the bad guys (reapers or something like that) ship as it chased the hilarious looking Firefly, with smoke coming out of the engines looking something like a gigantic model rocket. I fully expected to eventually see the Wiley Coyote riding on top, while chasing after the Roadrunner. MODERN jet/rocket engines don't even do it that bad.<br /><br />And that wasn't even the worst of it. The wild-west type shoot-outs had me wondering if I was actually watching a sci-fi film or a Gene Autry one.<br /><br />Regardless of the hype, don't waste your time...I did...all 80-something minutes of the disaster called ""Firefly"".",negative
"It is hard to imagine anyone making a Tom Cruise film look good; hard indeed, but this one makes him look good. Very good. Actually, it makes him look like Sir John Gielgud celebrating Very Good Acting Day with a bravura performance.<br /><br />The acting from the entire ensemble struggled to rise above the risible and failed. The fault was, in part let us be fair, that the plot bore as much resemblance to the HG Wells original as did the butchered carcasses of the human victims in the film to their living predecessors: both were bloodied and violated remnants of more attractive predecessor. But to describe a plot such as this to be a bit holy is to say of the Colander ""My, this kitchen utensil has a remarkable lot of holes"", unless, that is, holes are your bag; in which case this film will commend itself to you.<br /><br />The fault in the other part was that these were demotivated, jobbing, DVD actors who knew full well, one assumes, that this was their exhibition that would wind up on the $5 DVD shelf. And overpriced at that.<br /><br />So should you watch it? Why yes, of course, you should. You are a miserable sinner and deserve punishment.",negative
"I have been watching movies from i think last 10 years , and I must say that i never felt that bad, which I felt after watching this extra large bore movie, it was bad, very Bad. There were songs & songs. Nobody should watch this movie. The director has shown Germans speaking English which is so rubbish. Germans does not speak English. & in one scene there was a white girl who asked Himesh for autograph. (Obv that he must have gave some money to her) In the promo they have shown prepare for Laughing riot. But i could say there was only one scene where that Himesh was laughing for no reason may be he thinks he's funny. Hansika is very good. she is like an angel. But too young only 16 yrs old. If you have plenty of time and don't know what to do then you should watch this movie or else its waste of money",negative
"Now, I like sci-fi cartoons. However, when ""Robotboy"" appeared in Canada in late 2006, I watched the premiere and was inevitably appalled. The characters are generic and stereotypical (Do they REALLY need to make an African-American man wear tiger-stripe print clothing and speak in a Jamacian accent? WHY are all the Asian characters vibrant yellow and squinting? Does the mother HAVE to have big thighs and chest and constantly complain?) to the point where things become unrealistic, predictable, gross and sometimes disturbing. There are heavy similarities to, even stabs, at Astro Boy. Allow me to explain (dub names for the young): Robotboy/Astro, Kamikaze/Tenma, Constantine/Shadow, Gus/Abercrombie, Tommy/Alejo, Lola/Zoran+Kennedy, Moshimo/O'Shay, and it so on. Brief resemblances to ""My Life As A Teenage Robot"", ""Star Wars"", ""Teenage Mutant Ninja Turtles"", ""Kamen Riders"", ""Sailor Moon"" and co. are afoot. Not to mention the abundant racial/gender stereotyping. Don't even get me started on the innuendos. I'll just say they're hidden and quite dirty. But seriously. Don't even try watching this. Especially if you like Astro Boy.",negative
"This is one of the few episodes (if not the only one) with an indisputable error in its storytelling. While handling the Ralphie situation Christopher states that he has heard about Pie-O-My's death in the fire accident. This is an important detail because in this context it is quite obvious that Christopher knows from the beginning that Tony is the one who must have killed Ralphie. There is however no way Chris could have heard about the accident. Who should have told him and when? By the time he is torn out of his delirium by Tony's call nobody else was informed. Tony knows that - which makes it even worse! Hearing Christopher talk about Pie- O-My's death could therefore only lead Tony to the conclusion that Chris himself has set the fire. Given the impressively elaborate writing process as told by the writers themselves on the DVD I really wonder none of them realized the problem there. The story just doesn't work that way. Unnecessary to add that I'm a huge fan of the Sopranos. Otherwise, I certainly wouldn't care.",negative
"Two Hands is a highly enjoyable Aussie crime caper, which ultimately succeeds by the way the film easily combines tense dramatic moments, with very funny characters and situations, to give the film the right balance and feel. The comedy of the film occurs naturally, and the laughs haven't been set up too elaborately & haven't been too worked at. It really is very funny, thanks to the fact that each character in the movie is excellently cast, and that each actor/actress recognises and can relate to the Aussie humor. They portray it very well and very realistically. Of course, they're helped out immensely by a fantastic script by writer/director Gregor Jordan. I was reading another review of this film by an American who had seen it, and he heavily criticised it, basically passing it off as a Pulp Fiction clone. I think that that's just rubbish. This film isn't trying to be Pulp Fiction, the feel and style of each of this excellent films are totally opposite. Without wanting to sound superior or arrogant, I think to fully understand this film; the humor, the sincerity, the characters, etc....you have to be Australian, or at least understand the culture, which the other guy obviously didn't have the faintest clue about. Some Americans, whose reviews of certain non-American films, seem ignorant to (and have trouble comprehending) anything that isn't an American product. It's a real shame, because this is a really great film. The love story featured between the main character and the girl is also portrayed in a very real, sincere and sweet way. I'm very proud to have this film in my collection. 4.5 out of 5.",positive
"I was a little to old for this show I was 6 when it first came out. First off when I was a young child there were a few children's shows that were on sesame street which I did watch and learned from, but other than that there wasn't much else. My Cousins were all born a few years after me 7 years was the first one more came latter. Barney was a very big part of what they watched. When I first saw this show I told my grandmother how it doesn't teach anything just uses magic to fix everything. I was 9 at the time, how many 9 years old have any idea what is really going on with a TV show. More and more that I saw or heard what the teachings of Barney were the more and more I told people how bad the show was. The funny thing is my parents who had a young child in the mid to late 80's which was me by the way. They agreed and said the same thing as I did. The sad thing about this is my cousins who are older now 13 and such still agree with what they saw. Its not cheating its creative, its not right to think differently than what someone tells you to. Its o.k to steal if the person wont find out or mind that it is gone. Lets be honest with ourselves, Barney is out to make money not teach children anything. The more flashy the program the more inclined children will be to watching it. Children are stupid not because they are not educated they just do not know any better, second Barney put on a show and parents bought it. I never believed that TV could affect people the way Barney does. If you have a young child read to them watch a show that teaches them numbers, do not let them get involved in this show. Barney is like smoking once is to much, smoke a few and your hooked let your kid watch this show they are hooked and one day their kids will watch the same crap and buy the same crap you bought",negative
"OK i own this DVD i got it new at amazon... i mean i think its badass and a pretty cool flick and melissa bale the slutty/bitchy girl they pick up is hot as hell ..., the acting sucks and the whole polt just sucks the clown is some huge guy wearing a mask and its disgusting but its OK i wouldn't recommend it if like u wanted to rent a good entertaining flick after a hard days work but if u have nothing else to do and ur obbsessed with this stupid movies like i am, watch it sometime, and i do not know how artisan DVD has S.I.C.K. in its DVD collection , s.i.c.k. is not good enough to be owned by a half way decent movie company OK well thats all",negative
"I'm sorry to see that it has been rated that low by many people. The series started off very good and after the first season it wasn't that good.<br /><br />People tend to forget the beginning of something and only look at the end. This is not good to do, you should look at the total, not the end result. It is sad that a lot of the ""usual"" characters died but, damn, we had a lot of nice NEW characters.<br /><br />Please do not attach yourself to a few characters but attach yourself to the series, the plot. Please do understand that I didn't like it when Boone died, when Augur died but well... it needs to be done. Can you imagine that everyone keeps living the whole series when they are in a lot of danger all the time? Come on, face it, if they didn't die they would be invincible. In this way you will always keep the tension, will he survive, will he die? I do realize that people attach their selves to characters, I do that too. My favorite character was Augur, the one who could get into every computer he wanted. He was the one who was mysterious, he could do things with the computer no one else could do.<br /><br />I wish to make one statement to all the people who vote negative, does a series which started so good deserve to have such low rating? Should we look at the final season instead of the total? Should we not see how good the series was when it started? Should we not see how much we enjoyed it?",positive
"Writer/Director Peter Greenaway cements his title as the High Lord of Art House Pretension with his latest exercise in obnoxious self-indulgence, 8 ½ Women. The film follows a wealthy Englishman and his son on their mutual quest for sexual satisfaction, as they lure and blackmail women (guess how many) into joining their personal collection of concubines.<br /><br />Think of any possible way that this premise could be offensive, and chances are Greenaway's done it. The female characters are little more than a catalogue of fetishes for the two protagonists to partake of. There's the Kabuki-obsessed Mio, the ever-pregnant Giaconda and Beryl, who's got a thing for farm animals. Giulietta has no legs and uses a wheelchair, she's the ""half woman,"" get it? Greenaway vehemently denies all accusations of misogyny, but if this isn't it, then what is?<br /><br />The film goes on to eroticize anything and everything having to do with Japan, a continuation of themes from his snore-worthy (but less sexist) 1996 film, The Pillow Book. But where the The Pillow Book was erotic and graceful, 8 ½ Women just gets horny and exploitative. Greenaway's work is tasteless and arrogant in its fetishism, and the only person likely to enjoy watching it is the auteur himself.",negative
"How can a major German TV station broadcast a mess like this? It's amazing how the main actors avoid every acting talent - Even the well-known Gottfried John is acting very poor - especially in the double murder scene - how amateurish.......! The screen plan is very , very extended - perhaps to fill out 2 parts of the movie. Be careful not to fall asleep while watching! The set is obviously very often a blue screen, f.g. the scenes on the ship with unreal sea in background...! In the German version the sound and the dubbing is very poor - probably reason: different languages of actors - but: other international productions do handle this much more professional. Advice: Do NOT watch - it's a diabolic waste of time!",negative
"This is an exquisite film about the search for some bliss in everyday life. The pacing, the camera work, the emotion, the haunting musical score and the pure charm of this picture make it a must see. It isn't easily appreciated by the immature or emotionally stunted. The only flaw I can see about this film is that it wasn't captured in a more technically perfect film format. It deserved Todd-AO, Technicolor and the very finest sound format available.(An intimate film can be made in seventy millimeter.) The gorgeous Italian villas effect on its inhabitants would have rendered even more lushly and the small lovely moments would be even more beautifully seen and heard. As it is, it still demands attention as a sweet moving small film. I can't stop myself from watching it every time it comes on satelite. The transformations of the characters from contained, tight and mistrustful is always a joy to watch and I really should recommend it more often.<br /><br />The casting is perfect, the mood is perfect, the acting is above reproach. It is a film about middle age and the choices people make.It is deep and thoughtful without beating the viewer up with heavy handedness. Watch it in one sitting and let it have its effect on you. If you don't get it, perhaps you haven't lived enough, or something else is wrong with you.",positive
"Well made documentary focusing on two Sudanese refugees who get resettled in the United States. It's your basic fish out of water story with a non-fiction twist. I found it fascinating to see how Peter and Santino lived prior to coming to America and how they adapted once they arrived here (in Houston, Texas.) They expected a sort of heaven but found out that it's a lot harder than it looks to cope well in the states. They go from hopeful idealists to somewhat more realistic skeptics. Everywhere they go they meet bureaucrats with paper trails that most citizens may take for granted. They fret that they are blacker than the African-Americans here and don't feel accepted because of that. One of the ""Lost Boys"" manages to leave Houston to go to Olathe, Kansas, where he finds conditions slightly better but still less than ideal. There are people that try to help them as well as try to hurt them in this film. Not shown, but talked about, are those who put a gun to their heads and robbed them, leading one Lost Boy to comment negatively that ""all black people in America are no good."" I found it interesting, too, that they arrived in Houston in August 2001, a month before the World Trade Center was attacked by terrorists. I had hoped to see their reaction to this tragedy but it's not mentioned at all. Still, all in all, a really well done documentary with no narration. None is needed really. The ""Lost Boys"" do a fine job expounding on the events going on around them without any help at all, thank you very much.",positive
"Wow! An amazing, lost piece of Australiana AND a lost 70s glam-rock film rolled into one. This film warrants viewing simply to see what can be done with next to no budget but a lot of enthusiasm. As a retelling of the Oz story, the film borders on becoming too obvious but it is saved by it's eccentricities. The chance for a glimpse at how glam rock manifested in Australia will delight fans of the genre. This film used to be double featured with the Rocky Horror Picture Show, an indicator of the type of film that Oz is. While not as frivolous or well constructed as RHPS it's hard not to have fun with Oz.<br /><br />Surprisingly, Oz has aged well- perhaps a by-product of how determinedly set in the real Australia of 1976 it is. The passage of history shows that many of the ideas being explored would eventually enter the mainstream. The willingness of the film to give prominence to gay characters is notable, especially as it dates to the 'revolution' period for the Australian gay rights push.<br /><br />The performances range from flinchingly amateur to finely nuanced brilliance. The direction is lacking in subtlety and much of the dialogue may have benefited from an extra draft or two. Somehow, these flaws add to the appeal of the film which is mercifully unpretentious. Much like Australia in the 1970s this film has a certain naive charm.<br /><br />There are several connections to the original Australian stagings of the Rocky Horror Show which will keep obsessives on their toes.<br /><br />Oz is most certainly a minor classic and a potential cult favourite worthy of review. Laugh at the atrocious 70s fashion, swing along with the AusRock soundtrack, leave ANY expectations at the door and Oz is likely to delight.",positive
"This show was so exhausting to watch and there's only two numbers Drowned World (Substitute For Love) and Paradise (Not For Me) were you can sit down and just contemplate it all. The opening of this show will go down in history as the most visually thrilling, as Madonna enters the stage via a gigantic Swarovski crystal ball that comes down from the ceiling and the huge screens from behind it show images of horses galloping. Horses play a role in this show due to Madonna falling off one. The infamous scene of Madonna on the crucifix is in this show as a huge screen counts to 12 million, the number of how many African children are orphaned due to Aids. At the end a website address comes up for anyone interested in donating. We then go into the theme of the environment and again images of politics and religion are shown. There's an interlude and then the show starts again to the music of I Love New York and Ray of Light this part of the show is one of my favorites with the dancers doing there funny hand movements. Towards the end there's the Music number with the song Disco Inferno mixed in with the song and the dancers make more of there presence known. The ending again is full of energy as the show wraps up to the tunes of Lucky Star and Hung Up and hundreds of golden balloons fall from the ceiling at the end the message ""Have you confessed?"" comes up. The DVD is worth buying and when it came out the soundtrack for the show was added as a bonus. Jonas Akerlund did a great job with the footage for this show keeping it consistent with the style of the tour.",positive
"This movie was incredible. I would recommend it to anyone, much better than what I had already anticipated. It was definitely a heart-wrenching spectacular movie. It is an amazing story, with amazing actors and creators. Definitely another great movie with Denzel Washington. (shouldn't surprise anyone) Derek Luke did a wonderful job as well.",positive
"A cheesy ""B"" crime thriller of the early '50, the story is droll, the characters wooden, Allison Hayes and Abbe Lane are the only two sexpots that make it an eye-catcher, but one short shot, only a few frames long, shows an ""el"" train crossing the river on the State Street bridge, of the 6000 series Pullman-built cars painted in their original 1950 paint scheme, as they were delivered when new in 1950. For traction fans like me, that one short take makes the picture worthwhile. I think films like this one, Ulmer's DETOUR, D.O.A. with Edmund O'Brien,THE FUGITIVE with Harrison Ford, and others of the film noir genre, (big city crime dramas) make it interesting if for nothing other than the fact that I know Chicago and San Francisco intimately and recognize most of the street locations. Other wise it's a really droll boring film!",negative
"I'm not sure what version of the film I saw, but it was very entertaining.<br /><br />I did not know who the ""Twins"" were (Gillian Chung and Charlene Choi) before seeing this movie and I think the English translation of the title is somewhat misleading.<br /><br />The martial arts are very nicely done. I especially liked them, because there was a lot of judo/grappling that was filmed very nicely. Donnie Yen (see him in Hero, great performance) as a director is great as he knows how to shoot these scenes.<br /><br />Everything seemed to flow for me, except there is one scene where the girls are on the rooftop fighting with bamboo poles. It has really nothing to do with the plot, but it's still entertaining.<br /><br />Overall, this is one of the better (modern) HK action flicks I've seen in a while. Although cheesy in some respects, it still pulls it off.<br /><br />Definitely a 9/10",positive
"I've been looking forward to the release of this movie since I first heard the concept two years ago, and I was not disappointed. I won't bother summarizing the story since everyone else has, but I will say that it was just plain entertaining throughout. The performances were great, as was the music, and the main characters were likeable.<br /><br />My only complaints are: (1) the story was definitely lacking; the movie wrapped up very abruptly- in fact the writing became pretty lax in the second half, as though the writers weren't sure what to do with the plot. Since the plot wasn't nearly as important as the music and the action, this didn't really affect the entertainment value of the film, so this is not as major a complaint as it would seem.<br /><br />(2) This is really nitpicky, but the music that the characters in the movie were listening to was sometimes dated after 1985, when the movie was set. INXS' Devil Inside was from 1987 and AC/DC's Are You Ready was from 1990, among other mistakes. This bothers me a bit, since they obviously went to lengths to make a good period piece, they could have checked the copyright date on these songs to make sure they were 1985 or earlier. Again, not a big deal.<br /><br />Oh, I thought of something else that was strange. The Steel Dragon band members were supposed to be English, but for some reason Dokken bassist Jeff Pilson and Ozzy guitarist Zakk Wylde played band members, and they each had a couple of speaking lines in AMERICAN accents. That was kind of lazy also, but it was still cool to see actual musicians playing musicians, so I will forgive that as well.<br /><br />I could probably nitpick all day, but I don't want to give the impression that this wasn't a super entertaining movie. I will probably buy the DVD when it comes out, and I will certainly buy the soundtrack CD simply for the six Steel Dragon songs (some of which were sung by the singer from the band Steelheart, if you remember them!). The highlight of the film was possibly a great outtake where Mark Wahlberg is lipsynching to a rock song on stage and suddenly someone plays ""Good Vibrations"" by Marky Mark and the Funky Bunch. The surprised look of Mark's face is priceless. Classic rock and roll flick! Score: 8/10 due to extreme entertainment",positive
"Darr is a great movie! Shahrukh plays an obsessed lover who will do almost anything to win over his lady which in this case is Juhi Chawla. Little does Juhi know in the film that Shahrukh has a MAJOR crush on her and is constantly stalking her. I have to admit, some of the things he did in this movie were pretty creepy... like the threatening phone calls. Never in my life will I forget the line, ""I love you K..k..k..Kiran!""<br /><br />It's just too bad that Shahrukh and Juhi weren't exactly ""together"" in the film. But Juhi and Sunny do make a fairly good couple in the movie. Though Shahrukh's role was pretty psychotic, I still think he did a great job of playing it and can't possibly imagine anyone else doing that role. No wonder he got an award for Darr in 94'!<br /><br />Juhi... what can I say??? She looks especially amazing in this film! It's not that she doesn't always look amazing in her other films, but Darr did give the public a wonderful image of her!<br /><br />As for the music... it was excellent! Especially ""Jaadu Teri Nazar,"" one of my all time favorite songs. I also thought ""Tu Mere Samne"" was quite nice also.<br /><br />A must see for everyone! Overall Darr deserves a 9/10!",positive
"""Indian burial ground"": If those three words appear anywhere in a real-estate listing, look for a different neighborhood. A young couple with a young daughter and a toddler-age son move into a Maine house adjacent to a pet cemetery--and, after a l-o-o-o-ng hike, an ancient Indian burial ground. Seems the Indian ground can bring Fido or Fluffy back from the dead--if you don't mind having a raving hell beast for a pet. It can do the same for dead people--if you don't mind having a homicidal zombie around the house.<br /><br />Throw in a busy two-lane blacktop, speeding big rigs, a well-meaning (if somewhat dim) old neighbor, and one kid who really doesn't get enough supervision, and I think you can figure out what happens from there--an over-the-top, illogical mess, which, in all fairness, does offer up a few scares.<br /><br />Well, there are worse Stephen King adaptations (such as ""Maximum Overdrive,"" which King also directed). But there are far better ones, too (such as ""Salem's Lot,"" ""The Dead Zone,"" and both versions of ""The Shining"").",negative
"One question: Why? First off, the premise is not funny or engaging at all. They use taped interviews, and take the audio to animate ite with animals speaking the parts. First off, the interviews aren't funny or entertaining to begin with, and even if they were, I am sure they would be a lot more entertaining being viewed as they are originally, without being turned into cartoons. How does that add any hilarity to it? I turned on CBS's Monday night sitcom line-up, (which has become a regular way for me to relax after stressful Monday workdays) and found this on. Of course, the sitcom line-up would be reruns anyway, being summer, but seeing those episodes over again would have been more entertaining. I tried to give ""CC"" a chance. I really did. When it started, I figured, well, maybe it will be funny. Nope. And then it kept going. It was a long half hour.<br /><br />And I can almost see if there was a purpose, if the interviews were shown in their entirety, and had points to them. But no, it was just one-line clips, cut and pasted together really quick. It was like a horrible dreadful version of Cartoon Network's ""Robot Chicken."" I wasn't a fan of CBS' now-cancelled sitcom ""The Class."" WHile that was on, it was one half-hour of the line-up I would struggle through. But if it came down to me deciding a whole season of that or three more episodes of ""Creatures""....let's just say I'd take the ""Class."" Considering it's been a couple hours since it aired, and I come on here to see I am the first to comment...I guess that's a good sign that nobody watched it, and that it won't last much longer. Cartoon roadkill.",negative
"One of my favorite movies. Great cast, lead by Jonathan Silverman and Blythe Danner. Serious drama situations with brilliant comedic punches. An exact mixture of character and story. Real people with real problems, and everyone has a different relationship with each family member. Sensitively moves from slightly-sad to hilariously-funny. Read the quotes. This is the best adaptation of a Neil Simon play.<br /><br />If you wanna see more of Eugene check Biloxi Blues (starring Matthew Broderick who played in both stage versions) is OK, a bit on a darker side. Get away from the made-for-TV Broadway Bound.",positive
"""Landscape after a battle"" opens with escaping prisoners over a snowy field full of fences - in rather funny movements accompanied by Vivaldis Four Seasons. A touching opening. But we soon enough learn to know these prisoners as a mob, and when they (also treated humouristic) burry a man alive, the protagonist stops for a moment, but is soon more engaged in finding books from the turndowned camp than caring about his neighbour.<br /><br />The rest of the film is set in an American camp from where the prisoners are not released, in some kind of semi freedom, semi camp. A perfect set for a study of war criminality, American camps, Polish nationalism, Catholisism, grief and human misery in general.<br /><br />Film makes an important turn. In comes women, and with them film changes light, colour and temper. At the same time it turns out that these prisoners were slaves in Holocaust. I think a main underlying political theme of the film must mankind's treatments of Jews under and after the world war, and not only the Nazi exterminations, but mankind letting it happen - and even forcing them out of Europe after the war. On an emotional level the film is about grief and the problem with letting grief come, how environment makes grief difficult, and how difficult it can be to share grief for people with different experiences. <br /><br />But the film is a carpet of underlying contradictions,humour, irony and sudden beauty. A couple of times during the film a gypsy prisoner plays on an harp, an emotional tune brutally rejected (filmatically speaking) by the protagonist. That example picks up an important essence of the film's style and theme. When it comes to humour its very comic how the protagonist constantly looses and finds back his glasses, in crowds, in hay stacks etc.<br /><br />Its not hard to understand Spielberg's respect of Wajda when you see this film. The great treatment of light can be compared with Spielberg on his best. The Grunwald intermezzo speaks for itself. Narrativly it only brings the film out of the camp, but filmatically it brings the film to dream and eternity with profound beauty. Anyhow, there is also another scene I can't let go without comment. Its the Christian Supper. Undoubtly ironical, but simultaneously deeply religious we see the transsubstantiation moment, everybody falling on their knees, while the protagonist is saved from isolation by the priest to serve as a comic altar boy. His bells are mocking the scene, but also gives it emotion and love. When Nina gets her bread, sun light falls upon her and bells ring spheric, its the peak moment of the film.<br /><br />Main actors are excellent in their roles. Olbrychski as the perfect Wajda protagonist - the doubting reflecting mind, unable to put all the aspects of his mind and emotion into life. Beautiful Celinska is with great body acting debuting in a character unable to express all her inner in her proud movements.<br /><br />Those who try to describe everything, often are unable to take nothing in consideration. This is what Wajda manages. His films are either very moving, deep or beautifully shot, but pays attention to life's and society's particularity. A moment of joy for one, is the moment of irony for a second, the moment of grief for the third, a moment of nothing for the fourth.<br /><br />There is at least two reasons to pay attention to Wajdas films of this period. First is the remarkable free expression of deep political impact. This country was the first to overthrow communism twenty years later. Second is the development of a filmatic and narrative language that Kusturica has rose to grandeur.",positive
"Where was this film when I was a kid? After his parents split up Tadashi moves with his mom to live his his grandfather. Tadashi's sister stays with their dad and they talk frequently on the phone. Grandfather is only ""here"" every third day. Moms never really home. The kids always are picking on the poor kid. During a village festival Tadashi is chosen the ""kirin rider"" or spiritual champion of the peace and justice. Little does he suspect that soon he will have to actually step into role of hero as the forces of darkness join up with the rage of things discarded in a plot to destroy mankind and the spiritual world.<br /><br />Okay that was the easy part. Now comes the hard part, trying to explain the film.<br /><br />This is a great kids film. No this is a great film,flawed, (very flawed?) but a great film none the less. It unfolds like all of those great books you loved as a kid and is just as dense at times as Tadashi struggles to find the strength to become a hero. Watching it I felt I was reading a great book, and thought how huge this would have been if it was a book. I loved that the film does not follow a normal path. Things often happen out of happenstance or through miscommunication, one character gets sucked into events simply because his foot falls asleep. There are twists and turns and moments that seem like non sequiters and are all the more charming for it (which is typical Miike) Certainly its a Takashi Miike film. That Japanese master of film is clearly in charge of a film that often touching, scary and funny all at the same time. No one except Miike seems to understand that you can have many emotions at the same time, or that you can suddenly have twists as things get dark one second and then funny the next. I admire the fact that Miike has made a film that is bleak and hopeful, that doesn't shy away from being scary, I mean really scary, especially for kids. This is the same dark territory that should be in the Harry Potter movies but rarely is. This a dark Grimms tale with humor. My first reaction upon seeing the opening image was that I couldn't believe anyone would begin a kids film with a picture of the end of the world, then I realized who was making the movie. Hats off to Miike for making a movie that knows kids can handle the frightening images.<br /><br />Its also operating on more than one level. The mechanical monsters that the bad guys make are forged from mankind's discarded junk. Its the rage of being thrown away that fuels the monsters.One of the Yokai (spirits) talks about the rage sneakers thrown away because they are dirty or too small feels when they are tossed. You also have one of the good guys refusing to join the bad guys because that would be the human thing to do. Its a wild concept, but like other things floating around its what lifts this movie to another level. (there are a good many riffs and references to other movies,TV shows and novels that make me wonder who this film is for since kids may not understand them, though many parents will) And of course there are the monsters. They run the gamut from cheesy to spectacular with stops everywhere in between. Frankly you have to forgive the unevenness of their creation simply because they are has to be hundreds if not thousands of monsters on screen. Its way cool and it works. One of the main characters is a Yokai which I think is best described as a hamster in a tunic and is often played by a stuffed animal, it looks dumb and yet you will be cheering the little bugger and loving every moment he rides on Tadashi's head. (Acceptance is also easier if you've ever seen the old woodcuts of the weird Japanese monsters) I mentioned flaws, and there are a few. The effects are uneven, some of the sudden turns are a bit odd (even if understandable) and a few other minor things which are fading now some two hours after watching the film.. None of them truly hurt the film over all, however most kind of keep you from being completely happy with the movie.<br /><br />I really loved this movie. I'm pretty sure that if I saw this as a kid it would have been my favorite film of all time. (where's the English dub?).See this movie. Its a great trip. (Besides its a good introduction to the films of Miike minus the blood and graphic sex)",positive
"Currently playing at the 2007 German Film Festival in Australia http://www.goethe.de/ins/au/lp/prj/ff07/enindex.htm thanks to Peanutqueen and especially AriesGemini for her rundown on the actors in this ensemble cast.<br /><br />In Australia these movies were sub-titled in English and while French movies here often get a mainstream release, German movies are still to gather that sort of commercial audience. But like BMWs and Mercedes when Germans get it right I really like their films. Like PQ the time here went so quickly, lots of laughs from the audience as each of the 9 men and 9 women moved down the speed dating line 5 minutes at a time.<br /><br />While many films are overlong this one I could have watched much more of. It had the sort of characters and character development for a series. Given time I will re-read AriesGemini100 review and reference the actors I liked and their other work with a view to keeping an eye out from them. I agree....most of these actors will go onto bigger and better things. Some very good character actors in this fine film. I did see it in the program listed as a mockumentary. Mock or otherwise it felt very real. And quite romantic in it's way.<br /><br />Viva la Deutcsh!",positive
"Over the years I've watched this movie many times from seeing it on ""HBO"" and I now own a copy on DVD. I must say it's very memorable and entertaining in the meantime it's interesting and educational too. As any TV fan can relate to the time of the early 90's when the time came up to replace Johhny Carson the TV living legend of ""The Tonight Show"" who's it gonna be Jay or Dave? This original film from HBO ""The Late Shift"" stays true to form and depicts the real events very well showing the behind the scenes battle between networks heads of NBC and CBS and even ABC they were all fighting for the services of Jay and Dave. The acting makes it seem real as very little actual TV footage is shown with real life people as the actors portraying Leno and Letterman make it seem so real. I haven't read the Bill Carter book so I don't know if it stayed true to the pages, but I have highly enjoyed this film over the years. From the moment when it starts showing CBS entertainment heads watching Leno sub for Johhny and they decide they want to get in on the late night game. Yet when Carson announces his unexpected retirement NBC wants to stay loyal with Leno yet conflict arrives when Letterman wants a crack at the slot at 11:30 too. It was fun to watch the wacky meeting with Michael Ovitz(Treat Williams)who makes all networks want to consider Letterman for a show. It was interesting to see the scene of Johhny telling Letterman by phone in a direct way to walk from NBC and consider CBS. And by the way Rich Little was terrific as Johhny Carson his portrayal couldn't be matched. And plenty of tense moments were provided by showing the bickering and firing of Leno's talent manager Helen which NBC heads pressured him to do. Overall great film that showed what TV is really like and it proves that networks are power and money hungry while showing that's it's a cutthroat business. Clearly there's no business like show business. Great work from HBO very memorable and a watch anytime it showed the true story of the late night wars.",positive
"When HOPPITY GOES TO TOWN he discovers nothing but bad news for his little insect neighbors in the Lowlands. Can this honest, good-natured grasshopper save his sweetheart, Miss Honey Bee, from the machinations of the evil C. Bagley Beetle - and also lead his friends to a safe new home - before it's too late?<br /><br />While not one of the great animated features (a very new art at the time this film was created) HOPPITY is an enjoyable film which should bring pleasure to uncritical viewers. Technically it is well made, with animation of a generally high quality. The movie's main drawback is that none of the characters really have any `heart' - they don't come `alive' on the screen in the way Jiminy Cricket did a year earlier in PINOCCHIO.<br /><br />However, it is ultimately unfair to compare the Fleischer Studio output with that of Disney. Max & Dave Fleischer had their own star to follow; their contribution - and it would be a considerable one - would be in the realm of the one-reel cartoon. With their POPEYE and BETTY BOOP series they created alternate realities as viable as any produced by other cartoon studios. HOPPITY was their second experiment with feature length animation (after GULLIVER'S TRAVELS in 1939), and henceforth they would expend their energies again on the cartoon short subject. In fact, the first in the highly acclaimed SUPERMAN series was already in release.<br /><br />HOPPITY'S story owes a great deal to Frank Capra, with it's energetic, go get em hero up against powerful societal forces. Indeed, the film's original title was MR. BUG GOES TO TOWN, which immediately puts one in mind of Gary Cooper or Jimmy Stewart and their Capraesque adventures.<br /><br />Jack Mercer, famous as the voice of Popeye, here speaks for two very different characters, old Mr. Bumble & Swat the Fly. Movie mavens should be able to catch veteran voice actors Pinto Colvig & Mae Questel, both in uncredited roles.<br /><br />The film has some pleasant songs supplied by Hoagy Carmichael & Frank Loesser, of which `Be My Little Baby Bumble Bee' is the most familiar. `We're The Couple In The Castle' is a fine romantic tune which deserves to be rediscovered.<br /><br />It is unfortunate that the film's initial animation, with its sweep out of the heavens and past the in-depth New York skyline, is obscured behind the opening credits.",positive
"Blonde and Blonder has Pamela Anderson and Denise Richards in almost every scene and if you want more from a movie you're being utterly unreasonable. It feels like a late era Carry On, when the series was no longer blazing trails, but was still more funny than not, think Behind or England and you won't be too far off the mark. Pamela and Denise are bubbly, charming and clearly aware this isn't a masterpiece they're making, although you can give me it over lots of things I'm told to like. The supporting cast are energetic, even if some of them aren't particularly good; I can't see a couple of duff turns in a movie that's already practically forgotten making much difference to anything, so just smile. I really do think Blonde and Blonder is ace and I hope you hate me for it.",positive
"What a terrible film. It sucked. It was terrible. I don't know what to say about this film but DinoCrap, which I stole from some reviewer with a nail up his ass. AHAHAHAHAHHAHAHAHAHAHAHAHAHAHHAHAHAHAHAHAHAH!!!!!!!!!!!!!!!!!!! sigh.. It's not Roger Corman that I hate, it's this god-awful movie. Well, really? But what can you expect from a movie with Homoeric computer graphics. Which is another thing, the CGI sucked out loud; I hate this movie dreadfully. This is without a doubt the worst Roger Corman B-Movie, and probably the gayest B-Movie too. It's-it's--- DINOCRAP! I'm sorry, I must have offended some nerds in these moments. It's just an awful movie... 0/1,000",negative
"The movie is good and I think Tiffany Amber is very beautiful. I liked the movie. Can anyone tell me how I can get hold of the songs from this movie? Even the soundtrack will do. If that's not possible, can I at least get the names of the songs with their respective singers? I tried to look up amazon.com but its not there. I tried CD baby, not there either. I browsed through Google to get some details but there weren't any. I would appreciate it if someone could give me the answer to my question. I know that the songs belong to Country Music and is sung by a country artist. I just need the title names along with the singer. I would recommend this movie or rather the songs to any country loving person.",positive
"Gender Bender sexes things up a bit for the x-files. This episode has an interesting premise, a good story, but an ending that is wanting. Gender Bender is also the x-files debut for actor Nicholas Lea, better known as Alex Krycek. In this episode he plays Michael, a man attacked by one of ""The Kindred"". You need to see this episode just to see Nic Lea's less than spectacular beginning. An interesting thing about the Kindred's ""power of seduction"". When Marty does it to his victims, they become turned onto him/her. However, when Andrew seduces Scully, she only because disoriented and groggy, and does not become attracted to Andrew. Maybe it's because Marty has more experience at it than Andrew. This episode reminds me of why it would sometimes be miserable to film up in British Columbia. Throughout the episode it is so wet, soggy, and muddy, it could not have been that much fun. Despite the disappointing ending, Gender Bender is still a decent episode to view.",positive
"Brian Keith as Cole Wlikerson and Richard Jaeckel as Wade Matlock make excellent villains. They just love intimidating the locals in the most brutal way possible, and sneer sexily at any suggestion that there might be a more humane way to achieve their ends. It's a pity that goody-goody Glenn Ford gets in their way.",positive
"So, where are the cannibals? Those intrigued by the title and the 'real cannibal' appeal of this film will be let down. Instead, we are shown a strange man and his re-visiting of a Papua New Guinea village full of natives, one of whom was his lover several decades prior. The man, Tobias Schneebaum is New York Jewish as they come and somehow, this is intertwined with the documentary as he appears in his yamika in several scenes.<br /><br />There are no real cannibals here: only stories relayed by some of the natives and by Tobias himself. Not all together a bad film. Very interesting and great cinematography. Schneebaum remains highly likable throughout and provides us with a fascinating glimpse into a life that is about as far removed from Western Civilization as one can get.<br /><br />It's just not what it claims to be on the cover and in the plot summary.<br /><br />4 out of 10, kids.",negative
"I've watched a lot of television in my 51 years, but I've never had so much fun week after week, as I had watching Oz. The acting by the entire cast was excellent. The writing was just perfect, with every character remaining consistent throughout the six year run. I also enjoyed the mayhem and the ultra-violence. It may sound odd, but it was at times, comical finding out how one of the characters would eventually end up dead. I particularly enjoyed the true romance and love between Beecher and Keller. Those two men really knew how to throw down, in every way possible. I truly hope that HBO will continue to show us re-runs of this great show FOREVER! I've watched every episode at least 4 times yet I still look forward to Tuesday and Thursday nights at 11 p.m. for an episode of this fun and very entertaining show.",positive
"A gritty presentation of the decay of family values and human dignity in the wake of Soviet communism, Vasili Pichul's 1988 film Little Vera is a landmark film of modern Russian cinema. Pichul's brutal drama marks a strong departure from the images of sanitized idealism promoted in Soviet times (as in Aleksandrov's Circus), brashly moving the social chaos of his time into the public spotlight. A contemporary Ukrainian setting further intensifies the effect, first by the immediacy of the film to its time period, second by its utilization of a locale not only struggling for identity in lieu of a Soviet system, but also as a nation distinct from the Russian idiom that had dominated the U.S.S.R.<br /><br />Vera, the film's title character and protagonist, is a rebellious adolescent girl with a ""dysfunctional"" family including a hard-drinking father and a mother care-worn. Rejecting her would-be beau Andrei, Vera begins a destructive (and primarily sexual) relationship with a college student named Sergei. Despite her parents' dislike for the lazy Sergei, and despite Sergei's rude contempt for her parents, he moves into their cramped apartment. Tensions escalate until Vera's father drunkenly stabs Sergei. Vera must decide if she will stay loyal to her intolerable family by testifying her father acted in self-defense, or continue to support and defend the ever-detached Sergei. <br /><br />Unbearable in almost every imaginable way, Little Vera masterfully captures and communicates the inescapable void left in social life after the collapse of communism. The sexual aggressiveness of the film (it was the first film to show explicit sex) combined with the unrelenting presentation of social reality (a marked distinction from the socialist realism demanded by Stalin) effectively confronted the conditions of former-Soviet life. Most interesting, however, was public reception. While many wrote hate mail to the director and star, the film was wildly popular. Here the double-edged nature of ""film as social criticism"" emerges: if done correctly, the film will make the audience uncomfortable. Because no easy solution presents itself, some viewers will hate the film and filmmakers for ""bringing up"" the issue. Many films come to mind as somewhat comparable in this regard: Larry Clark's Kids, Harmony Korine's Gummo, even popular movie's such as John Hughes' Breakfast Club. <br /><br />I recommend this film to those viewers for whom the prospect of nearly two hours excruciating domestic conflict and social miasma is not overly daunting. The film is absolutely beautiful, and incredibly challenging. Despite the difficulties of watching the film, some moments within it are profoundly beautiful. Of course, the socio-historic and cultural significance of the film cannot be overlooked, and in fact operate as an even more assertive reason for watching this film.",positive
"This movie is silly and very short of being a funny movie. Unhappy 'easterners' are not pleased with being out west; so they hire a drunk wagon master(John Candy)to lead them back east. Sight gags were just not funny enough to carry this one. And Richard Lewis gets on your nerves very quickly; but then I honestly don't like him at anything he does. Ed Lauter is hilarious as the bumbling villain.<br /><br />The movie was dedicated to Candy. He died from a massive heart attack ten days before the movie was completed. A stand in and digital enhancement enabled Candy's character to be seen in the final scenes. Candy was a very good comedian and gave us some real good knee slapping, belly laughs in his career. This movie was just not the caliber of his best.<br /><br />Also in the film, you will recognize: William Sanderson, Gailard Sartain, Ethan Phillips, Ellen Greene and Rodney A. Grant.",negative
"this became a cult movie in chinese college students, though i havnt watched it until it is broadcasted in channel4, UK.<br /><br />full of arty giddy pretentions, the plot is mediocre and unreal; the 'spirit' it wants to convey is how independent artists 'resist the commercisliation of music industry' and maintain their' purity of an artistic soul' and wouldnt 'sell themselves for dirty money'. that is really giddy and superficial; the diologue are mainly pathetic. acting is poor. sceenplay is full of art pretention. it is a fantasy movie for kids and that;s all<br /><br />",negative
"Attack Force has a horrendous title, and can almost certainly be judged by it's awful cover, because the film is horrible! A mish-mash of plot lines, a choppy mess, and a horribly stagnated pace, make the film hard to watch start to finish. I managed this and I'm proud. As a fan of Seagal's work (mostly of his old days), it's painful to see him star in such tripe. True Seagal's last half dozen movies or so, have sucked a lot, but some of them at least had some redeeming features. Attack Force is a mess. From conception to delivery this film has undergone many changes, from an alien plot line, to the current one about a highly addictive super drug, about to be unleashed on the Romanian (the film has several settings, none of which are Romanian, but all look like Romania because they are in Romania!) populace. The film is tacked together with little regard for whatever state the original shooting script was. Plot-holes and loose ends are abound in the film that's for sure. That's been a problem in Seagal's last few films as well, but never has the result been so boring. There's a whole plot line about the water supply being poisoned with CTX (that's the drugs cool name) that is never resolved! <br /><br />Of course in recent years the plot's haven't been the main draw in the Seagal canon so there was a big onus on the other departments, especially the action. Before I regard the action though, all the other departments are poor. The direction is poor, or perhaps better put, made to look poor. Who knows how director Michael Keusch originally intended this film? Between him finishing his job, the re-shoots by stunt man Tom Delmar, and the editing, a coherent auteur vision is completely lost. The best way to describe the film is that it's just all over the shop! The cinematography is dull, nearly inducing sleep, while the droning score (sounding like it was produced on the cheapest of cheap synthesizers) does nothing to excite matters. The cast too are poor, unable to salvage anything here. Seagal looks bored beyond recognition, and is dubbed through much of the picture, clearly when plot-points are being changed. He looks tired and overweight, and lethargic, unlike he's looked in previous pictures too (remarkable as the aforementioned have been key complaints in Seagal's recent pictures). The only redeemable cast member is Adam Croasdell as one of the villains, doing a slimy Brit routine. He seems to be a throwback to the alien plot line, because he's playing it inhuman. He seems like a cross between a body snatcher and a vampire (ditto to the lead villain played by some hot chick who appears on occasion, seemingly waiting for her husband Dracula).<br /><br />Finally the action. Well it's poor. Poorly conceived, poorly shot. There's not much either, and there's even less featuring Seagal. Stevo doesn't really bring out the stunt double here, because there's so little to do. There's even a lengthy (repetitive and boring) action scene on the hour mark that inter-cuts occasionally with little flashes of Seagal's stand in because clearly Seagal wasn't there while the scene was being shot, and they wanted to have him feature in the action scene. Seagal eventually appears in person to shoot two guys in the head. Seagal has a producers credit here and a script credit, but from what I understand the film has been altered behind his back to the current state it's in. Seagal will apparently not be working with these people again, or with Castel Studio's who continue to deliver horrifically sub-Nu-Image (that's saying something), material.<br /><br />Overall this is one to avoid if you are not a Seagal fan. Seagal fans can also be safe in the knowledge that the big man probably won't want to do anything this bad again. Unfortunately his next film which has already been shot, with the same people, promises to be even worse than this. *",negative
"This movie is really nothing besides an admittedly well-crafted series of tense sequences punctuated with an inevitable ""gotcha!"" at the end of each. Really, there is no character development and no real plot to speak of. There are only the most skeletal of motivations for the characters to do anything while they trudge forward to their unavoidable dooms. It's all just an excuse to show a creepy ghost kid (who seems to have gotten some of the family cat mixed up in his ectoplasm) and his ghost mom (with long black hair hanging in her face kind of like ""The Ring"") take down a bunch of cardboard cut-out, two-dimensional excuses for human characters.<br /><br />This English-language version of ""The Grudge"" is the equivalent of cinematic junk food; satisfying momentarily, but not really what you ought to be living on.<br /><br />Not recommended.",negative
"This has got to be one of Australia's best productions. I completely disagree with the comments made by 'RamiNour101'.<br /><br />This series shows the depth of Australian mateship and the lengths they went to to help each other out. Episode Five 'Eddies Birthday' is a great example of this and it really captures the Australian spirit.<br /><br />The music used throughout the series only emphasised the situation that the men were faced with, their longing for home and their loved ones. The numerous amusing renditions of The Road to Gundagai captures the spirit of the men and the fact that they never forgot home, and that it was little elements such as the singing of a song that took them home for a short while.<br /><br />As for the comment about it being racist towards Japanese people, the only thing to be said is that you can't change what happened. The Japanese did treat the Australians very poorly in Changi and to represent it as otherwise would be very misleading indeed. The comment about the screenplay being in accurate is also false. These six stories that are told in the series are composed from real P.O.W experiences.<br /><br />The actors were superb; the best being in my opinion, Matthew Newton. His performance as David in the first episode was gut wrenching. From being a city boy, to being another nameless face to his captors. We see him change dramatically in the first episode because of his violent attack in the jungle, and in further episodes we can see how that one event has changed him, he is more aware of what is really going on and is always one of the first to help out the other members of The Secret Nine.<br /><br />Stephen Curry also deserves a mention. His performance in 'Eddie's Birthday' is amazing, going from the larrikin of the group, to being sick, weak and unable to take care of himself. The displays of mateship in this episode touch you on an emotional level and make you proud to be Australian.<br /><br />I study WWII at university level and have found this series, if not physically truthful, spiritually truthful, as it captures the true spirit of what it was to be an Australian Soldier.<br /><br />Well done to John Doyle for capturing the spirit of Changi.",positive
"This is one of the funniest movies I have ever seen. If you know the Real World and the people from those shows, this movie will be top notch, if you have never seen the real world you will still think it is an extremely funny movie but you won't get some of the inside jokes about the actors and the tv show.",positive
"Unfortunately, one of the best efforts yet made in the area of special effects has been made completely pointless by being placed alongside a lumbering, silly and equally pointless plot and an inadequate, clichéd screenplay. Hollow Man is a rather useless film.<br /><br />Practically everything seen here has been done to death - the characters, the idea and the action sequences (especially the lift shaft!) - with the only genuinely intriguing element of the film being the impressive special effects. However, it is just the same special effect done over and over again, and by the end of the film that has been done to death also. I was hoping before watching Hollow Man that the Invisible Man theme, which is hardly original in itself, would be the basis of something newer and more interesting. This is not so. It isn't long before the film turns into an overly-familiar blood bath and mass of ineffectual histrionics - the mound of clichés piles up so fast that it's almost impressive.<br /><br />On top of all this, Kevin Bacon does a pretty useless job and his supporting cast are hardly trying their best. Good points might be a passable Jerry Goldsmith score (but no competition for his better efforts), a quite interesting use of thermal imagery and the special effects. I was tempted to give this film three out of ten, but the effects push Hollow Man's merit up one notch.<br /><br />4/10",negative
"Just to clarify, Matthew Poncelet wasn't a real person, but a character combination of 2 killers who were BOTH convicted and sentenced to die for a murder of two teenagers.<br /><br />I read the User Comments and they react as if Matthew was real. The character is based on a mixture of two killers, Elmo Patrick Sonnier and Robert Lee Willie (who murdered separate people) and the murder itself was based on the one Willie committed. The conflict of both Willie having someone else present and both parties swearing the other did the killing is worked into the story as well.<br /><br />Prejean's approach is unique in that she not only is ministering to the convicts as they wait for their death and aiding them in taking responsibility for their actions, she also reaches out to the victims' families, to help them know that the convict did, indeed feel remorse for what they did-effectively aiding both parties.<br /><br />Everyone posting here seems to have strong beliefs on the Death Sentence. It's not my place to say it's right or wrong-in theory punishing death with death makes some sort of Karmic sense, however denying a person their freedom for the rest of their days, although costly, makes more sense to me-being stuck in a small room 23/7 (with one hour of exercise)for the rest of their days to be reminded of the cruel thing they did seem a more apt punishment-they are technically alive, but denied living. Say someone killed someone so they could get out of the responsibility the person they killed required (like Susan Smith killing her poor kids by shoving her car into a lake). I find it fittingly ironic that they would not get that ""freedom"" they craved and would now have to spend the rest of their days imprisoned.<br /><br />Prejean's point comes through the story very well. She has my respect-she manages to find that balance-she isn't supporting a killer, she is guiding them to accepting what they did. If they didn't feel some kind of remorse, they wouldn't be asking for spiritual guidance.<br /><br />Ona final note, when Poncelet apologizes to Delacroix parent for killing his son, the parents of the girl who was also murdered mutters something about why he didn't apologize for her death. I think the point was that throughout the movie, Poncelet denies killing both kids. There is doubt in Prejean's mind he did both killings-there is a friend who was sentenced but not to death-my thought is that Poncelet killed the Delacroix boy and the other man murdered the girl-hence Poncelet was taking responsibility for what he did. Had he been responsible for the girl's death, he probably would have apologized for that as well.",positive
"I'm a large scarred heterosexual male ex-bouncer, ex-rugby player, and ex-boxer, and I love this movie.<br /><br />It's no ""Mystic River."" It's a piece of fluff. But there is room in life for fluff, and when that fluff is engagingly shot, well-acted by attractive, likable people, cleverly plotted and full of good dialogue, there's even more room for it.<br /><br />I'm not the biggest Tom Selleck fan. But he's good in this. So are Julianne Nicholson (love her bald head and freckles), Ellen Degeneres, Kate Capshaw and even Tom Everett Scott (That Thing You Do!).<br /><br />The scenery is nice, the mood is upbeat, there's heartache and wistfulness and farce and even a little redemption.<br /><br />Any (male) reviewer who disses this movie is, shall we say, not perfectly confident in his masculinity. In the meantime I'll continue to catch bits and pieces of it without apology whenever it shows up on cable.",positive
"Now I love Bela Lugosi,don't get me wrong,he is one of the most interesting people to ever make a movie but he certainly did his share of clunkers.This is just another one of those.<br /><br />Lugosi plays Dr.Lorenz,a doctor who has had his medical license pulled for unexplained reasons.He is however doing experiments to keep his wife young and beautiful.It's revealed that she is 70-80 years old yet Lugosi looks to be in his mid 50's so why he is married to this old woman is never really explained.<br /><br />Anyway these treatments or experiments involved giving brides who are at the altar being married some sort of sweet smelling substance whereby they pass out but are thought to be dead.Then Lugosi and some of his assistants steal the body on its way to the morgue and take it back to his lab where it's kept in some sort of suspended animation or catatonic state.Then the stolen brides have a needle rammed somewhere in their bodies,maybe the neck,and then the needle is rammed into the body of Lugosi's wife to bring her back to youth and beauty.We never really see where Lugosi sticks the needle or what it is that he draws out of the brides but it somehow restores his wife .Apparently old age makes you scream with pain because Lugosi's wife does a lot of screaming until she gets back to her younger state.Helping Lugosi in his lab is the only good thing about this movie....a weird old hag and her two deformed sons....one son is a big lumpy looking slow acting fellow who likes to fondle the snoozing brides and the other son is a mean little dwarf....little person, to be politically correct in today's world.At night these three just sort of pile up and sleep in Lugosi's dreary downstairs lab.Who these 3 are and how they came to be Lugosi's scared assistants is,like a lot of stuff in this film, never explained.<br /><br />So anyway a female reporter is given the assignment by her gruff editor to find out where all the stolen brides are going to.She quickly figures out that the one common thing among all the stolen brides is a rare orchid that is found on them.So she asks around and is told that there is a world renowned orchid expert living nearby who just happens to be the one who developed this particular orchid.This expert turns out to be creepy Dr.Lorenz.She quickly tracks him down and upsets his little house of horrors.I'm not sure where the police were during all this but they came in to mop up after the reporter had done all the dirty work.<br /><br />It seems that Lugosi's movies always had some sort of unnecessary silly plot line that just made the whole thing stink to high heavens.I mean a world famous orchid expert kidnaps brides by sending them a doped up orchid he himself is known to have developed? D'OH!<br /><br />And then later it's revealed that the young ladies don't even have to be brides for the procedure to work so why would Lugosi keep kidnapping brides from heavily guarded churches for his experiments and create all the attention and newspaper headlines? Why not just grab a prostitute off the street like a normal weirdo pervert would do? This clunker reminded me a lot of another Lugosi stinker,""The Devil Bat""....same silly plot lines and bad acting and same silly 'reporter gets bad guy' deal.<br /><br />But Lugosi is always good--he is creepy and sinister enough to keep you interested at least enough to keep watching him.The woman playing the reporter was just a terrible actor....she had no emotion whatsoever,she just delivered her lines like a machine gun ,spewing them out as quickly as she could.Everyone else pretty much blew too,when it came to being good actors.<br /><br />But this thing is watchable ,if only for Bela Lugosi fans.Lugosi was always so intense even when the picture was a dog.He must have known he was doing terrible pictures but maybe he also knew that if he gave it everything he had a little of that intensity might shine through past all the bad plots and bad acting which surrounded him.<br /><br />And he was right----we horror fans will always have a love for Bela Lugosi.He gave it his all every time he was in front of the camera.We do give two f**ks for you,Bela.",negative
"William Shakespeare's plays are classified as comedy, tragedy, or history. Some of his most memorable --and most often read -- creations provide us with wistful humor, gentle poetry and hilarious slapstick. Some of them survive as unforgettable dramas of compelling depth and gravity. Regardless, he was able to write with unparalleled skill and inventiveness, contributing greatly to our young language. So in what category lies The Merchant of Venice ? I was very surprised to find it is one of Shakespeare's comedies. I had never before read it nor seen it, but after watching this most recent film version I have decided it is neither and it is both. This is one of many questions the viewer must try to answer when coming to terms with what is clearly a perplexing and deeply troubling moral tragedy.<br /><br />The players are introduced quickly, and simply. One of them, firstly, is Venice itself; director Michael Radford filmed the Venetian scenes in the actual city, creating an impressively vibrant, bustling backdrop to the play's proceedings. To this scenery enters the youthful Bassanio (Joseph Fiennes), returning to Venice to see a dear old friend, Antonio (Jeremy Irons). It seems the poor Bassanio has heard of a princess whose father has died and has left to any potential suitors a lottery of sorts. Waiting at the fair lady's island estate are three small trunks, <br /><br />only one of which contains ""images of the princess"". He who can guess the right one, using only blind intuition and the cryptic teasers written upon them, will be bestowed the father's huge fortune for life. Oh, and his daughter and her eternal love in marriage, I forgot to mention. Here the light comedy of Shakespeare takes over the movie. This farcical plot element drives the story and also fills up much of the film's screen time, as a number of painfully eager opportunists arrive at the island, humorously vying for and failing to earn this very wealthy hand in marriage. But before any of this occurs Bassanio, very much lacking in finances, entreats Antonio to loan him three thousand ducats to pay for the lengthy journey he must take to have his shot at the prize. <br /><br />Antonio, himself nearly penniless, must reluctantly embrace humility by seeking the financial aid of Shylock (Al Pacino), one of countless Jewish usurers who keep the sagging economy afloat yet are scorned and persecuted to no end by the city's zealously Christian majority. Thus they dwell in society's underbelly, and it is here the two borrowers must go. Shylock does not hesitate to remind the two men of a certain incident where Antonio insulted and spat on him in the city market, and he proudly rebukes this man who frankly has a lot of nerve now coming to ask for help. But help him Shylock does. He even erases any kind of interest on the loan, most likely feeling he has no reason to be concerned if Antonio will be able to repay him within three months. Still, Shylock's one contractual demand is a pound of Antonio's flesh, should he renege on their agreement. This is an unsettling request, to be sure, for Antonio and Bassanio as well as for us. But it appears that despite his justifiable pride Shylock does not really anticipate seeing such a gruesome act occurring. <br /><br />So here the dramatic groundwork has been laid. And while the film goes off to explore its gentler side with its love lottery and mistaken identities, there still looms the gloomy prospect of the loan itself. In the end, what will become of this ominous agreement? Meanwhile we are left at turns to explore the true central character of Shylock. Al Pacino has ample dramatic weight to carry here, and he does so with convincing grit and passion. There are times when he is given room for the theatrics we have come to expect from such a colorful actor. But his most impressive scenes are the ones where he internalizes this energy, showing a conflicted personality: honest, sincere, and proud, yet brooding, vengeful and entirely remorseless. This is one of Pacino's most heartfelt performances to date. And while the rest of the cast play their roles creditably and convincingly, it is Pacino who really owns the film -- especially toward the end, when Shakespeare upends this seeming romantic comedy with a wallop of a third act.<br /><br />I shall not reveal much here; all I can say is that it involves the initial loan -- a mighty shoe one expected would drop sooner or later. And does it ever. By the end Shakespeare has raised a host of dilemmas for his audience: seemingly unresolvable questions of faith, morality, law, and mercy are thrown before us through the final scenes, and while by curtain's close the playwright's position may seem clear to some, we are left completely at odds. There are winners and losers in this one, but have the winners earned their spoils with good reason, or have they in a larger sense ended out losing as well? Has virtue been rewarded, or simply flouted? Has justice in fact this time been just? By the play's finish some fates are painfully clear, and unequivocally sealed. But the audience are to be the ones who really decide the verdict for all of those involved. And for some the verdict is still out for the play as well. Comedy or tragedy? The author has cunningly veiled the intense courtroom finale with an ending of light mirth and pat romantic resolutions. Is he saying that all is well that ends well, or is this his final, ironic condemnation? The play's humor serves to set us up nicely for such a heavy crash. And while it is also what unfortunately keeps The Merchant of Venice from achieving the greatness of so many of Shakespeare's other works, it is still engaging, amusing, and thought-provoking beyond measure.",positive
"It's astonishing that some people saw this as art. We saw it as a poorly filmed (shaky hand-held camera and all), (generally) badly acted, unscripted mess that seemed more like a high school film project with the kids experimenting in black & white film making. Injecting mounds of poetry in place of a story does not an art film make. When we watched this in the theatre, people were starting to have fits of the giggles (us included) at the endless stupidity of this self-indulgent, meandering mess. And believe me, it does seem endless. Had we finished our candy and popcorn, we too would have walked out of the theatre with the other two dozen people who packed up and left looking for something more interesting to do!",negative
"""I haven't laughed this hard since granny got caught in the wringer,"" says one of the potheads in this hilarious quasi-spoof of all those Val Lewton and George A. Romero walking-dead movies we have come to love (or loath, depending on your personal taste) through the years. <br /><br />In this story, a young actor pair play a ghoulish prank on the rest of their troupe after, one spooky night, they visit a cemetery island. Their artistic director, Alan, pretends to bring the dead back to life by conducting a highly stylized ritual.<br /><br />Way too much screen time is misspent; the amateur dialog includes lame witticisms, melodrama and other kinds of unnecessary filler commentaries (And can't Alan stop that irritating laughter... way too much!). Once the action kicks in (which comes close to the end of this film), it's worth the wait. <br /><br />I saw this one on a late-night, local station television program that ran films very much like this one... only this one scared me at the age of 13... but then again, you might laugh your way through it, until the bitter end... ...which is probably the reason, nowadays, why very few people still wear striped hip-huggers.",negative
"I never heard of Mishima before I watched this film and although parts of it are a little tedious, I still find myself drawn to watch it when it is repeated on the box. At the beginning of the film, we are told about a celebrated Japanese writer behaves like a lunatic and commits seppuku in public. As the film progresses you are gently inducted into twisted logic of Mishima's mind. The stages of his life are are presented in four chapters. Each chapter itself is a blend of two contrasting narratives, the first continues the story with scenes from Mishima's life and appear in black and white. The second narrative is an adaptation of scenes from a novel and these are staged like a play and filmed in vivid colours. There is a different novel staged in each chapter. Between each chapter, the narrative returns to the present, as Mishima proceeds towards his eventual ritual suicide. This means that the drama and tension is maintained until the end.<br /><br />I suspect that many people will find this film to be boring pretentious and art-house. I respect that, this is not a film for people who want action and a strong story line. If on the other hand you are the kind of person who relishes the opportunity to penetrate the mind a bizarre man while watching his life story told in collage of beautiful pictures set to music by Philip Glass, you will love it. I loved it.<br /><br />",positive
"I am so insulted by this movie, it's not even funny... And I thought ""Mulan"" was unbelievable! However low my expectations of Disney have become, I never figured they'd do something so stereotypical yet so off. There is no respect here for any true Chinese culture, just the Hollywood tradition of random martial arts.<br /><br />I appreciate that they tried to make Wendy into a normal teenage girl... But, fortunately, most normal teenage girls--particularly Asian teenage girls--are much less obsessed with such shallow aspects of life. And from a cultural stand point, it's almost impossible. Yes, there are girls who are wrapped up in popularity and fashion, but they're pretty rare. And even the ones who are are still fairly decent scholars. Another stereotype, maybe, but a fairly true one. Because that's how Chinese parents work. That's how Chinese values work. If they wanted to go for authenticity, they would've made Wendy an ironic girl with glasses and a love-hate relationship with her family.<br /><br />This just adds to my frustration with American movies. Asian culture isn't about meditation and vague, nature-oriented phrases that sound wise. We don't walk around smiling enigmatically all the time, and we don't all know some form of martial arts. We're a PEOPLE, and I'd appreciate it if someone would write an Asian part that doesn't portray us as some sad caricature.",negative
"I just discovered this film and love it. Just the right mix of fast moving story, entertaining characters, hilarious moments (but not overloaded with stupid jokes), and fun performances by Kelsey Grammar, Harry Dean Stanton, Ron Schneider, Rip Torn and more. Buckman is especially good, and I really enjoyed watching the guy who played Stapanick.<br /><br />I also find it interesting that they used a real submarine, the Pampanito, for the running on top scenes and emulated it almost exactly for their sets. The set decoration is really impressive if you do a digital tour of the Pampanito online and then compare it to scenes in the movie. They did an excellent job on this film.<br /><br />What a light entertaining and truly enjoyable movie!",positive
"This movie isn't about football at all. It's about Jesus/GOD!! It's the same kind of sappy sanctimonious religious drivel you get from those arch idiots who wrestle for Jesus, or pump iron for Jesus. Yeah, Jesus was totally buffed, liked contact sports, and definitely owned a full set of dumb bells. DUHHH! This movie should have been entitled ""Hiking for Jesus,"" or something along those lines just to let the general public know that the real intent of this movie is to convert people to Christianity, and to pander to those whose brains have already been thoroughly washed in the blood of the lamb. That the title is derived from the Bible is made clear when the head coach is reading his Bible and asking Jesus for help. The recent sports movie ""Invincible"" was 100 times more inspiring than this was, and Jesus wasn't even a factor. It was just the desire and determination of an individual with a dream.<br /><br />Any broad appeal as an inspirational sports movie is ultimately lost amidst all of the blatant Bible thumping and sanctimonious religious propaganda. One gets the impression that the sole message is the only way you can succeed and make positive gain is if you accept Jesus as your personal savior. But this is simply not true, and is therefore a lie being perpetuated by those who believe that it is true and want everyone else to believe it. The image of the winning athlete thanking Jesus when he wins comes directly to mind. What does he do when he loses? Does he curse Jesus? Of course not! When he loses Jesus isn't responsible. Jesus is only responsible when he wins. And the logic goes round and round and round, and it ends up exactly where the true believer needs it to be, every time!! I had to hit pause when the scene with the coach receiving a brand new truck came on so I could stop rolling on the floor laughing my ass off and catch my breath. Materialism is not what Jesus taught. I find it odd that most so called ""Christians"" seem to either forget or ignore this message from their ""savior,"" especially when I see a Jesus fish on the back of a huge gas guzzling SUV that passes me like I'm standing still.<br /><br />Another message this movie implies is that Jesus apparently cares more about the win loss record of a mediocre high school football team that he does about the millions of starving children in the world. The final scene where the insecure and unsure kicker boots a 51 yard field goal and it is hyped up as an unbelievably incredible miracle puts the final gag me with a spoon religious red flag on this turkey. I only gave it three stars because the guy who played the black coach could actually act.",negative
"NOTHING (3+ outta 5 stars) Another weird premise from the director of the movie ""Cube"". This time around there are two main characters who find themselves and their home transported to a mysterious white void. There is literally NOTHING outside of their small two-story house. Intriguing to be sure, but I thought the comedic tone established for this movie from the get-go was extremely ill-conceived. There needs to be some humour, certainly... and I have no problem with the humour that was eventually derived from the plight of our two heroes (their final ""showdown"" was definitely a hoot)... but I really think the movie would have been a lot better off if it had stayed more rooted in reality in the beginning. After watching the movie I watched the ""Making of"" feature on the DVD and a short trailer at the end is almost totally devoid of the ""sillier"" comedic aspects... making it look like a completely different (and slightly better) movie. The last half hour of the movie is where things really start to come together... similar in a way to the recent movie ""Primer."" The actors are fine when they are not overdoing the comedy shtick. They are really quite believable in their more ""normal"" moments. I was probably ready to write this movie off as a failed experiment at the midway point... but it won me over by the end. (And keep watching past the credits for the final scene... just don't ask me to explain it.)",positive
"Just saw the World Preem of Fido at the Toronto International Film Festival and thoroughly enjoyed it. Here we have a welcome reworking of a genre widely thought to have been pioneered (certainly 'fleshed out' extensively and successfully) by George Romero. But this is a Canadian film by a Canadian Director and it's a Comedy! And, YES, I actually think it is better than 'Shawn of the Dead'. Thoroughly believable and, perhaps even more importantly, enjoyable performances by Dylan Baker, Carrie-Anne Moss and young actor K'Sun Ray, whom I suspect we'll be seeing a lot more of in future features. However, I must confess that I most enjoyed the delicious turn by Tim Blake Nelson as neighbour Mr. Theopolis, essentially playing a willing animated version of Victor Van Dort from the Corpse Bride (or, for those who've seen the film, wouldn't that read even better here as the Corpse Pride?) and, of course, Scotch actor Billy Connolly in his least animated, yet somehow deeply moving role as the titular character. Just think, he would not have gotten this role had it not been for Peter Stormare's commitments to Prison Break (as was revealed in the Q&A following Thursday night's screening). I can't help but speculate that the Screenwriters must have drawn a lot of inspiration from Day Of The Dead's Zombie 'Bub'.I am not keen on ever revealing plot details during a Comment and I won't start now. Suffice it to say that Fido is NOT one of those dour, graphically gory Zombie films you can rely on from Romero. Rather it is a film that will have you constantly chuckling and, although (and I did have to think back carefully to be sure) there is a fair dose of blood-letting and violence, the delectable humour, so well enhanced by the surreal milieu created by Director Currie and his co-screenwriters, goes a long way towards making this seem like a feature that ought to be rated PG-13. I urge you to go see this little Canuck gem. I'll certainly be buying the DVD once it emerges hopefully by next Summer.",positive
"My wife and I both thought this film a watered-down, made-for-TV (BBC) version of Manhattan Murder Mystery...which is itself good, but not great. The story has little inter- character tension or chemistry, and not much of a plot. Woody Allen's character just sort of wanders around running off at the mouth, and Hugh Jackman and Scarlett Johannsson don't have a lot more to do. It's pretty disappointing, I must say. Ian McShane's role is just an expanded cameo appearance. <br /><br />The first thing that occurred to me was ""I wonder how much the BBC had to pay Woody Allen to dislodge him from Manhatttan?"" He must've needed the money, and they must have needed his appeal to expand their audience beyond the youth market drawn to the two stars. I'm giving this movie 4 stars instead of 3 because it is unbothersome background noise. If you ever want something to have on while you're knitting or sorting your stamp collection, this'll do the job. I wouldn't pay to rent it again.",negative
"Annie Rooney lives with her officer father and brother Tim in the slums of New York, where she is constantly getting involved in many fights with the other neighborhood kids. Annie secretly has a crush on Joe Kelly (whose little brother Mickey is head of the gang that Annie constantly battles), who is in a gang that is headed for trouble, says Officer Rooney. Kelly sponsors a dance, where Tony plans to shoot Kelly in order to get even with him for making him look like a fool in front of his girl, but Officer Kelly gets fatally wounded instead. Tim (part of Kelly's gang) is told by Tony, and friend Spider, that Kelly shot his father, so he goes after him in vengeance. Annie learns of this and goes to stop her brother, if she is in time. Very good mix of humor and heart in this film, even though the plot doesn't start until the 40 minute mark of the film. Pickford is enjoyable (even though she was 33 playing a girl no more than 12-13) and really gets into her character. Haines doesn't play Kelly as tough as he should, but is able make the audience feel for him on an emotional level. The scenes where the officer tells Annie of her father's death and the ending really put a lump in your throat. The mix of all sorts of kids throughout the film are fun to watch. Rating, 8.",positive
"MELTDOWN is pretty interesting SCI-FI. No major budget, very few special effects; but decent acting and a storyline of global doom is enough to sustain viewing. An asteroid grazes the atmosphere and thrust the Earth into an orbit closer to the sun. Global warming rapidly becomes unbearable. A determined LAPD cop(Casper Van Dien)goes all out to save the world from certain annihilation as the rising temps are devastating. The pressure is on to save mankind from this solar catastrophe; as well as protect his daughter, nurse ex-wife and TV reporter girlfriend. The cast includes: Stefanie Von Pfetten, Venus Terzo, Amanda Crew and Vincent Gale.",negative
"This early film has its flaws-- a predictable plot and some overlong scenes of dubious relevance-- but it already clearly demonstrates Hitchcock's mastery of editing and the use of powerful images. It's also among the most expressionist of his films stylistically; note, for examples, the weird distortions he uses during the party sequence and the frequent echoes of both title and plot in the imagery.<br /><br />Its core, though, remains the final match, which is still among the more exciting examples of cinematic boxing. Even though you know that the hero has to win, it becomes quite believable that he will lose, and the movement of his wife from the champion's corner to his, motivating the final plot pay-off, is very well entwined with the progress of the match. The inserts of the stopwatch do exactly what they should; you can almost hear the ticking (even though this is a silent film, the visuals often have a surprisingly auditory feel to them). The pacing becomes astonishingly rapid, and the viewer gets sucked into the excitement and brutality of both the match and the sexual jealousy which underlies it.<br /><br />The only DVD release with which I am familiar is that of Laserlight, a public domain company. As with each Hitchcock silent they've released, they've attached various musical selections, mostly orchestral, to the action. The sound editing is frequently sloppy, and the sound quality varies widely, but some genuine care seems to have gone into most of the actual choices, and the music accompanying the final match works extremely well; it is unlikely that this sequence will ever be better accompanied than it is here.<br /><br />This is a much more impressive film than its present obscurity would suggest. It deserves an honorable place in both the Hitchcock canon and the slender list of worthwhile boxing films.",positive
"There are plenty of comments already posted saying exactly how I felt about this film so Ill keep it short.<br /><br />""The Grinch"" I thought was marvellous - Jim Carrey is a truly talented, physical comedian as well as being a versatile clever actor (in my opinion). Mike Myers on the other hand gets his laughs by being annoying. I used to like him very much in his ""Waynes World"" and ""So I Married an Axe Murderer"" days - but Ive never been fond of Austin Powers and ""the Cat In The Hat"" has just finished me off. <br /><br />This film was horrible - the gags were horrible! inappropriate for children not only in adult content but in the fact that some of them were so dated they havent amused anyone for 50 years! The plot was messy, messy, messy! Its a shame really because the children were very likeable as was ""Mom"". They probably could have picked a better villain than Alec Baldwin - but he could have pulled it off if it weren't for Myers ugly, revolting over-acted portrayal of the Cat.<br /><br />I mean - did Myers even glance at a script? Was one written? The other actors seemed to have one - but the Cat just seemed to be winging it!<br /><br />On the other hand I would like to mention that the sets and props were marvellous!!! But unfortunately they cant save this film.<br /><br />Poor Dr Seuss - the man was a genius! Dont ruin his reputation by adapting his work in a such a lazy, messy way!!!<br /><br />1/10",negative
"This film is mildly entertaining if one neglects to acknowledge its numerous incongruities of plot and sheer lack of believability. Bruce Willis as ""The Jackal"" never seems to live up to his reputation as a cunning mastermind of the underworld. Instead, he bumbles about in broad daylight, parading a mishmash of shoddy disguises. Why this man has never been captured before (or even identified) is beyond me. Not once is the audience impressed by his cleverness or daring; considering the price he demands for his services (an exorbitant $70 million), his methods are decidedly low-budget and stupid.<br /><br />As for those in pursuit of him, they are at least as ridiculous in their behavior. They show no sense of expertise, instead relying on half-baked conjecture which sends them traversing across the country at their whim. Incredibly, these far-fetched guesses (maybe he bought a boat, maybe he's in Chicago, etc etc) invariably lead them straight to the Jackal, who yet again escapes their clumsy grasp.<br /><br />Richard Gere, whose Irish accent fades in and out like a distant radio station, plays the inexplicable role of an imprisoned convict who is released from jail to work alongside the FBI. He actually makes a compatible partner, if only because his means are as amateurish and inept as his professional pals. At one point, he actually confronts the infamous Jackal, but unfortunately the FBI, although they trust him enough to leave him out of their sight, fail to equip him with a weapon or any means of communication. What kind of operation are they running here?<br /><br />The film also appears overly reliant on gruesome violence, which is entirely superfluous and provides no suspense whatsoever. The supposedly stealthy Jackal acts more like a demented and senseless serial killer, eliminating people for sport and writing on a victim's cheek with blood.<br /><br />The film's action scenes are both predictable and unrealistic, and many moments are ruined with melodrama. This movie is poorly executed on many levels, the one bright spot being the ever consistent Sidney Poitier. Avoid this movie if you are in the mood to think as you watch it.<br /><br />",negative
"Sometimes you ignore that little voice in your head that says ""stay away from this movie"". We should all pay more attention to that little voice. This may be the worst movie I've ever had the non-pleasure of sitting through, or it may be the best reason to remember that your DVD player has a fast-forward button. Made on a budget somewhere in the vicinity of $1.99, ""The Cavern"" is obviously a quick cheapie made to piggyback on the current bunch of scary cave-lots of darkness-claustrophobic spelunkers-unknown menace flicks like ""The Cave"" and ""The Descent"". A few years back there was similar rash of look-alike movies that used sea-going vessels instead of caves. All had scary boats/submarines-lots of darkness-claustrophobic adventurers-unknown menaces...same old same old. ""The Cavern"" is really ""The Blair Witch Project"" only this time we're lost under the earth and not lost on top of it. Throw in a flashlight with failing batteries, a cow skull with fangs glued on it for a monster, and one of the stupidest ""twist"" climaxes ever put on film. That being said, let me urge you to listen to me, the little voice in your head. I'm your friend. I want you to have a happy life. Stay away from this movie.",negative
"What a good movie! At last a picture revealing a unknown side of rock: illusions of fame. Well-known Rockers are getting old and forgotten, not the music. And with a good sense of humour. Have you ever danced on Bill Haley's Rock Around the Clock?<br /><br />Anyway, Still Crazy is probably the best movie about rock n'roll I have ever seen. Far much better than Spinal Tap for instance. Why? Because in Still Crazy, people are mature. They have a different point of view about rock, about love and about life. They want to catch up with their crazy youth they miss so much. Beyond the story itself, we see characters with their own personality, weaknesses and dreams. Like anyone of us.<br /><br />Spend a good time watching this (listen to the awesome soundtrack! )and finally thinking of your own future.<br /><br />Bye!",positive
"After his classic film noir homage Chinatown Roman Polanski returned to the themes that had given him his greatest hits in the 60s with this creepy psychological horror which, like Repulsion and Rosemary's Baby, deals with the paranoia and claustrophobia generated by apartment living.<br /><br />Claustrophobic environments are the ones which Polanski is best at creating, and this has to be the most suffocating and confined picture he ever created. The emphasis on side walls and distant vanishing points is greater than ever, and even in the small number of exterior scenes the sky is rarely glimpsed. But The Tenant is not just confined spatially, but also in the intensity with which it focuses on its protagonist. Trelkovsky, played by Polanski himself is not only in every scene, he is in virtually every shot. When he is not on screen more often than not the camera becomes Trelkovsky's point of view. And of course almost everywhere he looks he sees his own reflection staring back at him in a mirror.<br /><br />I can't think of any film that is more about the internalisation and solitude of one character. Some psychological thrillers, like M or Peeping Tom, manipulate us into feeling sorry for the mentally ill protagonist. Others, like Psycho, attempt in-depth scientific analysis of his mental condition. The Tenant fits into neither of these categories  it simply immerses us completely inside Trelkovsky's experience without demanding we actually understand or appreciate what is going on inside his head. We feel his paranoia and obsession even though it is constantly revealed to us that they are irrational.<br /><br />Polanski was also a master of the slowly unfolding horror film. Often in his horrors there is an ambiguity as to whether there is actually anything sinister going on, but they are among the most effective at frightening audiences. Why? Precisely because they unfold so slowly and invest so much time in painstakingly setting up situations that they immerse the viewer in paranoia. A much later Polanski horror, The Ninth Gate is a bit of a mess plot-wise but at least it still manages to achieve that creeping sense of dread.<br /><br />This is a rare chance to see Polanski himself in a major role. His talent in front of the camera was as good as behind it, and he is absolutely perfect as the meek Trelkovsky. Another standout performance is that of the all-too-often overlooked Shelley Winters as the concierge. In actual fact it is rather a stellar cast, although many of the familiar faces look out of place in this strange, Gothic European movie. Also sadly many of the French actors in supporting roles are atrociously dubbed in the English language version.<br /><br />The Tenant is more polished and less pretentious than Repulsion, but it lacks the suspense and the character that make Rosemary's Baby so engrossing and entertaining. The Tenant is good, with no major flaws, and Polanski was really on top form as a director, but it's not among his most gripping works.",positive
"During a sleepless night, I was switching through the channels & found this embarrassment of a movie. What were they thinking?<br /><br />If this is life after ""Remote Control"" for Kari (Wuhrer) Salin, no wonder she's gone nowhere.<br /><br />And why did David Keith take this role? It's pathetic!<br /><br />Anyway, I turned on the movie near the end, so I didn't get much of the plot. But this must've been the best part. This nerdy college kid brings home this dominatrix-ish girl...this scene is straight out of the comic books -- or the cheap porn movies. She calls the mother anal retentive and kisses the father ""Oh, I didn't expect tongue!"" Great lines!<br /><br />After this, I had to see how it ended..<br /><br />Well, of course, this bitch from hell has a helluva past, so the SWAT team is upstairs. And yes...they surround her! And YES YES! The kid blows her brains out!!!! AHAHHAHAHAHA!!<br /><br />This is must-see TV. <br /><br />",negative
"I recently stumbled across a TV showing of ""Passion...."" (having missed the opening scenes). Ms Currier in to be praised for having the vision and courage to bring such a strange de Balzac tale to the screen. I am grateful to the entire cast and crew for their parts in producing such a thoroughly fine motion picture. It must have been arduous shooting so many scenes in the desert. And I cannot comprehend how her trainer coaxed such a fine ""performance"" from the leopard, Simoon. (This adverture calls to mind another suspenseful adventure, ""Naked Prey""). Why isn't this film more well-known?. Hope I can find it on video.",positive
"This movie received a great write up in Blockbusters 'coming attraction' I was looking forward to the release date,08/07/02. The plot sounds reasonable, the cast alone should have guaranteed a side-splitter, but whoa there; apart from the 'off the wall betting events' this was quite a bore.<br /><br />This will never become a comedy classic, and I'm afraid it has done no help to the fine comedy reputation of John Cleese. Rowan Atkinson, now he was quite funny, in a Rowan Atkinson sort of way!",negative
"Soul Calibur is more solid than it ever was... with the new character creation, and the bad-ass chronicle of the sword mode on the home version.<br /><br />The arcade version is more complete, even though the character roster is smaller than the home version, this version is definitely the more pretty of the two, eliminating all of the ""goofy/unrealistic"" fighting styles found in the home version. If you were in any way disappointed with the home version, or perhaps thought it was ""too much,"" you might find a much more likable and straight forward game of Soul Calibur in the arcade. Think you have what it takes to become a Legend?",positive
"''The 40 Year Old Virgin'''made me laugh a lot. I don't care if it is considered to be a very sexual comedy, I just enjoyed many of the jokes and scenes present in this movie. Steve Carell is perfect as the virgin nerd Andy Stitzer and I think the scene where Andy has his chest hair removed by wax one of the coolest, specially because it is real. Many of the actors and actresses present in this movie are well known or already famous,by the way.<br /><br />Andy Stitzer has a peaceful life. He is a little bit strange and collects lots of toys, but seems harmless. One day, while playing poker with his friends of his work, they discover that Andy is in fact...virgin! And he is already 40 years old! After this surprising revelation, all his friends are trying to make Andy sleep with a woman...the problem is the confusions in which Andy gets in,specially now that he is really starting to like Trish, a woman he met when she was buying a DVD player in the store he works at.",positive
"ok we have a film that some are calling one of the best movies ever..but i'm sitting here thinking hell the f!, the storys sux{ which there is no story], the diolouge is quite plain, artisticly nothing great!, and the acting is nothing real out standing, so if you want to pretend to be arty say you like it, but if you have a real view say you don't like it or if you did explain why!",negative
"****SPOILER ALERT**** All throughout Australia the summer turned into a deluge of rain and hail stones the size of baseballs that was causing havoc in coastal cities like Sydney. It's under these hectic conditions that tax lawyer David Burton, Richard Chamberlain,got involved in a case, as a defense attorney, involving the death of a local aborigine who was found dead outside a Sydney bar. <br /><br />Having five fellow aborigines arrested for Billy Cormans,Athol Compton, death it's determined by the police coroner that Billy died of drowning not by violence even though he had bruises on his neck and shoulders. Yet the court decided to prosecute the five for his death charging them with manslaughter instead of murder.<br /><br />David defending the five gets no help from them in their defense with the accused assailants opting to remain quite and keep what happened to Billy to themselves and take what's coming to them from the court. One of the defendants Chris, David Gulpili, begin to somehow invades David's dreams as if he want's to tell him what was really behind Billy's death.<br /><br />David at first not taking his dreams of Chris seriously begins to sense that their real when he meet him at the courthouse. Chris confirms David's dreams by showing him a strange looking black rock that David saw Chris have in his dreams. Later meeting Chris and, what turns out to be an aborigine shaman, Charlie (Nandjiwarna Amagula) who came to his house that evening David is told that he, like Charlie, has spiritual powers that he inherited from his mother's grandfather. Those powers will reveal to him the future that has to do with the strange weather conditions that are flooding the Australian continent. The earth,Chris tells David, is going through a gigantic cleansing cycle with the old world about to be washed away and the new world ready to take it's place.<br /><br />David is confused about what both Chris and Charlie are telling him but as the rains continue to increase and the ocean waves start to rise he feels that something terrible is going to happen. David want's to know if it's all aborigine folklore or there's some scientific facts, or logic, behind their end of world-like revelations.<br /><br />By now it's obvious that both Chris and Charlie are members of an aborigine tribe right in the heart of modern Sydney. That alone can get Chris off, as well as his four friends, for the murder of Billy. Since the Australian government will not prosecute tribal aborigines, leaving any justice to be done by the tribes themselves. Still Chris refuses to admit he's a member of a native tribe and he and his four friends are convicted of manslaughter in Billy's death with the sentences to be handed down by the judge within days.<br /><br />David now determined to find out what was the reason for Chris' silence, and why Billy had to die, is taken by Chris to the scene of the crime. It's there that David finds out that Billy betrayed Chris' tribe members by going there with Billy not being a member of Chris's aborigine tribe. It's also revealed to David that he himself has some kind of spiritual connection with the Austrailan aborigines as both Charlie and his step-father Rev. Burton,David Parslow, told him. <br /><br />The stage is now set for the great and final cleansing cycle that David's been seeing in both his night-time dreams and day-time visions. It comes in the form of a massive tidal wave rolling out of the Pacific Ocean into the Australian coast city of Sydney and then submerges the entire continent.",positive
"Getting lost in space frozen for 15 years, that's unlikely. Falling into a star... improbable. Falling into it the day it goes supernova and explodes... ludicrous. Getting rescued by a ship just then... priceless.<br /><br />No, it's not Zaphod Beeblebrox's Heart of Gold to the rescue. It's also not the Parent of the Year awardees. After sentencing her daughter to two years' solitary confinement on an abandoned spaceship, the mother encourages her to get drunk and wander off alone with the strange man they've picked up. This foreshadows their prowess in hand to hand combat, which makes up most of the film's action. Combat highlights include for example the psycho talking close up face to face with one woman while blindly pointing the gun behind him at the other about six inches away, who obligingly simpers in the line of fire.<br /><br />In the end, the family of three abandons the metropolis-sized ship they were planning to use to observe the supernova until the last instant because it is too slow to escape the blast wave, instead using the psycho's fighter ship which they've refueled in one minute with 1600 pounds of gas propellant from a 0.7-kiloton missile. You have to love those hard sci-fi statistics! <br /><br />As long as Hollywood treats writing as an irrelevant frill, they'll continue making movies not fit to run at 3 am on the Sci fi channel.",negative
